CellID,Lat,Lon,schools,offices,apartments,tourist_places,bakeries,supermarkets,RawScore,Score_0_1000,Rank
1,12.854521858664786,80.13449155587494,2.4158269052095416,0.9604105895191112,0.8199498879978622,1.2408174588093512,0,0,5.437004841535867,12.378150275382513,516
2,12.854521858664786,80.14347466762486,1.2495629281723404,0,2.205443506626945,1.7554194950267168,0,-0.577290696,4.633135233786515,10.847611858335311,527
3,12.854521858664786,80.15245777937477,0,0,2.856109758,1.2479803668202016,0,-1.079583834,3.024506291748269,7.784841017356822,548
4,12.854521858664786,80.16144089112467,0,0,4.772619919322105,0.90659267,0,-0.780135674,4.899076915188507,11.353955121168045,522
5,12.854521858664786,80.17042400287458,0,0,7.666392646269256,0,0,0,7.666392646269256,16.62282335,492
6,12.854521858664786,80.17940711,0,0,8.833769864642418,0,0,0,8.833769864642418,18.845467003654473,479
7,12.854521858664786,80.18839022637441,0,0,6.244735174703597,1.0702895131751138,0,0,7.315024687878711,15.95383157,495
8,12.854521858664786,80.19737333812432,0,0,22.808984386552634,5.8452630161045365,0,0,28.65424740265717,56.582933408294984,394
9,12.854521858664786,80.20635644987422,0,0,47.728865609055426,8.039630613163249,0,0,55.76849622221867,108.20747433838972,318
10,12.854521858664786,80.21533956162413,0,1.1754389252364652,48.39357418089438,6.375603642772417,0,0,55.944616748903265,108.54280139830439,317
11,12.854521858664786,80.22432267337405,0,2.5022127402547367,37.707054521407855,5.753921415125912,0,0,45.963188676788505,89.53852636,339
12,12.854521858664786,80.23330578512396,0,1.4246017617265607,38.26992925707664,7.480170408,0,0,47.174701426767726,91.84520245267471,337
13,12.854521858664786,80.24228889687387,0,0,26.692414600150983,5.355283007528692,0,-0.385519752,31.662177855909622,62.30992329586955,387
14,12.854521858664786,80.25127200862377,0,0,8.179345516327842,2.0189871716824577,0,-0.276627051,9.921705637,20.916857039407674,475
15,12.854521858664786,80.26025512037369,0,0,0,0,0,0,0,2.026291337786069,632
16,12.854521858664786,80.26923823,0,0,0,0,0,0,0,2.026291337786069,632
17,12.854521858664786,80.27822134387351,0,0,0,0,0,0,0,2.026291337786069,632
18,12.863565575994357,80.13449155587494,2.752211058654633,0,0,1.8975710907568368,0,0,4.649782149,10.879306978593274,526
19,12.863565575994357,80.14347466762486,1.423587954758275,0,0.7476736102456395,1.4534674711627842,0,0,3.624729036166699,8.927643233365405,539
20,12.863565575994357,80.15245777937477,0,0,2.524889603,0.43024312145859633,0,0,2.9551327244560666,7.652756275198699,550
21,12.863565575994357,80.16144089112467,0,0,6.021151404,0,0,0,6.021151404,13.490344026559976,507
22,12.863565575994357,80.17042400287458,0,0,9.914587146534513,0,0,0,9.914587146534513,20.903303692338167,476
23,12.863565575994357,80.17940711,0,0,10.06519543046431,0,0,0,10.06519543046431,21.19005637244693,474
24,12.863565575994357,80.18839022637441,0,0,5.700469763841127,0.5944965674674273,0,0,6.294966331308554,14.011677663139643,503
25,12.863565575994357,80.19737333812432,0,0,29.457953160721154,2.399368326837532,0,0,31.857321487558686,62.681469653888016,385
26,12.863565575994357,80.20635644987422,0,0.44417292961962085,67.04158862822588,4.534731765856764,0,0,72.02049332370227,139.1506841298417,281
27,12.863565575994357,80.21533956162413,0,0.6674609573880641,54.10692884,4.301296643382634,0,0,59.07568644,114.50424390279667,307
28,12.863565575994357,80.22432267337405,0,0.38763359887173565,21.70560717577912,5.062510097772627,0,0,27.155750872423486,53.72985066300266,398
29,12.863565575994357,80.23330578512396,0,0,15.423461978157803,6.042741885593065,0,-0.768757945,20.697445919160096,41.43347355819997,422
30,12.863565575994357,80.24228889687387,0,0,11.161081195205012,6.146009217398122,0,-1.427358573,15.879731839393946,32.26072164626249,444
31,12.863565575994357,80.25127200862377,0,0,3.6132795215959446,3.1398288197041127,0,-1.024203517,5.7289048238245535,12.933917196437122,510
32,12.863565575994357,80.26025512037369,0,0,0.8091719481935185,0,0,-0.284020143,0.525151805,3.0261612223539607,612
33,12.863565575994357,80.26923823,0,0,0,0,0,0,0,2.026291337786069,632
34,12.863565575994357,80.27822134387351,0,0,0,0,0,0,0,2.026291337786069,632
35,12.872609293323928,80.13449155587494,1.1523072918886996,0,0,1.4677618391492209,0,0,2.6200691310379205,7.014807412675888,563
36,12.872609293323928,80.14347466762486,0.5960478622995518,0,0,1.891305921190292,0,0,2.487353783489844,6.762122230905168,569
37,12.872609293323928,80.15245777937477,0,0,1.167050269994287,1.8505814041240884,0,0,3.0176316741183755,7.771751996098112,549
38,12.872609293323928,80.16144089112467,0,0,3.345749742290838,1.2436710522116676,0,0,4.589420794502506,10.764381160148854,528
39,12.872609293323928,80.17042400287458,0,0,5.645530764876284,0.31213939771016147,0,0,5.957670162586446,13.369478058657286,508
40,12.872609293323928,80.17940711,0,0,5.969957466452876,0,-0.552289774,-0.553019876,4.864647816375355,11.288403372613477,523
41,12.872609293323928,80.18839022637441,0,0,5.440919543156055,0,-1.37025996,-0.59522448,3.475435103244376,8.643393029642155,541
42,12.872609293323928,80.19737333812432,0,0.3515283066107603,155.37326582098683,1.3825513472292963,-0.640779622,0,156.46656585313917,299.9329265844629,134
43,12.872609293323928,80.20635644987422,0,1.3667566044741175,279.72622852224777,5.100738243,0,0,286.19372337003455,546.9287035113236,36
44,12.872609293323928,80.21533956162413,0,2.0538022384088532,194.27307150194383,7.9239708389033074,0,0,204.25084457925598,390.9124506467993,88
45,12.872609293323928,80.22432267337405,0,1.1927862576771369,29.503151436890242,7.244110388282327,0,0,37.94004808284971,74.26275926197887,364
46,12.872609293323928,80.23330578512396,0,0,10.169802984779786,6.199904645897614,0,-1.046060265,15.323647365966321,31.201957088553495,448
47,12.872609293323928,80.24228889687387,0,0,9.027931320487598,5.430103442088667,0,-1.942184783,12.515849979407138,25.856013261363163,463
48,12.872609293323928,80.25127200862377,0,0,6.125360361565144,2.9981825887438145,0,-1.393634494,7.729908456073972,16.743755138169156,490
49,12.872609293323928,80.26025512037369,0,0,2.2753613478258234,0,0,-0.386484184,1.8888771642511513,5.622644573559827,584
50,12.872609293323928,80.26923823,0,0,0,0,0,0,0,2.026291337786069,632
51,12.872609293323928,80.27822134387351,0,0,0,0,0,0,0,2.026291337786069,632
52,12.88165301,80.13449155587494,0,0,2.5458004578282285,0.7068373771605339,0,-0.328381676,2.9242561587549343,7.593968420133029,553
53,12.88165301,80.14347466762486,0,0,0,2.5449057287906065,0,-0.443623157,2.101282571957411,6.027056723676056,580
54,12.88165301,80.15245777937477,0,0,0,4.241726821903172,0,0,4.241726821903172,10.102384516279011,534
55,12.88165301,80.16144089112467,0,0,0.45113301184979754,3.173581232580101,0,0,3.6247142444298985,8.927615070437975,540
56,12.88165301,80.17042400287458,0,0,1.915360545643102,1.2860405379284385,-0.571507294,-1.110138041,1.5197557482329267,4.919850859,592
57,12.88165301,80.17940711,0,0.9533564467273046,2.5716901863783006,1.5495167248425479,-3.131959719,-3.006852667,-1.064249028,0,646
58,12.88165301,80.18839022637441,0,1.1281040659594852,34.546673267169595,1.5572917659280243,-4.392406249,-3.154876243,29.684786606681236,58.54504247029584,390
59,12.88165301,80.19737333812432,0,0.9135116141286013,306.49761146490107,1.732665234623462,-2.504814226,-1.012770034,305.62620405364834,583.9274380549392,24
60,12.88165301,80.20635644987422,0,1.5456125296856258,515.0789197368566,4.901954604002792,-0.455407364,0,521.0710795065046,994.1266239151437,2
61,12.88165301,80.21533956162413,0,2.3225321248884705,353.3230982245284,8.935275818454171,0,0,364.58090616787103,696.1750408770206,15
62,12.88165301,80.22432267337405,0,1.3488827336189453,86.75334101370221,8.250066852,0,0,96.35229059918007,185.4775387924886,232
63,12.88165301,80.23330578512396,0,0,13.701590905680916,5.637467298679771,0,-0.523111064,18.815947140451165,37.851168499418215,432
64,12.88165301,80.24228889687387,0,0,9.291741108636323,4.201727735684635,0,-0.97122111,12.522247734127784,25.868194353033257,462
65,12.88165301,80.25127200862377,0,0,5.491930928846002,2.063225402324635,0,-0.696917902,6.858238428781748,15.084127194907845,497
66,12.88165301,80.26025512037369,0,0,2.201718938504641,0,0,0,2.201718938504641,6.218283902794763,577
67,12.88165301,80.26923823,0,0,0,0,0,0,0,2.026291337786069,632
68,12.88165301,80.27822134387351,0,0,0,0,0,0,0,2.026291337786069,632
69,12.89069672798307,80.13449155587494,0.9557179345335373,0,34.26584996866883,1.044665116085774,0,-1.42444451,34.84178850898232,68.36378602,375
70,12.89069672798307,80.14347466762486,0,0,0.5460102420134716,3.659184648819422,0,-1.512559648,2.6926352430919867,7.152970643632533,561
71,12.89069672798307,80.15245777937477,0,0,0,5.576176691311979,0,-0.789842392,4.786334299540208,11.139297292554238,525
72,12.89069672798307,80.16144089112467,0,0,2.258806493,3.947697846679015,0,0,6.206504339749755,13.843249257308603,505
73,12.89069672798307,80.17042400287458,0,0.6409195671086022,5.0049562294078465,2.2565395521419562,-0.896831056,-1.904121849,5.101462444108426,11.739289787487383,520
74,12.89069672798307,80.17940711,0,1.9620267038317063,6.189683932,3.3989786473284194,-4.065288057,-5.108524703,2.3768765232618962,6.551777556397065,571
75,12.89069672798307,80.18839022637441,0,2.321646789492752,31.737500940946486,3.4121960812035974,-5.42091945,-5.311564938,26.738859423656848,52.93610454805468,402
76,12.89069672798307,80.19737333812432,0.43932005823238346,1.0618843787100738,256.65997382702244,3.0441037580422066,-2.945131363,-2.140116532,256.1200341268661,489.66949594172934,51
77,12.89069672798307,80.20635644987422,1.163192914728094,1.975007995608624,430.63266392138576,4.544091627992723,-0.459584917,0,437.85537154250324,835.6869507232727,6
78,12.89069672798307,80.21533956162413,0.7364017976726693,4.044716919,309.4561429570965,10.016912740074613,0,0,324.2541744140806,619.3944142826906,20
79,12.89069672798307,80.22432267337405,0,3.9675552981518964,89.80866890234786,15.694712837480228,0,0,109.47093703797998,210.45496319152528,200
80,12.89069672798307,80.23330578512396,0,1.2325501737714268,39.184610549140466,11.218192865211021,0,0,51.63535358812292,100.33812149355414,327
81,12.89069672798307,80.24228889687387,0,0,11.509768050027166,5.841887788335606,0,0,17.351655838362774,35.06321126109313,437
82,12.89069672798307,80.25127200862377,0,0,5.275531929347726,2.846113745938717,0,0,8.121645675286443,17.489608517388923,485
83,12.89069672798307,80.26025512037369,0,0,0.9809445810667877,0.5088718416187243,0,0,1.4898164226855122,4.862847474859217,594
84,12.89069672798307,80.26923823,0,0,0,0,0,0,0,2.026291337786069,632
85,12.89069672798307,80.27822134387351,0,0,0,0,0,0,0,2.026291337786069,632
86,12.899740445312641,80.13449155587494,0.9970088268085817,0,20.771851292272892,1.4747512657820432,-1.687602339,-2.545704867,19.01030417872732,38.22121721234072,431
87,12.899740445312641,80.14347466762486,0,0,5.204279914059013,4.184651962397867,-2.28290233,-3.66164407,3.4443854760623807,8.584275671828257,542
88,12.899740445312641,80.15245777937477,0,0,3.930668610298785,5.495873501731031,-1.204101146,-2.483428906,5.7390120602241925,12.95316100594391,509
89,12.899740445312641,80.16144089112467,0,0,8.140348865635831,3.865487103907707,0,-0.281829068,11.724006901645621,24.348372918820466,467
90,12.899740445312641,80.17042400287458,0,0.48477433235415734,12.683667926524329,2.1688401444207726,-0.517211841,-1.250380694,13.569689868209613,27.862485977435618,457
91,12.899740445312641,80.17940711,0.5451762301991161,1.4839646458291686,13.632668537447126,4.152336253935678,-2.443567614,-3.318537056,14.052040997689737,28.780864937230334,454
92,12.899740445312641,80.18839022637441,2.4833267094517484,1.7559500748925096,10.336312820990567,6.227245064061998,-4.511330775,-3.414305391,12.877198503038908,26.544007672434564,460
93,12.899740445312641,80.19737333812432,4.387480533234465,0.8031662403406126,74.73045936262449,6.637420922604171,-3.101904235,-1.361733512,82.09488931201376,158.3319666911109,254
94,12.899740445312641,80.20635644987422,3.965082552566874,3.4184582582273695,146.84165514474967,7.16630136,0,0,161.39149731550276,309.3098164827836,130
95,12.899740445312641,80.21533956162413,2.8833593816390026,17.99793823989106,133.52993235441724,18.80656710587326,0,0,173.21779708182055,331.82665994766245,120
96,12.899740445312641,80.22432267337405,0.8620321836290612,22.93081010381688,90.53746612457095,27.731611691151844,0,0,142.06192010316875,272.5070063957254,156
97,12.899740445312641,80.23330578512396,0.5950979495811967,12.648744038638766,66.46864118825346,21.38973623681504,0,0,101.10221941328847,194.5212300306566,218
98,12.899740445312641,80.24228889687387,0.5168836429628593,1.8605092969126638,22.349989789725363,7.5553614040648895,0,0,32.28274413366577,63.49145885745025,382
99,12.899740445312641,80.25127200862377,0,0,5.588723606786222,2.846678266082735,0,0,8.435401872868958,18.086988875294463,482
100,12.899740445312641,80.26025512037369,0,0,0.999140797,0.561621218,0,0,1.560762015235733,4.997925295778836,591
101,12.899740445312641,80.26923823,0,0,0,0,0,0,0,2.026291337786069,632
102,12.899740445312641,80.27822134387351,0,0,0,0,0,0,0,2.026291337786069,632
103,12.908784162642213,80.13449155587494,2.0456875909853283,2.2996501085637022,21.351600978873286,7.622469985618455,-4.048517983,-4.421954177,24.848936503674032,49.33776023150522,409
104,12.908784162642213,80.14347466762486,1.3948613282391178,2.049856462247396,17.530573531584235,10.283984888922603,-5.483531029,-6.206971232,19.56877395,39.28452329064303,429
105,12.908784162642213,80.15245777937477,1.1741059551274162,0.9392358616431937,14.342701259257309,9.082828265773927,-2.895990186,-4.963650225,17.679230930921467,35.68690229107568,435
106,12.908784162642213,80.16144089112467,0.6960423332284069,0,15.394434292693319,5.164272261585512,0,-2.443416919,18.811331968953763,37.84238138119662,433
107,12.908784162642213,80.17042400287458,0,0,16.95244397330223,4.437991607085452,0,-1.100938844,20.289496736310237,40.65675319144441,427
108,12.908784162642213,80.17940711,2.5532157533295377,0.41248706015811104,20.23195813130362,5.823680898172036,-2.112284443,-0.854240483,26.054816917510692,51.63371256251717,404
109,12.908784162642213,80.18839022637441,7.225801568068787,0.4880859577825759,21.34366659597505,8.438457808430515,-5.005545925,-0.431747623,32.058718382097894,63.064921996400734,384
110,12.908784162642213,80.19737333812432,11.467479503954968,0,21.161037713894043,9.332879866260123,-4.58567321,0,37.37572387394299,73.18830654841041,365
111,12.908784162642213,80.20635644987422,8.521179193047598,8.607694153366012,14.293893944378292,9.446693109446727,-1.624079769,0,39.24538063148169,76.74806483074757,356
112,12.908784162642213,80.21533956162413,3.4555165735706046,28.776250539753395,45.46638111713232,20.05909131716274,0,0,97.75723954761906,188.15251035360578,226
113,12.908784162642213,80.22432267337405,2.642101001606007,37.77441933535452,77.37790281370441,28.201155852242795,0,0,145.99557900290773,279.99654948526506,147
114,12.908784162642213,80.23330578512396,5.707285072793499,23.229328829197918,60.66310000801923,19.467219970063237,0,0,109.06693388007389,209.68575591235614,202
115,12.908784162642213,80.24228889687387,6.663684533432139,5.667563935328214,22.924558734274807,7.239269183,0,0,42.49507638630456,82.93536703563755,350
116,12.908784162642213,80.25127200862377,3.854313798485353,0.5457684974816336,4.153305798020335,3.247794573455325,0,0,11.801182667442646,24.495312762395464,466
117,12.908784162642213,80.26025512037369,0.5134813688962876,0,1.1191065412530556,1.7143340480586158,0,0,3.3469219582079592,8.398708688204627,545
118,12.908784162642213,80.26923823,0,0,0,0,0,0,0,2.026291337786069,632
119,12.908784162642213,80.27822134387351,0,0,0,0,0,0,0,2.026291337786069,632
120,12.917827879971783,80.13449155587494,6.770012917614032,8.577094836699805,53.99397203532254,22.517655195024822,-3.570026759,-7.655779159,80.63292906711276,155.54844770065986,257
121,12.917827879971783,80.14347466762486,6.505268509142194,7.4989609284864045,38.88218070728196,23.18203068207518,-4.841536529,-8.813526878,62.41337742008768,120.85908580872191,296
122,12.917827879971783,80.15245777937477,4.594958424922482,3.9232363158291306,24.25938240877722,19.412990573043437,-2.560237368,-8.050422565,41.57990779,81.19291940181498,352
123,12.917827879971783,80.16144089112467,2.257240009896649,1.6338672870187532,18.14657115501137,12.168776022017266,0,-5.029089713,29.177364760524583,57.578929780246334,392
124,12.917827879971783,80.17042400287458,1.5673056263351197,0.8323188265011052,16.429684451251873,9.058241439913225,0,-3.027486922,24.860063422150972,49.35894547850068,408
125,12.917827879971783,80.17940711,3.652070343620221,0,34.251482606515886,7.753717024441751,-2.012715429,-0.937929016,42.70662552966817,83.33814888967227,349
126,12.917827879971783,80.18839022637441,13.08773385410408,0,63.61891918606132,7.862088636429766,-4.769456358,-0.592108046,79.20717727272944,152.83386827951816,263
127,12.917827879971783,80.19737333812432,18.742070673753624,0,65.90465713904089,8.737635848123118,-4.844379491,-1.422391665,87.11759250552993,167.89501039993476,246
128,12.917827879971783,80.20635644987422,13.388021475767783,5.430133621556765,33.06930106788941,8.229387812083385,-2.152646632,-1.143647779,56.82054956594332,110.21054553778701,313
129,12.917827879971783,80.21533956162413,5.042874713484288,19.61555580048995,26.582158236693648,10.47172396266835,0,-0.374334967,61.337977745843794,118.81156404742711,300
130,12.917827879971783,80.22432267337405,5.069801090778032,27.690870388991332,34.3956651,15.028187680759627,0,0,82.18452425626569,158.50262835609354,253
131,12.917827879971783,80.23330578512396,12.761451401209012,18.439434945618995,31.94919595465536,11.723042711722261,0,0,74.87312501320562,144.58199083478743,274
132,12.917827879971783,80.24228889687387,14.397951765109363,6.305141672294468,13.941848536523052,6.319172895025049,0,0,40.96411486895193,80.02047213882777,353
133,12.917827879971783,80.25127200862377,8.058337281776751,1.342405467161165,6.7934275922926854,8.937247843459092,0,0,25.131418184689693,49.875595050409515,407
134,12.917827879971783,80.26025512037369,1.2849122256224361,0,3.2521015370959887,6.640231969,0,0,11.177245731863605,23.307359591243628,468
135,12.917827879971783,80.26923823,0,0,0.963678794,1.9829303066017356,0,0,2.946609100410136,7.636527605861032,551
136,12.917827879971783,80.27822134387351,0,0,0,0,0,0,0,2.026291337786069,632
137,12.926871597301355,80.13449155587494,8.551376497809112,10.635311882624807,64.84635294458464,30.892685659987873,-1.157165777,-7.986405199,105.78215600956769,203.43165863860546,210
138,12.926871597301355,80.14347466762486,9.395514418920708,8.702457837217626,41.46980591461165,33.342715609578235,-1.571285536,-8.708709222,82.63049902284624,159.3517480475274,252
139,12.926871597301355,80.15245777937477,8.741664968370374,5.456509371067418,20.57190070204617,25.40799657564195,-0.470333578,-7.176411448,52.531326591101944,102.04402141622434,325
140,12.926871597301355,80.16144089112467,5.9380883924187495,2.841209210411051,13.286383873194687,14.620318556456782,0,-4.899611371,31.786388661506052,62.54641613991424,386
141,12.926871597301355,80.17042400287458,2.7587176339819983,1.6069936034966767,13.28173189801879,9.902634704161068,0,-3.05000504,24.500072800022203,48.673536462370045,410
142,12.926871597301355,80.17940711,1.7925857013764672,0.4048256937853274,54.869823265705236,7.300698472979058,0,-2.166558491,62.20137464321038,120.45544025302058,297
143,12.926871597301355,80.18839022637441,12.371071164502446,0,109.20662736133119,5.204186418556308,-2.185598582,-2.571673099,122.02461326332316,234.35670490788928,184
144,12.926871597301355,80.19737333812432,19.620987678951302,0,115.34061783149231,5.533437013901563,-3.227932994,-3.986871346,133.2802381839789,255.7870042784172,169
145,12.926871597301355,80.20635644987422,14.221535040378544,0,80.64657429580484,7.9876399918388525,-2.162776132,-3.543221052,97.14975214374319,186.99587649092317,229
146,12.926871597301355,80.21533956162413,6.1425111207011405,3.8123273788794005,38.60765171086493,7.448858010594412,-1.065332123,-1.354313886,53.59170221143264,104.06293792677668,323
147,12.926871597301355,80.22432267337405,6.346040060805509,10.512763906637897,16.537329817892854,9.082878046,0,0,42.47901183085402,82.90478070791374,351
148,12.926871597301355,80.23330578512396,13.329964835528749,8.041665823951403,18.965324596466495,10.055435993746308,-0.48614924,-0.427063894,49.47917811584233,96.23284202732346,331
149,12.926871597301355,80.24228889687387,14.917842204918776,5.832398176805674,17.033935613038953,12.560407846252186,-0.523293431,-0.555936232,49.26535417806866,95.82572904769087,333
150,12.926871597301355,80.25127200862377,8.075838293553101,1.9791081954015342,16.096547266956108,13.193700277214898,0,-0.753550896,38.591643137056856,75.50337248234203,360
151,12.926871597301355,80.26025512037369,2.118722809586406,0,9.783868207987915,9.104220200207292,0,-0.372167995,20.63464322251787,41.31389951412805,424
152,12.926871597301355,80.26923823,0,0,1.302421707256752,2.3776313533465965,0,0,3.6800530606033486,9.032978158295611,538
153,12.926871597301355,80.27822134387351,0,0,0,0,0,0,0,2.026291337786069,632
154,12.935915314630925,80.13449155587494,14.961083474432678,8.832171540169115,55.364123519423984,29.986381385576976,-2.371043239,-5.264716892,101.50799978844411,195.29382106665605,217
155,12.935915314630925,80.14347466762486,18.152338912502415,7.373010394353351,36.796438274358316,36.01452017267294,-2.657681963,-5.582661256,90.09596453422763,173.56572212511546,243
156,12.935915314630925,80.15245777937477,15.366821172204403,4.342584437097746,18.512768191183447,27.353805111517982,-0.477799153,-4.180705214,60.917474545043156,118.01094128832243,304
157,12.935915314630925,80.16144089112467,7.9592370440197655,1.7500569419855336,8.519957136,13.581627323293006,0,-2.346774554,29.46410389116209,58.12487062796682,391
158,12.935915314630925,80.17042400287458,3.084363973768895,1.1402634223308281,10.146801412657545,8.144977791637775,0,-2.097614947,20.418791652959726,40.902925997523006,426
159,12.935915314630925,80.17940711,1.7992413596275898,0.40152857316649226,55.27694379610866,4.9947446821896655,-1.791690941,-3.312698774,57.36806869595662,111.25300199400239,310
160,12.935915314630925,80.18839022637441,8.238092428568429,0.9955355416294063,99.45756030190446,5.22960839,-2.719761548,-5.688983182,105.51205193216819,202.91739032559082,211
161,12.935915314630925,80.19737333812432,12.995435279010676,3.449386262143853,122.00237810701103,6.489620897036096,-3.131039018,-6.574413145,135.23136838261996,259.501885,166
162,12.935915314630925,80.20635644987422,9.693577109440911,5.940571280187079,114.70412333779498,10.026103176917644,-2.840952703,-5.264362311,132.2590598899995,253.84271804776088,172
163,12.935915314630925,80.21533956162413,2.6451387518094656,4.449472646991546,76.94733451752171,9.772194814294537,-1.399421471,-1.719652413,90.69506684687212,174.70639107988717,242
164,12.935915314630925,80.22432267337405,6.102052481306378,6.618630680359293,39.50121886423241,10.727488291416945,-0.655898377,-0.375683338,61.91780860308854,119.91554085392332,298
165,12.935915314630925,80.23330578512396,14.636417525103713,10.66605475064772,47.18175099548374,14.248780843132128,-1.825844812,-1.264754541,83.64240476,161.2783796715293,251
166,12.935915314630925,80.24228889687387,16.461320306275567,7.887137336,63.62092077540861,14.421735839179977,-2.815003919,-2.405590565,97.17051977,187.03541729983965,228
167,12.935915314630925,80.25127200862377,9.241948318812106,1.9465469338694266,62.102607374504515,11.457012308186735,-2.556978002,-2.371210248,79.81992668469891,154.0005208137122,261
168,12.935915314630925,80.26025512037369,2.7409502233555045,0.37403695594175257,42.106881546004445,7.432477058581165,-1.376214902,-1.211821817,50.066309065440414,97.35071794343528,329
169,12.935915314630925,80.26923823,1.0195608739686903,0,15.044288119587586,1.8452189400843513,-0.42114505,-0.368128282,17.11979460180979,34.62175592238219,438
170,12.935915314630925,80.27822134387351,0,0,0,0,0,0,0,2.026291337786069,632
171,12.944959031960497,80.13449155587494,27.840584990409198,10.916505945653057,47.97770921983377,24.66593209104136,-5.951882827,-5.404761544,100.04408787529317,192.50658617103204,222
172,12.944959031960497,80.14347466762486,33.63355290048497,11.88289255728585,50.265495861587745,34.74436559774822,-7.082906912,-7.901892265,115.5415077,222.0131084225152,194
173,12.944959031960497,80.15245777937477,20.295214987146824,5.603794643,31.04647567993171,26.203297082537247,-3.399220128,-4.57070612,75.17885614464078,145.1640917594124,273
174,12.944959031960497,80.16144089112467,6.437024050639124,0.9400010665717171,17.594560350284095,12.274168717114355,0,-0.31131861,36.934435574549944,72.34810971959203,367
175,12.944959031960497,80.17042400287458,1.8846040844992817,1.4983603299953923,28.425320101932584,7.069967150662404,-2.17374801,-1.640077343,35.064426314224534,68.78768028,373
176,12.944959031960497,80.17940711,3.491917067103926,2.7863670738634783,45.32042952755924,11.168014955472367,-7.003403483,-5.983187358,49.78013778,96.80585826,330
177,12.944959031960497,80.18839022637441,7.982388354266002,3.7088768594685657,62.784466561453996,15.729241693942203,-7.669444008,-9.976877835,72.55865162585292,140.1753179111841,280
178,12.944959031960497,80.19737333812432,8.027042885,8.690595823623328,85.60035027,14.819910424724958,-4.043967913,-9.445748273,103.64818321901483,199.36865226868068,215
179,12.944959031960497,80.20635644987422,3.5714298074129696,13.844391625177925,105.36225814915406,11.088872051458404,-1.371457438,-4.926791141,127.56870305435011,244.91244968406411,177
180,12.944959031960497,80.21533956162413,0,12.724475167227789,88.60736437927899,7.089028913771669,-0.675581803,-1.488308535,106.25697812146815,204.33570262350227,209
181,12.944959031960497,80.22432267337405,5.544654508802294,10.34005138,69.18357001648988,8.645059217313639,-0.90534278,-0.773003253,92.03498908662158,177.25755415910126,237
182,12.944959031960497,80.23330578512396,16.067115234843683,11.766139537306897,116.87352109569679,14.740239132260026,-2.520138008,-2.527566454,154.39931053808834,295.99694785479204,136
183,12.944959031960497,80.24228889687387,21.126150836349908,10.196456457306757,155.81784436117843,14.791963092001456,-4.134206672,-4.029953626,193.76825444947104,370.9539813264886,98
184,12.944959031960497,80.25127200862377,13.40212489186886,4.612370911049238,133.2672829809755,8.823585894951654,-4.038417074,-3.736888248,152.33005935658795,292.0571691,141
185,12.944959031960497,80.26025512037369,5.117745996346609,1.291755784629557,85.59886911332143,5.250823071602431,-2.302447856,-1.796321719,93.16042439046045,179.40034193440883,235
186,12.944959031960497,80.26923823,1.9630720309027734,0,32.027519684833976,2.028944881946493,-0.704618079,-0.440538375,34.87438014401946,68.42583930747723,374
187,12.944959031960497,80.27822134387351,0,0,0.4365805893420427,0.3730692431149068,0,0,0.8096498324569494,3.5678350918790542,605
188,12.954002749290067,80.13449155587494,29.634451519086518,12.08661728,64.46571775765103,14.035203995408263,-5.972326233,-7.91866447,106.33099984814929,204.47663729162443,208
189,12.954002749290067,80.14347466762486,29.594762021610407,16.019102859850072,49.68910953592223,21.725411720490854,-7.984672064,-12.37507501,96.66863906649871,186.07985473743494,231
190,12.954002749290067,80.15245777937477,15.566747254887108,9.409121049494495,47.32115767985377,17.829890594185215,-4.413360196,-8.231807678,77.48174870466032,149.54871521011148,268
191,12.954002749290067,80.16144089112467,3.044324179146235,1.1954295856028145,36.9744107,7.543718949827953,0,-2.138959307,46.6189241,90.78702269865694,338
192,12.954002749290067,80.17042400287458,1.3449121739993908,3.534198585712004,38.54273086857184,7.223643517,-3.469054859,-2.192696987,44.98373329974019,87.67367904064993,343
193,12.954002749290067,80.17940711,7.850828388380007,5.413635512631685,41.750055149983474,19.59209330225604,-9.276616332,-7.356936675,57.97305934601919,112.40488212847792,309
194,12.954002749290067,80.18839022637441,15.548053668743197,6.4216666086616945,44.04241252078945,33.562706177683765,-9.899716006,-12.47126345,77.20385951772187,149.01962433244773,269
195,12.954002749290067,80.19737333812432,12.460892274397391,10.429738939521338,49.913598527739396,31.513872867955293,-5.567867524,-10.9023545,87.84788059047784,169.28545228099307,245
196,12.954002749290067,80.20635644987422,3.7245006606096087,16.003398631639406,68.20795513249757,17.86762558661389,-1.847031608,-5.853602676,98.10284572689295,188.81053191512316,225
197,12.954002749290067,80.21533956162413,1.6120565311799662,15.387845558444393,59.80925651974607,7.642712382063551,-0.973093718,-2.213043421,81.26573385,156.75328493369977,255
198,12.954002749290067,80.22432267337405,3.5594672850975844,9.808487732388855,75.91766638086779,10.105569052349066,-0.459256007,-1.413914649,97.51801979494005,187.69704466854668,227
199,12.954002749290067,80.23330578512396,11.803616954401178,12.25749353309466,159.39861428530293,19.496146818860993,-1.278350943,-5.132198043,196.54532260591282,376.2414178201915,97
200,12.954002749290067,80.24228889687387,17.86894884788353,19.695161979206077,204.6018378034037,24.72447091455825,-2.250055983,-7.563108112,257.0772554497446,491.49201043183945,50
201,12.954002749290067,80.25127200862377,14.038725835184172,15.392623224486314,156.9620769923631,18.265479538556168,-2.361534684,-5.407181487,196.8901894194753,376.8980316563581,96
202,12.954002749290067,80.26025512037369,5.3871888956364575,5.562105213182562,81.60133285,8.528175048168578,-1.41565921,-2.571293222,97.09184957507571,186.88563211181372,230
203,12.954002749290067,80.26923823,1.8755978178395325,0.5408477588677694,30.727250291983417,3.4947144682379445,-0.433252662,-0.537778347,35.667379327708616,69.93568083354442,371
204,12.954002749290067,80.27822134387351,0.47036163214655236,0,1.6822404675087865,0.3169693083088118,0,0,2.4695714079641506,6.728265236404987,570
205,12.96304646661964,80.13449155587494,18.58372308146255,11.361669917738421,68.04427898338771,13.745139533921964,-5.886130174,-9.973593097,95.87508824589098,184.56896291479225,233
206,12.96304646661964,80.14347466762486,13.227968014723944,17.579609311644596,55.856936932631186,13.76648639090244,-7.725219025,-13.51347523,79.19230639445256,152.8055546696011,264
207,12.96304646661964,80.15245777937477,2.4437158033585216,11.865881337197122,52.77686070878208,12.25123360341053,-4.793575615,-8.782725933,65.7613899,127.2335794813354,291
208,12.96304646661964,80.16144089112467,0.4927468835957249,4.457065211035589,39.11477822883752,7.683450762724204,-1.152333522,-2.925501683,47.67020588110795,92.78862486331795,335
209,12.96304646661964,80.17042400287458,3.187670497986118,2.9379697620907983,26.47731716729163,9.520158863123001,-1.550346258,-1.84060437,38.73216566,75.77092224526247,359
210,12.96304646661964,80.17940711,13.816888270530855,7.4566448402030865,34.31602655480121,27.55235404007848,-7.277190022,-6.450509785,69.41421389828487,134.18842315156024,285
211,12.96304646661964,80.18839022637441,24.895001625034833,10.420855742474934,51.18053556931142,46.018706531561946,-10.49683689,-11.57232759,110.44593499066033,212.31132373648688,196
212,12.96304646661964,80.19737333812432,21.825674657083916,10.654927275552913,48.899132913547966,43.05332479073307,-7.77074504,-11.2865823,105.37573229213392,202.65784270237037,212
213,12.96304646661964,80.20635644987422,11.178250208647102,17.774557262183286,48.96618527081422,28.41620348841401,-5.050804798,-8.191804806,93.09258662570089,179.27118130426408,236
214,12.96304646661964,80.21533956162413,7.616460711,23.623338377175074,67.06173905647066,20.496893713597636,-2.572905903,-7.450918322,108.77460763347167,209.12917739959389,204
215,12.96304646661964,80.22432267337405,7.009811866366212,18.032956992601616,85.63981258489224,19.460317503589145,-0.573676296,-6.484002657,123.08521999400385,236.37606144411967,183
216,12.96304646661964,80.23330578512396,7.531912390880541,19.988477427187362,136.72372213938093,25.98838389799389,0,-8.950701935,181.28179391999578,347.18021584378573,113
217,12.96304646661964,80.24228889687387,11.711224614911814,29.68519170871355,173.54332504656702,32.17010684996827,0,-10.08242524,237.02742297530202,453.3178605925247,61
218,12.96304646661964,80.25127200862377,8.888760142720649,28.321686351280487,141.8098084,29.272619280714167,-1.053968744,-8.996678887,198.24222658118947,379.4722611051771,95
219,12.96304646661964,80.26025512037369,3.781995713025628,12.385047539327068,96.51491614585427,19.77301355706005,-1.376900189,-5.561109539,125.51696322776573,241.00601187860312,181
220,12.96304646661964,80.26923823,0.8704792144438774,1.9236680790066134,48.62775950428886,7.492133722,-0.695696431,-2.145820248,56.07252384147362,108.7863318379485,315
221,12.96304646661964,80.27822134387351,0,0,5.307836361272476,0.28052727489704143,0,0,5.588363636169517,12.666331900501238,512
222,12.972090183949211,80.13449155587494,10.010581280116112,9.112471836403023,56.89595797440974,19.57662408575668,-6.001656775,-9.128737754,80.46524064762437,155.2291750653385,258
223,12.972090183949211,80.14347466762486,4.459672921753654,14.431958276811343,58.93640532579538,17.277877972660516,-7.35450742,-10.14293869,77.60846838606867,149.78998486220652,267
224,12.972090183949211,80.15245777937477,0.8173961205369249,11.354053691411465,45.58081570132546,13.455098030478839,-4.811834362,-5.261406523,61.13412265795354,118.42343139442121,302
225,12.972090183949211,80.16144089112467,0,3.933917168957126,23.649605148543582,9.218736096639851,-1.465910229,-1.605445003,33.730903182275185,66.24870087347423,379
226,12.972090183949211,80.17042400287458,2.3305938192850166,2.0955007193103117,13.287834013820842,11.047278400734346,-0.991703,-0.741487756,27.028016197091297,53.486648499492176,399
227,12.972090183949211,80.17940711,14.346499901519065,9.969335559863616,44.91842495227954,31.426807174415945,-9.972563997,-6.170652639,84.51785095223246,162.94519729174172,248
228,12.972090183949211,80.18839022637441,26.910916124607432,14.56783518199738,77.83474532738283,54.97137524099428,-16.63990237,-12.37345561,145.27151388888362,278.6179559139018,148
229,12.972090183949211,80.19737333812432,25.240745742920254,13.845808432939826,72.45912907,49.18287877203757,-13.44498081,-11.7154983,135.56808290220573,260.1429771871188,163
230,12.972090183949211,80.20635644987422,17.475994045214605,20.42741572,82.04952746,32.79105553915094,-6.160266446,-10.02465722,136.5590691016933,262.02977877093014,160
231,12.972090183949211,80.21533956162413,17.556195493306063,33.08911339,120.72844260140246,32.66816362593056,-2.852552294,-14.49279708,186.69656574024282,357.4897439196584,106
232,12.972090183949211,80.22432267337405,16.73455212184072,31.37997371525165,119.15818156443393,31.697507925438238,-2.910985322,-15.54334831,180.5158816971878,345.72194690340905,114
233,12.972090183949211,80.23330578512396,10.390951220296333,25.909906939629987,104.29738207168177,28.983472295210632,-2.453594925,-13.20225357,153.9258640276387,295.0955229648912,137
234,12.972090183949211,80.24228889687387,7.744309896250963,39.22616311841641,121.55436730968684,29.891231420671797,-1.316955953,-9.791241609,187.3078741834322,358.6536529018455,104
235,12.972090183949211,80.25127200862377,5.709259900331577,46.147063177913026,189.13422150209115,35.467503043183164,-2.757093234,-9.089679655,264.6112747345249,505.8365083939096,47
236,12.972090183949211,80.26025512037369,1.524419492164573,26.477914705329137,213.94540131538542,33.02966089073544,-3.456278274,-8.136837963,263.3842801659512,503.5003554822849,48
237,12.972090183949211,80.26923823,0,7.851743026621669,148.05489193283412,17.565064942694182,-1.443386385,-4.259728259,167.7685852582989,321.4515593615383,124
238,12.972090183949211,80.27822134387351,0,0,41.22575352526533,2.637337406,0,-0.373332457,43.489758474044564,84.82920545589722,347
239,12.981133901278781,80.13449155587494,5.332287695653967,3.7438351886996135,31.80152903513035,15.275686812550484,-3.519860605,-5.098829731,47.53464839662153,92.53052835646575,336
240,12.981133901278781,80.14347466762486,2.184392052705207,6.538185403031795,43.43877694779785,14.810675429147677,-4.404312632,-4.492986881,58.07473031885583,112.59845995294714,308
241,12.981133901278781,80.15245777937477,0.7761962,4.909449374629627,28.769729693065493,10.76344441690473,-2.610622531,-1.751095313,40.85710184051151,79.81672323530697,354
242,12.981133901278781,80.16144089112467,0,1.5460234128985877,9.615956962,5.514231886512035,-0.685330461,-0.282314014,15.708567786530493,31.934831531746926,445
243,12.981133901278781,80.17042400287458,0.6704972389932283,2.0928492696249936,14.433979460962991,8.396900736249092,-2.992483783,-0.596513206,22.00522971630468,43.92344621474273,421
244,12.981133901278781,80.17940711,8.856458782035432,10.514512265028344,55.45891046512847,35.12119486580545,-13.16579387,-5.85215703,90.93312547452821,175.15964602524738,240
245,12.981133901278781,80.18839022637441,18.095044335898876,15.058355243605126,92.25939633776682,63.43796595416649,-20.58197546,-11.46637878,156.80240763326015,300.5723570860884,133
246,12.981133901278781,80.19737333812432,19.61593958,10.634217913597496,78.46067527273746,57.932158606670185,-13.89280646,-10.59779386,142.15239104582892,272.67925977118955,154
247,12.981133901278781,80.20635644987422,18.887656170780268,14.507980251576171,88.49886313044381,35.376332159395545,-4.290713852,-10.46499711,142.5151207482424,273.3698838962915,153
248,12.981133901278781,80.21533956162413,21.369894152598555,30.440887927051477,142.33895713940774,32.172179065691346,-2.454549496,-17.5197687,206.34760008651097,394.9045966665922,86
249,12.981133901278781,80.22432267337405,21.09567743734311,34.94653201470278,134.08760771495815,37.02321049528399,-5.025387759,-21.18071024,200.94692966708737,384.6219171436272,93
250,12.981133901278781,80.23330578512396,13.717811087181211,33.65517812579232,78.65045316729784,30.254201996457642,-5.394471666,-15.33357073,135.5496019814594,260.10779018799354,164
251,12.981133901278781,80.24228889687387,8.112101090788078,52.09404608116597,109.60488555119838,25.409468625192016,-3.730615164,-7.514105805,183.9757803789279,352.3094678153147,108
252,12.981133901278781,80.25127200862377,4.260573140076733,66.85238483,265.2915566744425,35.61968753737263,-3.640486312,-6.178846792,362.2048691,691.6511529136736,16
253,12.981133901278781,80.26025512037369,1.5292759649477243,48.02624203692468,382.9023035234679,43.24271616,-4.252379814,-7.870713694,463.57744417602714,884.660839,4
254,12.981133901278781,80.26923823,0,19.273794005058605,297.6163508,29.674374304921734,-2.416190279,-5.230304224,338.9180246308981,647.3138503,18
255,12.981133901278781,80.27822134387351,0,4.375657681844349,95.15732830118625,8.818539947256307,0,-1.078052252,107.27347367812945,206.27107309307846,206
256,12.990177618608353,80.13449155587494,0.8297542467840296,0,14.58522902429184,6.016589448398983,-0.464085784,-0.763753216,20.20373371963557,40.493463535364555,428
257,12.990177618608353,80.14347466762486,0.7622827157761562,0,23.34001137865396,8.188268484,-0.420096652,-0.5724834,31.297982525859904,61.61650866919781,388
258,12.990177618608353,80.15245777937477,0,0,11.794732227077906,5.871832676848538,0,0,17.666564903926442,35.66278663759115,436
259,12.990177618608353,80.16144089112467,0,0,6.147802460991279,1.9540687713009606,0,0,8.101871232,17.45195869907688,486
260,12.990177618608353,80.17042400287458,0.7143507858853291,0.9465246311074822,7.390031268939247,2.5844114097810804,-0.825178544,0,10.81013955154906,22.60840281182268,470
261,12.990177618608353,80.17940711,4.88980526,5.794031587215405,41.96545288250454,23.928310031882717,-8.689129176,-3.168284649,64.72018593571165,125.25116509608189,293
262,12.990177618608353,80.18839022637441,9.076742078749625,8.042169191867112,76.02316135879039,53.50339042050376,-13.32662364,-6.315194387,127.00364501942434,243.83659979251712,178
263,12.990177618608353,80.19737333812432,11.02448309442676,6.044870335437823,71.98846002839737,54.593397235169206,-8.089239451,-5.50502478,130.05694646217668,249.64997438947688,175
264,12.990177618608353,80.20635644987422,12.715112444697846,5.606604773897751,82.45077486,30.049688004079645,-0.982463958,-6.487437198,123.35227892768381,236.88453191454488,182
265,12.990177618608353,80.21533956162413,14.778179390339469,18.406005520306696,122.68446289533071,20.775313849580858,-1.632221322,-13.12522988,161.88651045476004,310.2523034474265,129
266,12.990177618608353,80.22432267337405,14.057506180508057,26.764965055272896,101.86675964074894,25.658570790918887,-4.517884223,-16.12696891,147.70294853235194,283.24731880372025,144
267,12.990177618608353,80.23330578512396,12.332237044952441,31.755875726215468,47.128171798763674,27.008229277321526,-5.544120396,-11.59722489,101.08316856159449,194.48495790379172,219
268,12.990177618608353,80.24228889687387,9.798887551480565,51.30604321256427,118.30046317840304,25.169877097454105,-5.022973356,-7.050312076,192.50198560798444,368.54305163152065,100
269,12.990177618608353,80.25127200862377,6.783620471903943,63.197733779983764,302.4310796940758,32.938830614245035,-6.430315222,-8.669363535,390.2515858,745.0510787262705,11
270,12.990177618608353,80.26025512037369,5.159451296151064,47.40783503339416,439.4712563185973,46.682858835088254,-6.618664315,-7.946842228,524.1558949393682,1000,1
271,12.990177618608353,80.26923823,2.2724666803443165,18.713014629085496,353.41567351068943,40.58955452200192,-3.014459387,-5.013986133,406.9622638,776.8676002559139,8
272,12.990177618608353,80.27822134387351,1.1112992242701496,5.156800222664513,131.49096539330498,17.562233403344663,-1.004826403,-1.703365893,152.6131059480159,292.5960794559157,140
273,12.999221335937923,80.13449155587494,0,0,13.06105976766215,3.0002799339812816,0,-0.769675085,15.291664616986296,31.141063100865924,449
274,12.999221335937923,80.14347466762486,0,0,18.67511178257531,4.804989623939148,0,-0.792613356,22.687488050765843,45.22244120245851,416
275,12.999221335937923,80.15245777937477,0,0.6313856498008003,39.29055072231787,5.775568455761681,-0.688233981,-0.763873272,44.24539757427789,86.26791475,344
276,12.999221335937923,80.16144089112467,0,0.5738553622606837,34.537389079931174,3.8748239596557292,-0.466545337,-0.304554405,38.214968659493316,74.78619801390269,362
277,12.999221335937923,80.17042400287458,0.7428466557252108,0,18.75853314712816,1.3065208628754033,0,-0.296931017,20.510969648446302,41.07842953931457,425
278,12.999221335937923,80.17940711,2.722755221,1.6719878474855754,44.46830875638622,10.227957159037592,-1.838701029,-0.627827226,56.624480728978604,109.83723762258863,314
279,12.999221335937923,80.18839022637441,3.743812763756098,4.344623851,99.73602871573019,35.585394810936016,-5.581256911,-1.533398015,136.29520521641555,261.5273915561434,161
280,12.999221335937923,80.19737333812432,5.223937286003966,19.429755309454585,115.01598091772428,45.96246058890277,-6.093145179,-1.72113347,177.81785545345014,340.5850033289362,116
281,12.999221335937923,80.20635644987422,6.045845548940485,30.45050662662867,108.32021145881234,28.375064668630873,-4.16041442,-3.22662906,165.8045848229654,317.7121741572744,126
282,12.999221335937923,80.21533956162413,4.688147747,26.884331280362606,120.19866886282381,13.366580171600248,-1.183711919,-7.071339173,156.8826769703528,300.72518697659166,132
283,12.999221335937923,80.22432267337405,4.7235528686582455,22.028621802211987,98.56318949588712,17.48079333309836,-2.321370838,-7.962501499,132.51228516289518,254.32484973254893,171
284,12.999221335937923,80.23330578512396,6.767237714712008,29.028897967974295,60.12260121926836,28.681447146233786,-3.668598724,-5.327776296,115.60380902776672,222.13172780199687,193
285,12.999221335937923,80.24228889687387,9.182090319814998,37.95242777792006,119.77751696225084,35.28539469494679,-5.538806618,-10.64546574,186.01315740017475,356.1885593632063,107
286,12.999221335937923,80.25127200862377,9.572969062683498,35.494967084731705,248.40957141762215,36.46171962378277,-9.281461016,-14.85495959,305.8028065830862,584.2636828,23
287,12.999221335937923,80.26025512037369,9.801451267787805,20.18622077554861,325.99965976070285,45.18516586768289,-9.714065124,-11.81049899,379.6479335604789,724.8621115571193,14
288,12.999221335937923,80.26923823,7.270380659370579,9.952606557530437,252.9189496649843,43.31959311828114,-6.045388431,-4.581582873,302.8345587,578.6122471025906,26
289,12.999221335937923,80.27822134387351,2.659975049260402,2.7811081769769856,108.9790044887549,21.742878782670353,-1.518941757,-1.528416489,133.11560825102853,255.4735548899251,170
290,13.008265053267495,80.13449155587494,0,0,20.48130712391478,3.713784473696376,0,-1.681750908,22.513340689595115,44.890870977723374,417
291,13.008265053267495,80.14347466762486,0,0.8179761022455433,59.21760509054201,9.174551001419669,-1.32253394,-2.602477424,65.28512083084674,126.32678053395819,292
292,13.008265053267495,80.15245777937477,0,1.9216188175380076,96.19899681357472,13.90876779612861,-2.317322948,-2.73071227,106.98134821014428,205.71487685548092,207
293,13.008265053267495,80.16144089112467,1.9288614095655907,2.495137564662576,96.31977591526984,12.738247975792973,-1.570906803,-2.654855403,109.25626065889915,210.04622719473136,201
294,13.008265053267495,80.17042400287458,5.543152172527236,3.3754130727469853,62.03326302477244,7.549548923328226,-1.286963497,-3.858587135,73.35582656114738,141.69310991602345,275
295,13.008265053267495,80.17940711,5.6517418029941595,4.936205706121786,80.34137013492642,13.010471618708099,-1.765065653,-3.563757369,98.61096624047916,189.7779748,224
296,13.008265053267495,80.18839022637441,3.4252388421500415,13.124095183452084,145.8778373397048,31.104009068860123,-4.355833623,-1.596013743,187.57933306802212,359.1705007183426,103
297,13.008265053267495,80.19737333812432,3.5008430030116813,47.91539170532002,155.0317220473621,42.673692222274354,-8.704106654,-0.65964004,239.75790228353927,458.5165936182826,59
298,13.008265053267495,80.20635644987422,3.506997563769796,74.43215703057062,142.47750689288534,35.324798474459264,-7.782772667,-2.705935557,245.2527517379934,468.9785865893556,57
299,13.008265053267495,80.21533956162413,2.6104880002885658,69.40042064,194.07696279925165,33.449535136534784,-3.995298726,-5.292535386,290.24957246288193,554.6508923,33
300,13.008265053267495,80.22432267337405,2.028801004025741,50.27835634372214,204.92620073661817,40.15687904541907,-2.340233,-5.536800431,289.51320369878016,553.2488730000074,34
301,13.008265053267495,80.23330578512396,3.819592482167268,39.91423175718625,148.67605155737016,44.62328149794385,-3.089714917,-5.165551741,228.77789063604413,437.6110518685851,67
302,13.008265053267495,80.24228889687387,5.547777219200407,29.15426170429169,150.03503776024803,45.646390043474376,-4.723007679,-11.74608127,213.9143777732435,409.31146543132195,80
303,13.008265053267495,80.25127200862377,8.037552996,16.454148083723187,188.09477125093665,42.09597587880879,-7.929293201,-17.19437314,229.55878186714313,439.09784029448235,66
304,13.008265053267495,80.26025512037369,8.699046773529364,6.315018107752648,189.89098719022616,39.50621512,-9.639290553,-13.19686232,221.57511431689431,423.8972284330635,76
305,13.008265053267495,80.26923823,7.399752903327855,4.887361981790292,153.17911570299256,33.51050484356599,-6.621041616,-5.207842318,187.14785149734325,358.34897554335697,105
306,13.008265053267495,80.27822134387351,2.9255212241605317,2.0380040157703663,86.15384941407689,16.695374980711996,-2.560318726,-1.075717978,104.17671293070876,200.37495356493602,213
307,13.017308770597067,80.13449155587494,1.4417330159872817,0,24.144956843085737,5.810541097644757,0,-1.350445736,30.046785220727234,59.23427462980795,389
308,13.017308770597067,80.14347466762486,0.7318700623545678,0.9149301101357067,62.03298384,13.525228614181117,-1.636543145,-2.830860539,72.73760894267664,140.51604611606956,278
309,13.017308770597067,80.15245777937477,0.9902531510201011,2.1493201137922187,103.7311695994764,21.570257782369723,-2.867466591,-3.751956691,121.82157736382487,233.97013195970692,185
310,13.017308770597067,80.16144089112467,5.682089669680018,5.881000837638758,114.19231545913826,20.576084121261562,-2.975957224,-4.891531491,138.46400137306625,265.6567003451544,158
311,13.017308770597067,80.17042400287458,10.864587186526856,11.719682860096066,88.23838786483157,15.918157711398814,-3.664675174,-6.279610563,116.79652988579521,224.40262481866245,191
312,13.017308770597067,80.17940711,10.745623415488007,12.807737089416712,95.68844773592656,17.141054344817753,-4.396010124,-5.490586309,126.49626615322686,242.8705689347424,179
313,13.017308770597067,80.18839022637441,6.662620197585034,18.67844207938547,133.6905544,30.099225323094796,-5.384412501,-2.444346695,181.3020827742344,347.21884508234723,112
314,13.017308770597067,80.19737333812432,6.051293195821028,53.553634683073376,129.0335490264891,42.30090156251038,-7.776892555,-0.345603107,222.81688280573596,426.26151035009224,74
315,13.017308770597067,80.20635644987422,9.519690212467713,86.45679495974507,158.3120539064675,56.37334305490319,-9.119498867,-4.320481995,297.2219012711799,567.9259520514088,27
316,13.017308770597067,80.21533956162413,9.557686481999042,86.01110957997862,275.7941437442311,80.26294161,-7.167552853,-8.758001744,435.7003268227389,831.5838241685958,7
317,13.017308770597067,80.22432267337405,5.648005393479392,72.27631089875413,335.52827370653495,83.58508911,-4.86960373,-7.641215509,484.52685987156065,924.5477624516659,3
318,13.017308770597067,80.23330578512396,4.416218556702145,49.573490775902876,268.3033064744748,66.65815606785335,-3.214532732,-5.745486342,379.9911528002967,725.5155885,13
319,13.017308770597067,80.24228889687387,4.238428771474055,23.815274541248748,200.0822643999961,49.75174398718201,-3.438890725,-8.811160656,265.63766031920625,507.7907091161592,46
320,13.017308770597067,80.25127200862377,3.735723739907566,11.464621977764386,173.62912815643827,40.16687405024574,-7.374388812,-14.20147644,207.42048267082845,396.9473259804622,84
321,13.017308770597067,80.26025512037369,3.6920300330388383,4.910461877725687,154.81621196053788,37.63554964424247,-8.228016737,-12.51257311,180.31366366657116,345.3369311477507,115
322,13.017308770597067,80.26923823,3.9384134377169624,4.398950133571968,144.55518462459497,34.15026552519299,-5.386697481,-4.98570401,176.67041222972745,338.4003132767709,117
323,13.017308770597067,80.27822134387351,2.268037820660499,2.784291983131528,109.53071953571299,18.099627073330524,-3.948521751,-1.105363301,127.62879136087045,245.02685562833437,176
324,13.026352487926637,80.13449155587494,4.553683576433249,0.35104631560849453,28.731696905394582,4.752289049796649,-0.607017621,-1.012016136,36.76968209065607,72.03442509,369
325,13.026352487926637,80.14347466762486,2.9890646179481646,1.6087204827577088,41.44065162173694,11.168811490182728,-0.74423235,-1.233968263,55.2290476,107.18038383419548,319
326,13.026352487926637,80.15245777937477,5.0340631113658985,2.493427889750596,70.99166295638503,18.194357577818685,-1.303979062,-2.060951289,93.34858118,179.75858560851736,234
327,13.026352487926637,80.16144089112467,10.337605726396518,7.084067734930355,87.97040156,18.59188252328761,-1.9366041,-3.090219666,118.95713378200112,228.51633584254793,190
328,13.026352487926637,80.17042400287458,12.851562549945967,13.331495051680767,76.94298815025068,14.166002216942507,-3.626447708,-4.08797284,109.57762742140343,210.65809779070025,199
329,13.026352487926637,80.17940711,10.557531426464774,14.892628564556452,69.31277782743507,18.406929683621257,-5.010267085,-4.127481399,104.03211901766193,200.0996520276519,214
330,13.026352487926637,80.18839022637441,7.148023431320057,12.109239437530192,71.45245676242084,24.22364736329962,-3.822564095,-2.512224941,108.59857795916311,208.7940233192899,205
331,13.026352487926637,80.19737333812432,10.314892661201046,26.72369595221289,68.42735237370896,35.64015977,-4.508198454,-2.500771795,134.09713050628355,257.34233746905585,167
332,13.026352487926637,80.20635644987422,15.559451055171813,46.61930833909567,116.55852409505185,63.49858247238268,-8.156302788,-8.976778559,225.1027846139492,430.6137840289834,71
333,13.026352487926637,80.21533956162413,14.789123954063708,56.450125164786684,246.21588998637412,103.03855738462947,-11.29227676,-14.9199818,394.2814379272248,752.7237702060131,9
334,13.026352487926637,80.22432267337405,11.479919103925358,51.4136873,309.87324837753505,108.59607595677534,-8.885250676,-14.69845296,457.7792271,873.6212451114461,5
335,13.026352487926637,80.23330578512396,10.754532591635156,36.46195191966181,280.7662252974684,79.31960113125032,-5.834257741,-9.282394166,392.1856590326829,748.7334836212102,10
336,13.026352487926637,80.24228889687387,9.404034069724814,14.379841320390554,221.83306533319626,49.26518640144715,-8.759245305,-9.073125839,277.04975598033906,529.5189230702655,40
337,13.026352487926637,80.25127200862377,5.004828703419321,9.905540659756062,206.98213386153387,42.098113717431964,-13.47987893,-12.93266597,237.57807204792513,454.36627634532414,60
338,13.026352487926637,80.26025512037369,2.223016999754273,11.694702559966201,189.08763754245868,48.12024739358962,-11.89981753,-13.49834731,225.7274396589458,431.8031044542777,70
339,13.026352487926637,80.26923823,2.4618067985181176,10.799559113622085,202.7198085730795,53.17332494064986,-7.316890243,-7.397195023,254.44041415955004,486.47156077757484,52
340,13.026352487926637,80.27822134387351,2.983674696539539,6.103337459873827,184.5076465375745,35.23779040672518,-4.821214841,-1.791742854,222.21949140574145,425.1240989106113,75
341,13.035396205256209,80.13449155587494,7.588967973119265,1.7681049472911494,52.513529501558665,2.7103179431987505,-1.851787254,-1.659516029,61.06961708149231,118.3006151292758,303
342,13.035396205256209,80.14347466762486,8.081897233244247,5.364837522635612,54.73241791224111,6.214894347845031,-0.545921105,-0.727623079,73.12050283158949,141.2450621169039,276
343,13.035396205256209,80.15245777937477,9.466941911213366,6.147819340434752,61.64051509,11.339995881406498,0,-0.397637598,88.19763462572534,169.95137120901714,244
344,13.035396205256209,80.16144089112467,11.856914066159442,4.12788211,74.19606320436345,11.112396479814503,0,-0.937464409,100.35579145157573,193.10005841283896,221
345,13.035396205256209,80.17042400287458,11.77508876845773,7.099142556204317,65.37980504,10.72148041394726,-1.597050456,-2.458071574,90.92039475183569,175.1354071935142,241
346,13.035396205256209,80.17940711,10.17410004235272,6.853167442990957,53.90837904,16.21255440785532,-2.447803533,-5.415303588,79.28509381231224,152.98221852936618,262
347,13.035396205256209,80.18839022637441,11.171121546902562,5.280996305286281,45.13934985479957,25.289849002418933,-1.486336737,-6.579223137,78.81575684,152.08861804110663,265
348,13.035396205256209,80.19737333812432,13.948485360066524,11.433246402494163,48.94428575720865,34.260218298185684,-1.892321194,-6.711792605,99.98212201899346,192.38860544045377,223
349,13.035396205256209,80.20635644987422,13.69270478,17.45392779404011,77.25848794193499,51.22320071842364,-6.29080876,-10.75214311,142.5853693641576,273.5036346991159,152
350,13.035396205256209,80.21533956162413,11.30744901763645,21.779050684642375,143.8677006013717,78.48926620156784,-10.26394362,-17.82922354,227.35029933922414,434.89297010188824,69
351,13.035396205256209,80.22432267337405,10.48689757175665,27.535831820527427,198.3125627696072,86.97524138528276,-10.26950488,-18.78708759,294.2539410689374,562.2750640640928,28
352,13.035396205256209,80.23330578512396,13.958371217294866,23.853187425098508,194.94785813029375,71.66675614684685,-8.74012351,-17.10498143,278.58106798055235,532.4344852736604,39
353,13.035396205256209,80.24228889687387,15.241973443107424,17.367040862532328,226.0809535699832,59.833172309569704,-12.14221785,-15.52260559,290.8583167426982,555.8099191810564,31
354,13.035396205256209,80.25127200862377,11.268263984839797,19.37012934018391,256.7820375889721,52.99076491531595,-18.44091844,-17.22124813,304.74902925919775,582.2573292357603,25
355,13.035396205256209,80.26025512037369,5.799279549729628,22.530896995216384,222.66256851516033,53.72435203176891,-15.59909936,-15.16228961,273.9557081,523.6279687752444,43
356,13.035396205256209,80.26923823,3.5097005149819696,17.847738909778982,228.1414756577003,59.78079481470762,-7.19812912,-8.458527896,293.62305288049805,561.0738759609982,29
357,13.035396205256209,80.27822134387351,2.360117875924652,8.815252978789104,233.21170682818052,43.74567167290583,-2.937414879,-1.237846711,283.9574877659904,542.6709924739068,37
358,13.044439922585779,80.13449155587494,8.142745172063712,3.4379712898884183,55.80191969557292,2.7847480456833917,-2.076062357,-2.186349364,65.90497248219413,127.5069554729181,289
359,13.044439922585779,80.14347466762486,9.297905841701333,7.677933680322278,56.505848885691215,3.7925696831036815,-0.612066284,-0.723353162,75.93883864518084,146.61107072484037,270
360,13.044439922585779,80.15245777937477,10.049876524463986,7.835950373942328,52.11643986,5.911777341130998,0,0,75.91404410152782,146.56386281795068,271
361,13.044439922585779,80.16144089112467,7.781785556061989,3.877369831547799,49.36085102,6.3462151092733405,0,-0.47065984,66.89556167228672,129.3930011653199,288
362,13.044439922585779,80.17042400287458,9.113904930125539,0.827486343,41.24407055,7.969966451332853,0,-3.177707223,55.97772104904786,108.60583077850775,316
363,13.044439922585779,80.17940711,11.413219627888058,0.394946011,37.50468921181376,18.568864826155274,0,-8.197040917,59.68467875950337,115.66374307115727,306
364,13.044439922585779,80.18839022637441,18.077621937485272,1.7500567365092978,51.46142141292047,31.509522633716504,0,-11.67051027,91.12811244711689,175.53089411012803,239
365,13.044439922585779,80.19737333812432,20.668379121765817,7.171173742839438,65.09279160096757,38.106310580601075,0,-10.21976396,120.81889108817381,232.0610538575672,187
366,13.044439922585779,80.20635644987422,17.020773690571705,9.888335042906807,73.89961854464799,40.90970726564845,-1.654362073,-9.821092709,130.24297976181816,250.0041750075952,174
367,13.044439922585779,80.21533956162413,8.027180833168623,12.732218043797076,91.98970438890002,46.482560385546144,-5.010981226,-12.12410743,142.09657499472732,272.5729880454329,155
368,13.044439922585779,80.22432267337405,5.991855671446601,21.16241298827381,133.14596594934653,52.646539345609064,-6.764235144,-14.70661756,191.47592125288315,366.5894625186767,101
369,13.044439922585779,80.23330578512396,15.086816501900785,27.578973455341462,168.6302501155355,60.15490267324673,-7.78409524,-17.78148974,245.88535776471858,470.18304539389885,56
370,13.044439922585779,80.24228889687387,22.5186442,27.193327287523577,204.7704172758854,66.79384304,-11.06083085,-19.6696203,290.5457806472843,555.2148618531844,32
371,13.044439922585779,80.25127200862377,21.526650511556195,33.1561425,235.9661291896065,59.34417063055393,-15.11536268,-17.66131314,317.2164170073995,605.9947808384785,21
372,13.044439922585779,80.26025512037369,16.109610743039628,34.706569474876055,203.88010307083937,48.91990146560937,-12.535168,-11.76114248,279.3198742714332,533.8411455081667,38
373,13.044439922585779,80.26923823,8.875140815555337,20.884528780205727,203.23382370125844,50.75172802,-5.781501462,-5.968273522,271.99544633504166,519.8957018298975,44
374,13.044439922585779,80.27822134387351,3.6549759039599725,9.545520647,208.63231708503798,43.18787836552963,-1.181198028,-1.555854296,262.2836396778549,501.4047761319156,49
375,13.05348363991535,80.13449155587494,5.333773745103615,1.859006620704311,26.85103557331714,3.763977945350683,-0.855358744,-1.109617095,35.84281804615292,70.26970975543428,370
376,13.05348363991535,80.14347466762486,6.046892048701416,5.680739715968059,47.96423058104085,2.515955823663144,0,-0.676843121,61.53097504860643,119.17902387351971,299
377,13.05348363991535,80.15245777937477,5.368658317543474,6.356169143715232,55.822793818355166,2.2003387628030397,0,-1.074436475,68.67352356790062,132.77817577454786,286
378,13.05348363991535,80.16144089112467,2.6541232777804993,2.5564199050978194,61.14843415907322,1.6910582554308824,0,-0.660105451,67.38993015,130.3342607117867,287
379,13.05348363991535,80.17042400287458,4.436130047470016,0,53.00479869024234,4.701407703211886,0,-1.571325414,60.57101103,117.35128738534992,305
380,13.05348363991535,80.17940711,10.278281693904882,0.39172759904975485,42.269682864167855,14.219296232850143,0,-5.961780271,61.19720811915298,118.54354381189799,301
381,13.05348363991535,80.18839022637441,18.338708081250022,2.8775583637688973,47.675025960396745,27.994558349320787,0,-10.56018006,86.32567069084189,166.3872201451554,247
382,13.05348363991535,80.19737333812432,23.52627492509038,5.438847769679685,94.73428688,34.90454733601092,0,-12.20351831,146.40043859941514,280.76738739229796,145
383,13.05348363991535,80.20635644987422,19.918832452849635,6.476461038549438,124.5388335644025,34.278151458111815,0,-9.534167515,175.67811099867336,336.5110079208144,118
384,13.05348363991535,80.21533956162413,10.302027917518018,10.175141737395201,116.51921963779895,37.073021356434346,-1.287514325,-8.736769438,164.04512688663138,314.36223041169933,128
385,13.05348363991535,80.22432267337405,7.596132088669435,23.559521209325716,110.73511962873421,38.64809017408396,-3.698301889,-9.608219782,167.23234142993556,320.4305706684685,125
386,13.05348363991535,80.23330578512396,14.75041918541055,33.06297566767958,130.3134897,46.90892234121043,-8.022887645,-13.94801392,203.06490529105514,388.65446549177034,89
387,13.05348363991535,80.24228889687387,22.13179793203733,41.06320063462748,154.21065912802382,57.73862533214311,-10.79365006,-17.31907963,247.0315533370031,472.3653599632262,54
388,13.05348363991535,80.25127200862377,23.235113934159813,52.75799955358557,173.1635403771126,53.81390809296756,-11.73493345,-15.00071015,276.2349183536229,527.9675019450953,41
389,13.05348363991535,80.26025512037369,18.34394714856245,52.98085114700199,148.5471394201669,44.22612525,-9.612196638,-7.853300636,246.63256568777078,471.60570202966267,55
390,13.05348363991535,80.26923823,11.879664410921322,32.575509972534235,127.41349882274017,45.57030418706988,-5.626793974,-3.021472606,208.7907108134541,399.5561903935346,83
391,13.05348363991535,80.27822134387351,6.215655788641625,10.86837919443703,160.6460002143789,48.54850934385704,-1.953272159,-0.854495987,223.47077639456452,427.50649989654994,72
392,13.062527357244923,80.13449155587494,1.6305070398719697,0.7929488471802184,10.70658637074798,3.9985259592948315,0,-0.305173896,16.82339432114401,34.057420597337796,441
393,13.062527357244923,80.14347466762486,2.205329894,3.8258871482740227,63.54147240556388,1.7458012655295096,0,-1.251635736,70.06685497740247,135.4310279652057,284
394,13.062527357244923,80.15245777937477,1.7399664436379025,5.405428220207382,144.34556932441873,1.0251843894053028,0,-1.986842205,150.52930617299114,288.6286006778099,142
395,13.062527357244923,80.16144089112467,0.7112597967010172,2.5358547388555266,216.68311301125283,0.7227584305109768,0,-1.819089435,218.8338965420376,418.6780497584804,77
396,13.062527357244923,80.17042400287458,0.7259759467067314,0,205.54146164442693,1.587408187078807,0,-1.343498239,206.5113475396604,395.2163658457263,85
397,13.062527357244923,80.17940711,4.805888117009462,1.0129018247359252,116.16117221569223,5.700272356435986,0,-2.06193175,125.61830276381221,241.19895865951096,180
398,13.062527357244923,80.18839022637441,10.054725884829967,5.278858156657886,55.54917780290207,14.85562648736565,0,-5.431567419,80.30682091281184,154.92754966762274,259
399,13.062527357244923,80.19737333812432,15.202147418771181,9.979219167,118.24495195566828,22.064583245080783,0,-10.07923028,155.41167150472535,297.92444621574526,135
400,13.062527357244923,80.20635644987422,16.971916366280254,10.561669481750078,178.24970721262608,28.967502086755914,0,-11.70743819,223.04335696005273,426.6927088806855,73
401,13.062527357244923,80.21533956162413,14.221741132664462,13.750094332268132,153.24811950270592,33.848302730888776,-0.447394184,-14.17797667,200.4428868426128,383.66223798763167,94
402,13.062527357244923,80.22432267337405,9.962731291355146,22.76911902701977,95.45319802544626,36.92256964607968,-3.095538348,-13.395487,148.61659264126328,284.98686386764274,143
403,13.062527357244923,80.23330578512396,11.295970727236515,33.93361531578757,80.89177913045471,38.93925050247564,-7.940137234,-10.81894371,146.30153472913264,280.57907803017906,146
404,13.062527357244923,80.24228889687387,12.535977037400338,43.49362585281759,107.21394039139585,40.74341752093837,-10.42632086,-9.82721773,183.73342221385923,351.8480267075196,109
405,13.062527357244923,80.25127200862377,12.245844376807625,55.43958136275108,143.12582587264222,42.30081739029317,-9.665463222,-8.290136709,235.1564690712471,449.7556326,63
406,13.062527357244923,80.26025512037369,12.872558250175853,57.70717615424387,134.4926239440951,51.23657777521096,-7.980923267,-4.037342889,244.2906699679359,467.1468179850711,58
407,13.062527357244923,80.26923823,15.981434924028225,36.64421765552932,124.30660854500829,62.493220506883546,-5.387037917,-0.837412865,233.20103084876473,446.0325495272776,64
408,13.062527357244923,80.27822134387351,12.420096157280183,13.953352919693627,119.58991794650254,62.640149403020565,-2.703283467,0,205.90023295926585,394.0528259712307,87
409,13.071571074574493,80.13449155587494,0,0.7739169419015948,10.89149116825674,3.055109709357005,0,0,14.72051781951534,30.053620427482326,451
410,13.071571074574493,80.14347466762486,0,2.9455824214316015,69.81414821,0.7955500897288623,0,-0.850600102,72.70468062200068,140.4533517943567,279
411,13.071571074574493,80.15245777937477,0.40747580810768236,5.560982880066141,206.06073103455688,1.098848914400859,0,-2.310529256,210.81750938135656,403.4151409520414,82
412,13.071571074574493,80.16144089112467,0,5.243013420934133,336.2612722734873,3.4079255633973875,-1.076832194,-4.22341226,339.6119668033443,648.6350909125904,17
413,13.071571074574493,80.17042400287458,0,3.054083066,334.1469346,4.378565526205363,-1.50507697,-4.13502681,335.9394794530904,641.6428089286744,19
414,13.071571074574493,80.17940711,1.6640638804755388,2.438193127980293,208.88531426111507,5.778641191860783,-0.814273001,-2.392116114,215.55982334588185,412.4443337943071,79
415,13.071571074574493,80.18839022637441,4.577760001229958,7.4015743754900845,114.03360187217535,10.535029363265496,-1.432416088,-4.24828097,130.86726855331787,251.1927980995883,173
416,13.071571074574493,80.19737333812432,8.650644071891767,14.144172196906284,147.6806853442333,18.844666010358274,-4.672303304,-9.276744143,175.37112017680602,335.9265085915458,119
417,13.071571074574493,80.20635644987422,14.897914543566625,17.003920312588946,174.1673859290271,22.862226700277773,-3.833549902,-14.06655608,211.03134150499764,403.82226951726705,81
418,13.071571074574493,80.21533956162413,15.810910308523368,20.50163321816077,127.04907551701908,29.591122335756893,-1.226024663,-18.56466628,173.1620504381393,331.7205203711029,121
419,13.071571074574493,80.22432267337405,12.132598290890936,25.818074017600466,65.64502857062419,35.65109092772087,-1.139620948,-16.85474111,121.25242974573779,232.88649565096267,186
420,13.071571074574493,80.23330578512396,5.816281406,28.31813204337921,48.97636524807284,33.131506110891195,-4.235501024,-8.930589503,103.07619428023004,198.27960618894735,216
421,13.071571074574493,80.24228889687387,3.5211490174825415,30.50891874700765,85.45551054435312,26.109222727947767,-6.056452702,-4.238639387,135.29970894818268,259.6320029659174,165
422,13.071571074574493,80.25127200862377,2.096940089033503,35.75125054016064,125.7733189575195,35.82472537496885,-5.598535139,-2.92686067,190.92083915297377,365.5326064435912,102
423,13.071571074574493,80.26025512037369,12.01360687,33.27601450982687,131.8070245,63.56301459545223,-4.391913664,-0.895073368,235.37267348792358,450.16727791517644,62
424,13.071571074574493,80.26923823,23.30146888,25.36456277887377,105.6412751098624,81.41739228535704,-2.706841351,-0.965414973,232.0524427337139,443.8456796437761,65
425,13.071571074574493,80.27822134387351,20.78260136629762,13.166667427215708,72.98980891314318,78.34744041906403,-1.374921387,-2.037583159,181.87401357936074,348.30778047771486,111
426,13.080614791904065,80.13449155587494,0,0,12.38304379,2.4526539789508983,0,0,14.835697773783899,30.272918859942454,450
427,13.080614791904065,80.14347466762486,0,1.4618390981020806,42.72330221270439,0,0,0,44.18514131080647,86.15318901735962,345
428,13.080614791904065,80.15245777937477,0,5.060815985603902,138.52092716624543,1.5220138774838108,-0.580404016,-1.546881079,142.97647193360746,274.24827972833253,151
429,13.080614791904065,80.16144089112467,0,10.237939958201242,241.24431174920466,5.683179626758952,-2.095656635,-4.302030323,250.76774437582216,479.47893144697747,53
430,13.080614791904065,80.17042400287458,0,10.221708458222732,254.45905604549228,10.099247759955464,-2.929041386,-5.278732785,266.5722380929433,509.5701111144855,45
431,13.080614791904065,80.17940711,1.056522102329653,5.634861276274928,186.20431953610853,15.40561833342702,-2.463408554,-4.068116138,201.76979655677633,386.1886256926805,92
432,13.080614791904065,80.18839022637441,1.8910738320406288,6.871065445475994,150.35699922164403,24.443131797250796,-7.432561291,-6.18858926,169.9411197455191,325.5879857956214,123
433,13.080614791904065,80.19737333812432,6.020758842703852,13.070227141504635,150.49429546150043,28.04120747019728,-13.12724762,-12.1134152,172.3858260991683,330.24261753762175,122
434,13.080614791904065,80.20635644987422,11.43991803880761,18.359074139940606,133.63380778951316,25.286980728680238,-11.90823432,-15.75735677,161.05418960581167,308.6675949047172,131
435,13.080614791904065,80.21533956162413,13.165417156873144,23.235527521586977,80.56930399017516,25.315402969637887,-4.961490556,-17.64961936,119.6745417245735,229.8822544022457,189
436,13.080614791904065,80.22432267337405,7.788161173561268,23.149308554552178,46.50340232836028,27.39570815773702,-0.811111808,-12.55255591,91.47291249780714,176.18738083222067,238
437,13.080614791904065,80.23330578512396,2.081197694169856,19.402643432160442,43.358163392533264,22.03878008972378,-0.537378188,-5.202173337,81.14123308315115,156.5162400099926,256
438,13.080614791904065,80.24228889687387,0,17.241378435378937,69.40564137438264,16.11488119642688,-1.127406771,-0.637467064,100.9970271717284,194.3209478389542,220
439,13.080614791904065,80.25127200862377,1.1164763759502232,14.951269555917685,95.50868489295591,29.588327614915023,-0.850784272,0,140.31397416756764,269.17898107971774,157
440,13.080614791904065,80.26025512037369,10.589247074538903,13.031969158915897,102.00405202035147,59.30780481510265,-1.136452543,-0.591883494,183.2047370320938,350.8414294019179,110
441,13.080614791904065,80.26923823,23.02059640234205,13.368179168940063,91.14212910770942,79.27772498208154,-1.124817648,-3.475417316,202.20839469741068,387.0237006,91
442,13.080614791904065,80.27822134387351,22.675707888354633,17.280102069598943,67.64439208167607,94.76808269183577,-2.936042808,-6.411888259,193.02035366477244,369.5300055074178,99
443,13.089658509233635,80.13449155587494,0,0,19.602042982795243,1.834896217042873,0,-0.776975678,20.659963522186413,41.362108441297664,423
444,13.089658509233635,80.14347466762486,0,0.35928969745353634,47.753323780651286,0.7218053782598826,0,-1.107752318,47.72666653816619,92.89612389530811,334
445,13.089658509233635,80.15245777937477,0,5.558631796085837,80.12167354995866,0.7417441199171657,-0.41512527,-1.496717992,84.51020620404115,162.93064196997977,249
446,13.089658509233635,80.16144089112467,0,13.906624283833589,102.15544780495352,4.1609269900727845,-1.498816838,-2.952977859,115.77120438172605,222.45044245123867,192
447,13.089658509233635,80.17042400287458,0,15.679035254337393,98.48898850785879,11.30135512674968,-2.094829324,-3.252852336,120.1216972285421,230.73362217460644,188
448,13.089658509233635,80.17940711,0,8.736552570596736,84.34044006541735,22.860726947173085,-2.547141616,-3.670457423,109.72012054456478,210.92939950065553,198
449,13.089658509233635,80.18839022637441,0.4412288151692512,6.098158957494667,111.80750744308762,33.18823571,-8.171719608,-7.074641845,136.28876947189795,261.51513813328535,162
450,13.089658509233635,80.19737333812432,2.5960754178096863,9.747048474729972,114.35776860776585,35.089556696808685,-14.41071968,-10.33064932,137.04908018927435,262.9627420116001,159
451,13.089658509233635,80.20635644987422,7.041366529598372,12.592135943696249,89.21031244,29.666840880086742,-13.77989348,-12.28560472,112.44515758951076,216.11777065557928,195
452,13.089658509233635,80.21533956162413,7.009473806374482,14.771279193350598,52.044539749120844,22.486342737921248,-7.67063339,-10.8329862,77.80801589868913,150.16991604899056,266
453,13.089658509233635,80.22432267337405,3.741883350382157,12.09992663085635,31.33094439535238,17.675227830219757,-1.822288394,-6.028474754,56.99721905933725,110.54691781029616,311
454,13.089658509233635,80.23330578512396,1.7690280813330048,7.781497816899513,34.15740526514744,12.619575512811075,-0.449564336,-2.233133826,53.64480851506241,104.16405039216805,322
455,13.089658509233635,80.24228889687387,0.6671813817375595,5.840190310967012,54.55162407501818,10.78825966183547,0,0,71.84725542955823,138.82084549715825,282
456,13.089658509233635,80.25127200862377,0,6.575988777234235,81.88636336167659,21.210448250750275,0,-0.766907107,108.90589328259823,209.37914048770935,203
457,13.089658509233635,80.26025512037369,3.208263035910402,7.339350974,106.45561305679479,37.86326429420106,0,-1.460992755,153.40549860666093,294.10476618041804,138
458,13.089658509233635,80.26923823,11.540824314453527,10.052947076875789,149.0310817356572,59.24905076611005,-5.919581504,-5.463928353,218.49039403575696,418.0240335136239,78
459,13.089658509233635,80.27822134387351,14.971249148121933,19.933484926378892,177.85354238880836,101.99022592048308,-18.4373725,-8.418228101,287.89290178064493,550.1638772382389,35
460,13.098702226563207,80.13449155587494,0,0,25.262831271279712,2.3158518859519046,0,-1.683187787,25.895495369751522,51.330370145838984,405
461,13.098702226563207,80.14347466762486,0,0,53.40445474110314,1.7795215315161146,0,-2.395964127,52.78801214584376,102.53274135145533,324
462,13.098702226563207,80.15245777937477,0,4.099538437516664,77.34617121645654,1.222216324685578,0,-2.404057452,80.26386852629831,154.84576989012015,260
463,13.098702226563207,80.16144089112467,0,11.202550639805029,60.31461126231808,1.2954014000359677,0,-1.992716505,70.81984679739952,136.86469692982106,283
464,13.098702226563207,80.17042400287458,0,12.157344484125176,37.39163135550588,7.162339265619596,-0.550588591,-0.976577398,55.18414911658801,107.09489875966858,320
465,13.098702226563207,80.17940711,0,9.154174908928093,27.657873424060725,16.585430063964758,-0.418961067,-1.447043058,51.53147427210023,100.14033906419418,328
466,13.098702226563207,80.18839022637441,0,7.224903237395654,39.84087525766175,24.993979673424516,-2.701126466,-3.465373509,65.89325819347386,127.4846519,290
467,13.098702226563207,80.19737333812432,3.155073878403892,7.271800879515393,47.430351842376055,29.839054034845194,-7.910085772,-4.128432683,75.65776218072025,146.07591138701048,272
468,13.098702226563207,80.20635644987422,6.336905821,4.957920692624036,36.90964725528478,29.293641861488332,-10.36953909,-4.452821508,62.67575503639519,121.35864322159169,295
469,13.098702226563207,80.21533956162413,6.023503275,5.1039833174287885,26.697815571108528,23.047339254179267,-7.588114551,-4.01229268,49.27223418672524,95.83882833,332
470,13.098702226563207,80.22432267337405,3.812251125237516,3.933675550732547,20.866488659003892,13.564989766906448,-2.91802793,-2.489331009,36.77004616,72.03511827398877,368
471,13.098702226563207,80.23330578512396,2.6129296850769586,1.504915703045181,22.50790634103087,9.155868501,0,-0.657952943,35.12366729,68.90047293729752,372
472,13.098702226563207,80.24228889687387,0.985490325,2.745338631751703,57.602568984452134,11.902616537610607,0,-0.32414591,72.91186856803752,140.84783008772857,277
473,13.098702226563207,80.25127200862377,0,5.168923857104914,120.60848494271222,18.79632996020192,0,-1.293349103,143.2803896574434,274.8269279910213,150
474,13.098702226563207,80.26025512037369,0,3.856335991713016,180.49160043279554,20.244888953481645,0,-1.997858025,202.59496735337848,387.7597208,90
475,13.098702226563207,80.26923823,2.106061714071323,5.291653545781627,262.4801631643127,36.74653526964285,-11.00484231,-4.183743954,291.4358274326546,556.9094784736492,30
476,13.098702226563207,80.27822134387351,5.751675849441951,12.75618499574775,314.01998768767794,85.32275475920599,-27.57533542,-5.734980771,384.54028710081093,734.1769742799676,12
477,13.107745943892779,80.13449155587494,1.457232674,2.869555591009665,28.84879591113301,3.661077842015552,-1.560983565,-1.34002492,33.935653533532474,66.63853807528183,378
478,13.107745943892779,80.14347466762486,2.948264287288745,3.0212148092150866,41.176634940318635,8.657122793659855,-4.378024489,-6.147755981,45.27745636097678,88.23291703753597,342
479,13.107745943892779,80.15245777937477,2.9819003114521863,2.747429837557636,49.50124342002096,8.827787331373301,-4.253328101,-7.843108376,51.96192442,100.95990045404767,326
480,13.107745943892779,80.16144089112467,0.9998651581135469,5.231932321511503,35.63283797332741,3.822625167548864,-1.367031905,-3.831474555,40.48875415978317,79.11540268,355
481,13.107745943892779,80.17042400287458,0,5.007390891677719,12.449604679656023,2.1455983113209354,0,-0.530361099,19.07223278408981,38.33912701849301,430
482,13.107745943892779,80.17940711,0,4.5504756202000465,5.673123652323907,5.969576632166069,0,-0.291225592,15.901950312813042,32.303024809372836,442
483,13.107745943892779,80.18839022637441,0,5.645538710202933,7.788476018892925,9.617074658348264,0,-0.542881463,22.50820792,44.88109837970925,418
484,13.107745943892779,80.19737333812432,2.5967662027988734,4.733430773781754,15.020378703285044,16.855487386939764,-4.663056729,-0.391795739,34.151210598116435,67.04895086515627,377
485,13.107745943892779,80.20635644987422,6.0302242525292735,1.5756827179014037,15.094052664337385,23.934337802957135,-9.576001181,0,37.05829626,72.58393594222605,366
486,13.107745943892779,80.21533956162413,5.404441725335843,0,16.952399197749806,20.617321094179662,-7.920024635,-0.735844755,34.31829262815174,67.36706895707324,376
487,13.107745943892779,80.22432267337405,2.8384277290523565,0,13.80989149275943,10.66580871021906,-2.948948629,-0.34228698,24.02289232265415,47.76500223562957,412
488,13.107745943892779,80.23330578512396,1.4183250006352712,2.8287789211164442,14.439531736830013,8.092139879532496,0,0,26.778775538114225,53.012103374291335,401
489,13.107745943892779,80.24228889687387,0.5349532836438339,6.323868509319982,63.73442176,13.05696706,0,0,83.65021062,161.29324174396476,250
490,13.107745943892779,80.25127200862377,0,7.9302047616738145,141.39992754363715,15.564580633902981,0,-0.801574424,164.09313851533747,314.45364280183236,127
491,13.107745943892779,80.26025512037369,0,5.680817737756037,211.37819995880344,12.778292804722753,0,-1.238185787,228.59912471453242,437.2706880733938,68
492,13.107745943892779,80.26923823,0,2.968718451817396,263.4764238752663,17.465954710233536,-6.564933916,-1.522755727,275.82340739442765,527.1840000860716,42
493,13.107745943892779,80.27822134387351,0.5468062751536361,2.8094328227606633,284.8133319186247,46.89679146094455,-17.01390746,-1.470639099,316.5818159145706,604.7865235008313,22
494,13.116789661222349,80.13449155587494,4.575457074071622,6.237905219907058,27.13094331062558,8.709363440095546,-4.711728906,-3.073605936,38.86833420229302,76.03018217997861,357
495,13.116789661222349,80.14347466762486,8.227886303495573,7.002581057,20.18948189011859,17.71952181055327,-9.444669094,-11.41526519,32.279536778454656,63.48535217009646,383
496,13.116789661222349,80.15245777937477,8.695439750870115,5.360391191908161,18.22652957558167,20.450642194277783,-9.023741269,-15.56455236,28.144709085862598,55.612791035335874,395
497,13.116789661222349,80.16144089112467,4.617523930052042,4.040473426584276,16.078955227510086,12.516107753248273,-3.626206108,-9.266636067,24.36021816229609,48.40725833246121,411
498,13.116789661222349,80.17042400287458,0.6999041223268856,1.9590053013023119,6.306529987924305,2.740214101,0,-1.246233479,10.459420032811726,21.940645638443925,471
499,13.116789661222349,80.17940711,0,0,3.311591191179727,0.6846398103558206,0,-0.274067686,3.722163316018686,9.113154548898676,536
500,13.116789661222349,80.18839022637441,0,2.7038428512107187,20.385505673895214,3.061043136,-1.983273936,-1.145571288,23.02154643760211,45.85847618830804,415
501,13.116789661222349,80.19737333812432,1.3732747742101812,2.5943142107537023,41.67961756170784,10.620961855627982,-7.212053665,-3.550311764,45.505802973097815,88.66768065950237,341
502,13.116789661222349,80.20635644987422,2.8333680240902157,0.5078228142348449,37.482561696088595,18.154984611150766,-9.98703383,-3.475664026,45.516039289495005,88.68717023261712,340
503,13.116789661222349,80.21533956162413,2.2675216888701795,0,17.38934893071108,15.131296888942119,-6.110243521,-1.066943162,27.610980825153256,54.59659189133971,397
504,13.116789661222349,80.22432267337405,0.4465656395519386,0,8.442039720965829,5.834861663316392,-1.394441314,0,13.329025710274996,27.404270197445463,458
505,13.116789661222349,80.23330578512396,1.8247507505083427,2.4310282051743544,11.11052138882387,6.758799742901275,0,0,22.12510008740784,44.15167502980238,420
506,13.116789661222349,80.24228889687387,1.2321403571988203,5.942731367379212,39.58608915249681,10.148742505850068,0,0,56.90970338292491,110.38029115399306,312
507,13.116789661222349,80.25127200862377,0,7.243167598885454,91.58788875,11.11692863591134,0,0,109.94798498715029,211.3632450894104,197
508,13.116789661222349,80.26025512037369,0,5.1777662918891725,119.93652091105608,8.690748415563114,0,-0.282007833,133.52302778517006,256.2492668248556,168
509,13.116789661222349,80.26923823,0,1.8762231960188205,143.97144211614219,8.076894796104737,-0.878063124,0,153.04649698431348,293.42124018380343,139
510,13.116789661222349,80.27822134387351,0,1.010322779371979,128.49670027683402,16.66091957204868,-2.575655672,0,143.5922869565316,275.42076907398535,149
511,13.12583337855192,80.13449155587494,4.480657803481877,4.985102185835296,12.849991016316338,12.577252032828827,-3.993678057,-2.175534087,28.723790894282438,56.71534168018634,393
512,13.12583337855192,80.14347466762486,8.876158628201436,6.7665256155874385,10.343273958405291,19.409744791539783,-7.804270438,-10.73939424,26.852038318315433,53.15159303599352,400
513,13.12583337855192,80.15245777937477,9.656073278613809,6.993343176750704,10.314781805319644,23.071018992186122,-7.34739371,-14.8691016,27.818721939118063,54.9921234,396
514,13.12583337855192,80.16144089112467,4.879605259,6.071491007197862,9.036955616522013,15.575093980165729,-2.924649221,-9.185123491,23.453373150802957,46.680658502068546,413
515,13.12583337855192,80.17042400287458,0.5749140990362887,2.970947761,4.517177290522994,4.549994196205628,0,-2.536382591,10.076650756260047,21.211866895000774,473
516,13.12583337855192,80.17940711,0,0.6536658251071847,3.155704854135732,0,0,-0.883438116,2.9259325629440003,7.597160232572672,552
517,13.12583337855192,80.18839022637441,0,1.9757091475742152,33.39432568741278,3.1499423599099643,-3.196861439,-2.739454087,32.58366166896092,64.06439487057041,381
518,13.12583337855192,80.19737333812432,0,2.3123695713465984,66.33613344,9.287689641645505,-7.923100408,-6.935951674,63.07714056709031,122.12286663401271,294
519,13.12583337855192,80.20635644987422,0.46182916768077786,1.0479932496468178,56.52898035400867,11.83586787309873,-8.665566491,-6.801032394,54.40807175987273,105.61727577504203,321
520,13.12583337855192,80.21533956162413,0,0,23.906478445497044,8.733226306665495,-3.447936085,-2.582674713,26.60909395429581,52.689035826773754,403
521,13.12583337855192,80.22432267337405,3.006648515611122,0,6.169425493235596,4.642632320637135,0,0,13.818706329483854,28.336604238386474,455
522,13.12583337855192,80.23330578512396,6.934627355204828,0.40412171683780074,3.578135802209722,4.6221388524663825,0,0,15.539023726718732,31.61202582,447
523,13.12583337855192,80.24228889687387,6.982247252988002,2.101300174,7.231632739118119,6.167044617372987,0,0,22.48222478334884,44.831627426988206,419
524,13.12583337855192,80.25127200862377,3.240970654397457,2.875277260793501,21.118245993344754,5.8527943579795245,0,0,33.08728826651524,65.02328154568899,380
525,13.12583337855192,80.26025512037369,1.0690968461391055,1.7319065305182013,30.51127835376981,5.425742544795141,0,0,38.73802427522226,75.78207683107405,358
526,13.12583337855192,80.26923823,0,1.532354740962465,32.25338566217342,4.6252823434453525,0,0,38.41102274658124,75.15947784587358,361
527,13.12583337855192,80.27822134387351,0,1.9620718786034095,35.213408583689954,5.950731525458409,0,0,43.12621198775177,84.13702620407616,348
528,13.13487709588149,80.13449155587494,1.1045589827386202,1.4646089364155417,1.8043478342277233,8.721850436726651,-0.699933187,0,12.395433002900218,25.62674372954877,465
529,13.13487709588149,80.14347466762486,3.602807173305061,2.7786150819131725,2.471759996613125,10.034788476648258,-2.120893719,-3.136689634,13.630387376025507,27.978051818755763,456
530,13.13487709588149,80.15245777937477,4.606120405157284,4.266806704531463,4.917387558,12.050657096707376,-1.614712629,-5.911289769,18.314969366065846,36.897325087014174,434
531,13.13487709588149,80.16144089112467,1.5625422591875537,5.139787195183585,4.434240023266662,9.271746676,0,-3.471015805,16.937300349049366,34.274293520460866,439
532,13.13487709588149,80.17042400287458,0,2.4150293340898816,1.4373010520410765,3.6956003674752322,0,-1.880941122,5.666989631497603,12.816032928215337,511
533,13.13487709588149,80.17940711,0,0.4957501741350929,1.2345177094323887,0.3160617898013884,0,-1.046520854,0.9998088196793549,3.929890868692833,602
534,13.13487709588149,80.18839022637441,0,1.4983474505056966,23.271635570023644,2.5099420663913024,-2.002269355,-2.027064342,23.250591390159734,46.294569424998116,414
535,13.13487709588149,80.19737333812432,0,1.753655447137218,45.68888962902702,6.7646881164491255,-4.970526734,-5.139925118,44.09678134032457,85.98495485593841,346
536,13.13487709588149,80.20635644987422,0,0.7948004079801936,38.53715447825239,8.51030569,-4.778406502,-5.047539956,38.01631411881288,74.40796701,363
537,13.13487709588149,80.21533956162413,0.42978228244594097,0,14.179544700189641,4.760323491869797,-1.778953716,-1.919710507,15.670986251321063,31.863277659259218,446
538,13.13487709588149,80.22432267337405,4.826259869220917,0,3.379561701049978,2.707602167936806,0,0,10.913423738207701,22.805052136577114,469
539,13.13487709588149,80.23330578512396,10.635618324982799,0,1.8816237664941755,4.389017018907173,0,0,16.90625911038415,34.21519213407699,440
540,13.13487709588149,80.24228889687387,10.543352397679161,0,1.3108756429938533,4.047253161804196,0,0,15.90148120247721,32.302131640401264,443
541,13.13487709588149,80.25127200862377,6.0020859367692045,0.33838053,1.0385992675530704,2.785057693123704,0,0,10.164123427632518,21.37841167,472
542,13.13487709588149,80.26025512037369,1.9093034577200971,0.454509285,2.6535706836190167,2.543811000250629,0,0,7.561194426962775,16.422529779528624,494
543,13.13487709588149,80.26923823,0.4722207694737557,0.45076739895768053,4.538130280751375,1.7083314638322609,0,0,7.169449913015072,15.676662511398996,496
544,13.13487709588149,80.27822134387351,0,1.4003060894834647,19.94139521319628,4.173075375100563,0,0,25.514776677780308,50.605495640654816,406
545,13.143920813211063,80.13449155587494,0,0,0.748672199,3.5457488532257697,0,0,4.294421052104303,10.202712408890056,532
546,13.143920813211063,80.14347466762486,0.5690600821533828,0,2.313678904772333,2.2511210808167976,0,0,5.133860067742513,11.800973681386338,519
547,13.143920813211063,80.15245777937477,0.6667206729150774,1.539558297322473,3.166494438553328,2.548588198984516,0,-0.291941317,7.629420290581716,16.552429335748155,493
548,13.143920813211063,80.16144089112467,0,1.803576447943801,1.9470070412225589,1.962913193868879,0,-0.569917563,5.143579119577649,11.819478401638914,518
549,13.143920813211063,80.17042400287458,0,0.8212129398834289,0.6977018350086508,1.147588071301425,0,-0.818823263,1.8476795835188837,5.544205882269238,587
550,13.143920813211063,80.17940711,0,0,0.46844854728324237,0,0,-0.455587897,0.01286065,2.0507775467818847,619
551,13.143920813211063,80.18839022637441,0,0.4175941969851557,5.800000722082077,0.3010533853238076,0,0,6.518648304,14.437559982490134,501
552,13.143920813211063,80.19737333812432,0,0.4887465326006477,13.102395093332321,2.653717820290384,-0.689105686,-1.216060653,14.339693107900597,29.328544064763282,452
553,13.143920813211063,80.20635644987422,0,0,10.561096523767947,3.752393807127736,-0.667679744,-1.20081817,12.44499241683426,25.721103046310066,464
554,13.143920813211063,80.21533956162413,0,0,3.6221772443134608,1.9231248611948448,0,0,5.545302105508306,12.584344316521834,513
555,13.143920813211063,80.22432267337405,2.6842697938914264,0,4.0878588814118935,1.5036016396950427,0,0,8.275730314998363,17.78298005212855,483
556,13.143920813211063,80.23330578512396,6.5291046135121675,0,3.873497944844616,3.9015646422487342,0,0,14.304167200605518,29.260904032858342,453
557,13.143920813211063,80.24228889687387,6.784410048379627,0,2.2088895787202905,3.9134878278781438,0,0,12.906787454978062,26.60034395785507,459
558,13.143920813211063,80.25127200862377,3.301425952553289,0,1.0229238018662852,2.019293299765308,0,0,6.3436430541848825,14.104356368317674,502
559,13.143920813211063,80.26025512037369,1.253099427729453,0,0.5060210460201306,0.7772943144049169,0,0,2.5364147881545005,6.855532594593905,565
560,13.143920813211063,80.26923823,0,0,1.363846263754512,0.5974092253634472,0,0,1.961255489117959,5.760450264560292,583
561,13.143920813211063,80.27822134387351,0,0.36726828105573267,10.875538280628685,1.5610964934556146,0,0,12.803903055140033,26.40445581262736,461
562,13.152964530540633,80.13449155587494,0,0,1.5112086139484067,0.37552500931710314,0,0,1.8867336232655099,5.618563349695394,585
563,13.152964530540633,80.14347466762486,0,0,2.892534621081927,0,0,0,2.892534621081927,7.5335717692479705,555
564,13.152964530540633,80.15245777937477,0,0,2.7543687554439176,0,0,0,2.7543687554439176,7.270508999807516,559
565,13.152964530540633,80.16144089112467,0,0,1.1801721532355747,0,0,0,1.1801721532355747,4.273296078161291,600
566,13.152964530540633,80.17042400287458,0,0,0,0,0,0,0,2.026291337786069,632
567,13.152964530540633,80.17940711,0,0,1.2023839538717107,0,0,0,1.2023839538717107,4.315586536536227,599
568,13.152964530540633,80.18839022637441,0,0,4.9125705568471165,0,0,0,4.9125705568471165,11.379646522789997,521
569,13.152964530540633,80.19737333812432,0,0,7.874572167717549,0.7156514941230544,0,0,8.590223661840604,18.381763915341708,480
570,13.152964530540633,80.20635644987422,0,0,6.858307392872976,1.0866035295735736,0,0,7.9449109224465495,17.153111993274603,488
571,13.152964530540633,80.21533956162413,0,0,5.038323927070152,0.39083192542302636,0,0,5.429155852493179,12.363206086487937,517
572,13.152964530540633,80.22432267337405,0.5557520977122403,0,5.730828786055994,0.28269563818520804,0,0,6.569276521953443,14.533954262381906,500
573,13.152964530540633,80.23330578512396,1.2739048572162028,0,6.455037712527244,1.7607424332916888,0,0,9.489685003035136,20.094305506758953,477
574,13.152964530540633,80.24228889687387,1.1309100102332141,0,4.380855907131338,2.386743448022128,0,0,7.898509365386681,17.064765120838697,489
575,13.152964530540633,80.25127200862377,0.4732149340726034,0,1.8346529038607255,1.1280134695141804,0,0,3.4358813074475094,8.568084044921811,543
576,13.152964530540633,80.26025512037369,0,0,0.8447872927385591,0.2751658518023959,0,0,1.119953144540955,4.158641281717795,601
577,13.152964530540633,80.26923823,0,0,0.49485551973685327,0,0,0,0.49485551973685327,2.9684782006103085,614
578,13.152964530540633,80.27822134387351,0,0,1.215396043008471,0.9323398657585034,0,0,2.1477359087669745,6.115502182867043,579
579,13.162008247870205,80.13449155587494,0,0,2.247345658804899,0,0,0,2.247345658804899,6.305155514297689,575
580,13.162008247870205,80.14347466762486,0,0,2.805412966743198,0,0,0,2.805412966743198,7.367695317,557
581,13.162008247870205,80.15245777937477,0,0,1.5906275947985726,0,0,0,1.5906275947985726,5.054788270106581,590
582,13.162008247870205,80.16144089112467,0,0,0.45672720701873837,0,0,0,0.45672720701873837,2.8958832836863437,616
583,13.162008247870205,80.17042400287458,0,0,0,0,0,0,0,2.026291337786069,632
584,13.162008247870205,80.17940711,0,0,0.5838089896851295,0,0,0,0.5838089896851295,3.1378423633713184,609
585,13.162008247870205,80.18839022637441,0,0,2.6042444506760773,0,0,0,2.6042444506760773,6.984677798373011,564
586,13.162008247870205,80.19737333812432,0,0,5.522253472642719,0,0,0,5.522253472642719,12.540460560100238,515
587,13.162008247870205,80.20635644987422,0,0,8.27550852,0,0,0,8.27550852,17.78255776204096,484
588,13.162008247870205,80.21533956162413,0,0,8.856738231334887,0,0,0,8.856738231334887,18.88919793620966,478
589,13.162008247870205,80.22432267337405,0,0,8.046120949778581,0,0,0,8.046120949778581,17.345812194313144,487
590,13.162008247870205,80.23330578512396,0,0,6.1808997660667355,0.4172664514047201,0,0,6.598166217471456,14.58895918907756,499
591,13.162008247870205,80.24228889687387,0,0,3.692926393298177,0.6785656708417652,0,0,4.371492064139942,10.349452805123612,530
592,13.162008247870205,80.25127200862377,0,0,2.248294142454017,0.4273979628280765,0,0,2.6756921052820934,7.120711527137296,562
593,13.162008247870205,80.26025512037369,0,0,2.515457919,0,0,0,2.515457919,6.815631480598405,566
594,13.162008247870205,80.26923823,0,0,1.4735219870887635,0,0,0,1.4735219870887635,4.8318234637204585,595
595,13.162008247870205,80.27822134387351,0,0,5.445515285482337,0.8358157399945816,0,0,6.281331025476918,13.985716538098561,504
596,13.171051965199776,80.13449155587494,0,0,2.7663818362495074,0,0,0,2.7663818362495074,7.2933814675595015,558
597,13.171051965199776,80.14347466762486,0,0,2.2054377620604435,0,0,0,2.2054377620604435,6.2253644072242205,576
598,13.171051965199776,80.15245777937477,0,0,0.4336084085928721,0,0,0,0.4336084085928721,2.8518659345968236,618
599,13.171051965199776,80.16144089112467,0,0,0,0,0,0,0,2.026291337786069,632
600,13.171051965199776,80.17042400287458,0,0,0,0,0,0,0,2.026291337786069,632
601,13.171051965199776,80.17940711,0,0,0,0,0,0,0,2.026291337786069,632
602,13.171051965199776,80.18839022637441,0,0,0.5713979697833151,0,0,0,0.5713979697833151,3.1142122340924576,610
603,13.171051965199776,80.19737333812432,0,0,3.1921945997189276,0,0,0,3.1921945997189276,8.104113440352519,547
604,13.171051965199776,80.20635644987422,0,0,6.625534594139294,0,0,0,6.625534594139294,14.641067580163051,498
605,13.171051965199776,80.21533956162413,0,0,7.691617694168824,0,0,0,7.691617694168824,16.670850923917396,491
606,13.171051965199776,80.22432267337405,0,0,5.526858313362106,0,0,0,5.526858313362106,12.549228008897234,514
607,13.171051965199776,80.23330578512396,0,0,2.3281869074644934,0,0,0,2.3281869074644934,6.459074303567497,573
608,13.171051965199776,80.24228889687387,0,0,1.3751731369088247,0,0,0,1.3751731369088247,4.6445708396359935,598
609,13.171051965199776,80.25127200862377,0,0,1.8201115486530637,0,0,0,1.8201115486530637,5.491717349,588
610,13.171051965199776,80.26025512037369,0,0,2.752565885,0,0,0,2.752565885,7.267076399692527,560
611,13.171051965199776,80.26923823,0,0,1.612448336758073,0,0,0,1.612448336758073,5.096334167022617,589
612,13.171051965199776,80.27822134387351,0,0,6.861360830059072,1.651843895852562,0,0,8.513204725911633,18.235122670116098,481
613,13.180095682529346,80.13449155587494,0,0,2.496927077224618,0,0,0,2.496927077224618,6.780349433050268,568
614,13.180095682529346,80.14347466762486,0,0,1.4627265467195119,0,0,0,1.4627265467195119,4.811269338953456,596
615,13.180095682529346,80.15245777937477,0,0,0.45226443,0,0,0,0.45226443,2.887386319038519,617
616,13.180095682529346,80.16144089112467,0,0,0.9595960770065532,0,0,0,0.9595960770065532,3.8533272731516686,603
617,13.180095682529346,80.17042400287458,0,0,0.7887724422081859,0,0,0,0.7887724422081859,3.5280853022174172,607
618,13.180095682529346,80.17940711,0.6809729726052092,0.4416604465061742,0,0,0,-0.353328357,0.769305062,3.4910201200736313,608
619,13.180095682529346,80.18839022637441,0.45781551847134394,0,0,0,0,0,0.45781551847134394,2.897955389002763,615
620,13.180095682529346,80.19737333812432,0,0,0,0,0,0,0,2.026291337786069,632
621,13.180095682529346,80.20635644987422,0,0,2.5076661547339913,0,0,0,2.5076661547339913,6.800796244987545,567
622,13.180095682529346,80.21533956162413,0,0,2.829603492947925,0,0,0,2.829603492947925,7.413753196299454,556
623,13.180095682529346,80.22432267337405,0,0,0.7977768151390425,0,0,0,0.7977768151390425,3.5452292998996797,606
624,13.180095682529346,80.23330578512396,0,0,0,0,0,0,0,2.026291337786069,632
625,13.180095682529346,80.24228889687387,0,0,0,0,0,0,0,2.026291337786069,632
626,13.180095682529346,80.25127200862377,0,0,1.507231514216142,0,0,0,1.507231514216142,4.896005174027182,593
627,13.180095682529346,80.26025512037369,0,0,1.8490107298863323,0,0,0,1.8490107298863323,5.546740336407637,586
628,13.180095682529346,80.26923823,0,0,1.457236823972619,0,0,0,1.457236823972619,4.800817107046615,597
629,13.180095682529346,80.27822134387351,0,0,5.065173442739494,1.0864123961717653,0,0,6.151585838911259,13.738686434520352,506
630,13.189139399858918,80.13449155587494,0,0,3.4023364829894183,0,0,0,3.4023364829894183,8.504215922490914,544
631,13.189139399858918,80.14347466762486,0,0,3.8076091099050853,0.7396393933955928,0,0,4.547248503300678,10.684086655670678,529
632,13.189139399858918,80.15245777937477,0,0,2.8830383296013196,1.9796449451975997,0,0,4.862683274798919,11.284662957096291,524
633,13.189139399858918,80.16144089112467,0,0,2.564151578775917,1.669946160812707,0,0,4.2340977395886235,10.08785902177509,535
634,13.189139399858918,80.17042400287458,1.330092168716953,1.0063906952163886,2.107706275820427,0.670195519,0,-0.805112556,4.309272103,10.230988267493903,531
635,13.189139399858918,80.17940711,2.3081431655352422,1.7230276404282296,0.6712106691782764,0.9675273376781627,0,-1.378422112,4.291486700477327,10.197125510404385,533
636,13.189139399858918,80.18839022637441,1.5517784443118154,1.1428940408793722,0,1.113605977476706,0,-0.914315233,2.893963229964396,7.536291788460631,554
637,13.189139399858918,80.19737333812432,0,0,0,0.4965814246577087,0,0,0.4965814246577087,2.971764260638048,613
638,13.189139399858918,80.20635644987422,0,0,1.9935848268106773,0,0,0,1.9935848268106773,5.822004144517185,582
639,13.189139399858918,80.21533956162413,0,0,3.7221623829104926,0,0,0,3.7221623829104926,9.113152772294704,537
640,13.189139399858918,80.22432267337405,0,0,2.065524055642904,0,0,0,2.065524055642904,5.9589738126810845,581
641,13.189139399858918,80.23330578512396,0,0,0.5630927426167562,0,0,0,0.5630927426167562,3.0983993844484563,611
642,13.189139399858918,80.24228889687387,0,0,0.9285583474378659,0,0,0,0.9285583474378659,3.7942325679596167,604
643,13.189139399858918,80.25127200862377,0,0,2.294190215391079,0,0,0,2.294190215391079,6.394345841676065,574
644,13.189139399858918,80.26025512037369,0,0,2.196006187272694,0,0,0,2.196006187272694,6.207407032785945,578
645,13.189139399858918,80.26923823,0,0,2.3692712371594715,0,0,0,2.3692712371594715,6.537297369,572
646,13.189139399858918,80.27822134387351,0,0,3.265060012526106,0,0,0,3.265060012526106,8.242846529027968,546
