lat,lon,name,address
13.0390386,80.2508349,Reliance Fresh,", Chennai"
13.005869,80.2518431,Nilgiri's,", Chennai"
12.9960126,80.2678,Spencers,"2nd Avenue, Chennai"
13.0221142,80.259468,More,", Chennai"
13.0287447,80.2495317,Amma Naana,", Chennai"
13.031996,80.2566384,Nilgiris,", Chennai"
13.0328095,80.2570496,Spencers Daily,"CP Ramaswamy Road, Chennai"
13.0443358,80.2637655,Waitrose,"P. S. Sivasamy Street, Chennai"
13.0520052,80.2041201,LG showroom,", Chennai"
13.070585,80.219622,Fresh @ Aminjikarai,", Chennai"
12.9154934,80.1527869,MORE,", Chennai"
12.949222,80.1389598,More,", Chennai"
13.057596,80.1941907,Nilgiris Supermarket,", Chennai"
13.0596967,80.1952529,Reliance Fresh,", Chennai"
13.0485387,80.2072397,Unnamed Supermarket,", Chennai"
12.9230073,80.1597381,More,", Chennai"
13.0731363,80.2103428,Reliance Fresh,", Chennai"
13.0768878,80.2108686,Spencer's,"Poonamallee High Road, Chennai"
12.9823833,80.2225074,Latta Supermarket,"Dandeeswaram Main Road, Chennai"
13.0398647,80.2516758,K-Store,", Chennai"
13.0443873,80.1855534,Spencers,"Arcot Road, Chennai"
13.0629161,80.2136124,Grace Supermarket,"MMDA Colony Main Rd, Chennai"
13.0734564,80.2213633,Star Bazaar,"Nelson Manickam Road, Chennai"
13.2761607,80.2602133,Aalaya Super Market,", Chennai"
13.0354172,80.2160673,Pazhamuthir,", Chennai"
13.0267144,80.2614084,Spencer's Daily,"2nd Main Road, Chennai"
13.1165955,80.102916,Avadi Supermarket,", Chennai"
12.9291074,80.2029956,Nilgiris Supermarket,", Chennai"
13.0206071,80.2430807,Hertiage Fresh Supermarket,", Chennai"
13.0420426,80.1769318,Niligiris,", Chennai"
13.0501632,80.2040587,Spencers Super Market,"Arunachalam St, Vadapalani"
12.9737686,80.2580999,J.K. Stores,", Chennai"
12.9735902,80.2580826,Sri Murugan Stores,", Chennai"
13.0468582,80.1903845,Chandra Metro Mall,", Chennai"
13.0342232,80.2174636,Jeevan,", Chennai"
12.9952269,80.2522381,Cee Dee Yes supermarket,"I Avenue Indira nagar, Chennai"
13.1183106,80.1520277,Farm Bazzar,", Chennai"
13.1186809,80.1519693,Reliance Fresh,", Chennai"
12.9810009,80.229992,Shopper's Paradise,", Chennai"
12.9208313,80.1684881,Venkateshwara Supermarket,"Velachery Main Road, Chennai"
12.9719184,80.219018,Sri Venkatashwara Supermarket,"11th Main Road, Chennai"
13.0769447,80.2071871,Murugan Supermarket,", Chennai"
12.9614559,80.2563781,Singapore Shoppee,", Chennai"
12.9463123,80.196992,Lingam Stores,", Chennai"
12.9387074,80.1789482,Ambika Supermarket,"Ezhumalai Road, Nanmangalam, Chennai, Chennai"
13.059543,80.2467629,Nilgiri's,", Chennai"
13.0676158,80.2050056,Stop and Shop,", Chennai"
12.9744402,80.1349055,More,", Chennai"
12.9730064,80.2200478,Annachi SuperMarket,", Chennai"
13.0414126,80.2385427,Reliance Fresh,", Chennai"
12.9556878,80.187056,Mothers World,", Chennai"
12.9488805,80.184016,Sri Devi Super Market,"Pallavaram Duraipalkam Road, Chennai"
13.0630707,80.2293217,Reliance Fresh,"Abdullah Street, Chennai"
12.9825831,80.18853,Spencer's,"4th Main Road, Nanganallur, Chennai"
12.9775601,80.187849,Mahayoham Supermarket,"46th Street, Chennai"
12.9838491,80.1920439,Nilgiri's,"Nanganallur, Chennai"
12.9830023,80.191427,Heritage Fresh,"Nanganallur, Chennai"
13.0163006,80.1749834,Alams Super Market,", Chennai"
12.8936755,80.1835818,Manjal Supermarket,", Chennai"
12.9636492,80.2453424,Nilgiri's,", Chennai"
13.0922181,80.2173031,Reliance Fresh,", Chennai"
12.9827037,80.1917975,Sugar N Spice,", Chennai"
12.9841137,80.221979,Pazhamudhir Cholai,"Jagannathapuram 1st Main road, Chennai"
12.9837296,80.2226282,Nilgiri's,", Chennai"
12.9905101,80.2188199,Buy Bazaar,", Chennai"
12.965964,80.2023937,GMart,", Chennai"
13.0430957,80.1862123,Grace supermarket,", Chennai"
13.0175064,80.1745662,Grow SuperMarket Manapakkam,", Chennai"
12.9828491,80.2618804,Singapore Shoppe,"1st Seaward Road, Chennai"
12.9232303,80.1281591,Heritage Fresh,"Velachery - Tambaram Main Road, Chennai"
12.923199,80.1260691,Pick n Pack,"Velachery - Tambaram Main Road, Chennai"
12.9225832,80.1409505,Nilgiri's,"Velachery - Tambaram Main Road, Chennai"
13.0388272,80.2592138,Wait Rose,", Chennai"
13.0325923,80.266752,Sri Krishna Stores,", Chennai"
13.0597092,80.2528473,Nilgiri's,", Chennai"
13.0070553,80.2505372,Style One,", Chennai"
13.0253001,80.2224448,More,", Chennai"
13.0385168,80.2214489,Reliance Fresh,", Chennai"
12.9969608,80.2405136,Ambika Retail,", Chennai"
13.0071295,80.2509856,Reliance Trends,", Chennai"
12.9719365,80.1410815,Nilgiri's,", Chennai"
12.9701862,80.1470173,More,", Chennai"
13.0989018,80.2598799,ARS SUPER MARKET,"Perambur Barracks Rd, CHENNAI"
13.0815953,80.2252294,Fresh @ Shenoy Nagar (Heritage),", Chennai"
13.0597055,80.1955743,Lakshmi Stores,", Chennai"
13.0034121,80.2101801,Madras Supermarket,"Maduvankarai Bridge, Chennai"
13.0686453,80.2246263,Kovai Pazhamudir Nilayam,"Nelson Manickam Road, Chennai"
13.0698579,80.2248039,Nilgiri's,"Nelson Manickam Road, Chennai"
13.024337,80.2144512,Sumal Vegetables Market,"West Jones Road, Chennai"
13.0064298,80.251867,Unnamed Supermarket,", Chennai"
13.0108047,80.1392609,Waitrose,", Chennai"
12.9839879,80.2181179,Unnamed Supermarket,", Chennai"
13.0484469,80.1201057,Nilgiris,", Chennai"
12.9648137,80.2093652,Shine Supermarket,", Chennai"
13.0143187,80.2362976,gurunath stores,"sardar patel road anna university ceg campus, chennai"
13.0379675,80.2297373,Saravana Stores Super Market,"Ramanathan Street, t.nagar"
13.0356535,80.2306035,Unnamed Supermarket,"South Usman Road, Chennai"
13.03801,80.2294591,Unnamed Supermarket,"Ramanathan Street, Chennai"
13.0839331,80.2776473,Unnamed Supermarket,", Chennai"
12.9856682,80.2307424,Sri Ayyanaar Store,"Gandhi Road, Chennai"
13.0379652,80.1927849,Unnamed Supermarket,"Anna Main Road, Chennai"
13.1011642,80.1392897,Ration store,", Chennai"
12.9862638,80.2249871,Sri Periyandavar Super Market,", Chennai"
13.0871698,80.1881554,Annachi Supermarket,"Bazaar Rd, Thirumangalam, Collector Nagar, J J Nagar, Mogappair East, Chennai, Tamil Nadu 600101, Chennai"
13.085416,80.199766,Nilgris Supermarket,"2nd Avenue, Anna Nagar, Chennai"
13.081515,80.1670292,DR SUPER MARKET,"Ramalingam Salai, 4th Block, Mogappair West, Ambattur Industrial Estate, Chennai"
12.9771822,80.2621523,Unnamed Supermarket,", Chennai"
12.9233541,80.1185524,Unnamed Supermarket,", Chennai"
12.9266092,80.1477953,Prime mart supermarket,", Chennai"
12.9298944,80.148073,Unnamed Supermarket,", Chennai"
12.8972566,80.1418258,Unnamed Supermarket,", Chennai"
13.0845384,80.2781615,Unnamed Supermarket,"South Mint Street, Chennai"
12.9813012,80.2295534,Ayya SuperMarket,", Chennai"
12.9799898,80.2089352,JK Super Market,"Aandal Nagar, 6th Cross Street, Adambakkam - 600088, Chennai"
13.0874539,80.1966386,Annachi Super Market,", Chennai"
13.0175213,80.2681846,Unnamed Supermarket,", Chennai"
13.045587,80.2407688,Nuts and Spices,", Chennai"
13.0455141,80.2406636,Nilgiri's,", Chennai"
13.079402,80.1978426,Unnamed Supermarket,", Chennai"
13.1222343,80.1500716,Passumai Pazamudir Nilayam,", Chennai"
12.9308504,80.1939106,Unnamed Supermarket,", Chennai"
13.1011119,80.1570095,Neo Supermarket,"Thiruppur Kumaran Street, VGN Shanthi Nagar, Ambattur, Chennai, Ambattur, Chennai"
13.054753,80.2455557,Helice,", Chennai"
13.0554705,80.2456105,Rajendran Store,", Chennai"
13.0553682,80.2457969,Angadi,", Chennai"
13.0574051,80.2430596,Grace World,", Chennai"
12.9695845,80.2439087,WhatsFresh,"Dr MGR Main Road, Perungudi"
12.9122673,80.1428736,Sri Rajeswari Stores,"IAF Road, Indira Nagar, Selaiyur, Chennai"
12.9103631,80.143275,Murugan Stores Super Market,", Selaiyur, Chennai"
13.0210736,80.1602804,Arush Retail Supermarket,"Mugalivakkam Main Road, Mugalivakkam"
13.0398646,80.131182,Grace Hypermarket,", Chennai"
12.9564331,80.142844,Nuts 'n' Spices,", Chennai"
13.0342714,80.2155103,Nuts N Spices,", Chennai"
13.0341642,80.2151382,Grace Super Market,", Chennai"
12.9665853,80.2360977,Krishna Supermarket,", Chennai"
12.9549315,80.1894763,Meena Supermarket,", Chennai"
13.1228705,80.1492032,Ponnu's Super Market,", Chennai"
13.0932135,80.1897943,Prabhuraja supermarket,"NSC Bose st, Kumaran nagar,Padi, Chennai"
13.1214544,80.1480943,Singapore Shopping,", Chennai"
13.1189931,80.1537233,Grace Supermarket,", Chennai"
13.0284745,80.2123238,Ray Mart Supermarket,"No 1, Gangai Amman Koil St, Barathi Block, VSM Garden, West Jafferkhanpet, Chennai, Tamil Nadu 600083, Chennai"
13.0299976,80.2088159,Visalam Supermarket,"97/98, 1, Jawaharlal Nehru Road, Ashok Nagar, Chennai, Tamil Nadu 600083, Chennai"
13.0365972,80.2323815,Bharath Gem Testing Lab,"Mothilol street, Chennai"
12.9983201,80.2513463,Dhanyam organic shop,"Indira Nagar 3rd Ave, Chennai"
12.9761125,80.2211935,Dhanyam Organic store,"Velachery Main Road, Chennai"
13.0445056,80.2443029,Dhanyam organic store,"Doctor Shivaji Ganesan Road, chennai"
13.0838561,80.212224,Dhanyam Organic shop,"4th Street, Chennai"
12.942059,80.2534825,Dhanyam organic store,"East Coast Road SH49, Chennai"
12.87087,80.2436443,Nilgiri's,", Chennai"
13.0859974,80.2807246,C.S.Rajasundaram Chetty & Sons.,"Rattan Bazaar Road, Park Town,, Chennai"
12.9720719,80.1911414,C K Selvam Super Store,Ullagaram Madipakkam
12.9489995,80.1918524,Mother's World,", Chennai"
12.9586436,80.1869007,Nilgiri's,"Medavakkam Main Road, Chennai"
12.9709195,80.1905786,More,"Mount - Medavakkam Road, Chennai"
12.9716144,80.2188896,Sri Kannan Super Stores,", Chennai"
12.9617668,80.1875141,Reliance Fresh,"Mount - Medavakkam Road, Chennai"
13.044123,80.240596,More,", Chennai"
13.0469663,80.183571,Grace Supermarket,", Chennai"
12.8344094,80.2285874,baqala store,"Rajiv Gandhi Salai, Egattur,, Chennai"
13.0853781,80.2061677,Santhosh Supermarket,", Chennai"
13.0309488,80.2547228,Unnamed Supermarket,"Abhiramapuram 4th Street, Chennai"
12.9945334,80.2640619,Alchemy Media Marketing,"Rukmani Road, Chennai"
13.1255155,80.2014918,Venkateshwara fruit shop,", Chennai"
13.126522,80.2017441,Reliance super market,", Chennai"
12.9911157,80.216663,Big Bazaar,", Chennai"
13.0635594,80.1523393,Nilgiris,", Chennai"
13.0077889,80.2210455,TecEx India Private Limited,"Little Mount, Kotturpuram, Chennai"
12.8078695,80.226857,More,", Chennai"
13.0759757,80.1655614,Jeevan,", Chennai"
13.0777907,80.1714303,Smart Bazzar,", Chennai"
13.0473227,80.2263691,Grace Super market,", Chennai"
12.8898588,80.1846927,Unnamed Supermarket,", Chennai"
12.8898527,80.1844949,Unnamed Supermarket,", Chennai"
12.9621294,80.1583587,Nilgiri's,"Darga Road, Chennai"
13.0944353,80.2795842,Gupta pan bhandar,", Chennai"
13.0956228,80.279808,Rakshkumar & Co,", Chennai"
13.1286953,80.2017243,grace supermarket,", Chennai"
13.1295276,80.2017644,Sivaram stores,", Chennai"
12.9412022,80.2402905,Amma Super Market,", Chennai"
13.1262141,80.1534391,Nilgiri's,", Chennai"
13.0148344,80.1532965,Nikis SuperMarket,", Chennai"
13.0131367,80.2240167,Daniel Super Market,", Chennai"
13.0090742,80.2546834,Vanga Vanga,", Chennai"
13.0096655,80.2539882,Green Bean,", Chennai"
13.0097391,80.2519401,Fresh2day,", Chennai"
12.9583087,80.1439237,Unnamed Supermarket,", Chennai"
12.9482505,80.199388,Nilgris Super Market,"Pallavaram - Duraipalkam 100 feet road, Chennai"
13.0901378,80.217877,Yesesi Supermarket,", Chennai"
13.0848556,80.2059796,Santosh Super Stores,", Chennai"
12.8445816,80.1538802,VMART (supermarket),", Chennai"
13.0245166,80.2216038,Reliance Fresh,"Tank Square Street, Saidapet"
13.1318855,80.1693639,Reliance Smart Superstore,", Chennai"
13.0163694,80.1783903,Nilgiri's,", Chennai"
12.9289576,80.1160555,Nilgris super market,", Chennai"
12.9598348,80.2437202,JK Supermart,", Chennai"
13.0489025,80.2270598,Pazhamudhir Nilayam,"Viswanathapuram Main Road, Chennai"
12.9656363,80.205007,Himalayas supermarket,", Chennai"
13.0648853,80.2218286,Annachi Kadai,", Chennai"
12.9421901,80.1425041,Spencers Daily,"Dr.Rajendra Prasath Road, Chennai"
12.9374832,80.2054333,More,", Chennai"
13.075826,80.2246407,Muthu Super Market,"Ayyavoo Street, Chennai"
13.0476892,80.2640996,Spencer's Food World,"Avvai Shanmugam Salai, chennai"
12.9280822,80.1274145,Sastha Organic Food Store,", Chennai"
13.0663574,80.2193874,Velammal Store,", Chennai"
12.9564391,80.1428488,Nuts and Spices,"Grand Southern Trunk Road, chrompet"
13.1213937,80.1480494,Unnamed Supermarket,", Chennai"
12.9557797,80.1434105,Saravana Stores,"Grand Southern Trunk Road, Chennai"
12.9732559,80.1378215,Heritage fresh,", Chennai"
12.8039982,80.2235478,Nilgiri's,", Chennai"
12.8905758,80.1126361,R S Supermarket,", Chennai"
12.8912378,80.1166277,Lakshmi Supermarket,", Chennai"
12.9595011,80.1442823,Santhosh SuperMarket,"Grand Southern Trunk Road, chrompet"
12.9722007,80.1285056,Periyandavar stores,", Chennai"
12.9665996,80.2360934,Unnamed Supermarket,", Chennai"
13.1189585,80.1537212,Unnamed Supermarket,", Chennai"
12.9875797,80.2378174,Prime Mart,", Chennai"
13.1969158,80.1800096,Revati store,", Chennai"
12.9559278,80.2371407,DMart,", Chennai"
