lat,lon,name,specialization,address
13.0928259,80.2704975,Salt Cotuars Goods Terminal,Switches & Connectors,", Chennai"
13.0651762,80.264604,Tamil Nadu Electricity Board - TNEB,Electrical Components & Wiring,", Chennai"
12.9459024,80.1390162,esskay,General Hardware,", Chennai"
12.9464004,80.1383666,balaji,General Hardware,", Chennai"
12.945106,80.1381536,ambika,General Hardware,", Chennai"
12.9489242,80.1386099,vsp ceramic,General Hardware,", Chennai"
13.0527115,80.2035986,Electricity Board,Electrical Components & Wiring,", Chennai"
12.979143,80.2525895,SRP Tools,Tools & Equipment,", Chennai"
12.9794944,80.2528353,SRP Tools,Tools & Equipment,", Chennai"
12.9789236,80.2257304,Mency Electricals,Electrical Components & Wiring,"Tansi Nagar 7th Street, Chennai"
12.9909554,80.2424547,Centre of Excellence in Wireless Technology,Electrical Components & Wiring,"Kanagam road, Taramani, Chennai"
13.013049,80.1700854,Battery Shop,General Hardware,", Chennai"
13.0159021,80.1748815,Hardware Store,General Hardware,", Chennai"
13.0163425,80.1751403,Navin's,General Hardware,", Chennai"
13.0895164,80.2862158,Rajeev Enterprises,General Hardware,", Chennai"
13.0242142,80.2141731,Electrical Shop,Electrical Components & Wiring,"West Jones Road, Chennai"
13.0241933,80.2139135,Electrical Shop,Electrical Components & Wiring,"West Jones Road, Chennai"
13.0243116,80.2141165,Murugan Hardware,General Hardware,"West Jones Road, Chennai"
13.0277387,80.183419,Unnamed Hardware Shop,General Hardware,", Chennai"
13.0899717,80.2862838,Unnamed Hardware Shop,General Hardware,"Philips street, Chennai"
13.0981361,80.1612525,Unnamed Hardware Shop,General Hardware,", Chennai"
12.9887139,80.2306876,Department of Electrical Engineering;Electrical Engineering Department,Electrical Components & Wiring,", Chennai"
12.974664,80.2629357,Tamil Nadu Electricity Board,Electrical Components & Wiring,"Kottivakkam Kuppam Road, Chennai City Corporation Limits"
12.8044885,80.2238095,JAY SHREE ELECTRICAL AND HARDWARE,Electrical Components & Wiring,", Chennai"
12.8046904,80.2238691,Hena Enterprises,General Hardware,"OMR, Chennai"
12.9861355,80.2512974,SRP Tools Bus Stand,Tools & Equipment,", Chennai"
12.922946,80.1257028,Tamilnadu electricity board office,Electrical Components & Wiring,", Chennai"
12.9288196,80.1481084,Vairam Galaxy Hardware Shop,General Hardware,", Chennai"
12.9866305,80.1421966,Unnamed Hardware Shop,General Hardware,", Chennai"
12.928532,80.1300965,Jeyaraj hardware store,General Hardware,", Chennai"
12.8363725,80.2282688,Bharathi pipes,Pipes & Conduits,", Chennai"
13.0827393,80.1918796,Ganga Electrical & Hardware,Electrical Components & Wiring,", Chennai"
13.0120804,80.1305407,sre,General Hardware,", Chennai"
13.02571,80.1758146,Mirthiran,General Hardware,"Mount Poonamallee Highway, Chennai"
13.0335119,80.1609976,Shanmugam hardwards,General Hardware,"Mount Poonamallee Highway, chennai"
13.0141985,80.2013231,General Electric,Electrical Components & Wiring,", Chennai"
12.9803219,80.2520981,Tamil Nadu Electricity Employees Central Point,Electrical Components & Wiring,", Chennai"
12.9131018,80.2202375,PipePoint1,Pipes & Conduits,", Chennai"
13.0553176,80.2455879,Watts Motor Electrical,Electrical Components & Wiring,", Chennai"
13.0556362,80.2439717,J P Electric Corporation,Electrical Components & Wiring,", Chennai"
13.0542236,80.2457366,Shanthi Electricals,Electrical Components & Wiring,", Chennai"
13.0524834,80.2425334,Tamil Nadu Electricity Generation & Distribution office,Electrical Components & Wiring,", Chennai"
13.0471198,80.110375,Livewire Poonamallee - IT Training|Machine Learning|Cybersecurity|PLC|Embedded|IOT,Electrical Components & Wiring,", Chennai"
13.1216184,80.1487768,Ganesh Hardware,General Hardware,", Chennai"
13.0279746,80.2087612,Pandian Hardwares,General Hardware,"No., 119, Jawaharlal Nehru Rd, Ashok Nagar, Anjugam Nagar, West Jafferkhanpet, Chennai, Tamil Nadu 600083, Chennai"
13.0285011,80.2088729,Sri Ram Hardware Stores,General Hardware,"No.1, 2 & 4, T.N.H.B Shopping Complex, Chidambaram Rd, Pari Nagar, West Jafferkhanpet, Chennai, Tamil Nadu 600083, Chennai"
13.02737,80.2119477,Sri Murugan Hardwares,General Hardware,"Shop No. 91, 7-B, Gangai Amman Koil St, VSM Garden, West Jafferkhanpet, Chennai, Tamil Nadu 600083, Chennai"
13.05017,80.1808044,Velan Hardware,General Hardware,", Chennai"
12.9724923,80.191569,Unnamed Hardware Shop,General Hardware,", Chennai"
13.0539362,80.2376357,annai velankanni power tools,Tools & Equipment,", Chennai"
13.0410415,80.2395477,Rathna fan house,General Hardware,", Chennai"
13.0505685,80.2490308,Venkareswara sawing works,General Hardware,", Chennai"
13.0543614,80.1871138,Virugambakkam Electric Graveyard,Electrical Components & Wiring,"Erikarai St, Thanthai Periyar Nagar, Virugambakkam, Chennai, Tamil Nadu 600092, Chennai"
12.9803011,80.2514556,SRP Tools,Tools & Equipment,", Chennai"
12.9803439,80.2514543,SRP Tools,Tools & Equipment,", Chennai"
12.9802174,80.2514209,SRP Tools,Tools & Equipment,", Chennai"
12.9801263,80.251396,SRP Tools,Tools & Equipment,", Chennai"
13.0908517,80.2890569,N.M. Electric Corporation,Electrical Components & Wiring,", Chennai"
13.092021,80.2882811,Delhi Tool House,Tools & Equipment,", Chennai"
13.0919141,80.2883078,Forma Electricals,Electrical Components & Wiring,", Chennai"
13.0909786,80.2891689,Rashmi Electric Company,Electrical Components & Wiring,", Chennai"
13.0909909,80.2891113,Hitech Electricals and Electronics,Electrical Components & Wiring,", Chennai"
13.1012394,80.2941924,DD Refrigeration & Electricals,Electrical Components & Wiring,", Chennai"
13.0946694,80.2863463,brothers paints & hardware,General Hardware,", Chennai"
13.0937712,80.2865674,Burhani Supply Corporation,General Hardware,", Chennai"
13.0937628,80.2866449,Peninsula Enterprises,General Hardware,", Chennai"
13.0937654,80.2866209,Best Tools Centre,Tools & Equipment,", Chennai"
13.0937687,80.2865942,H.M. Trading Company,General Hardware,", Chennai"
13.0937751,80.2865351,A.M. Traders,General Hardware,", Chennai"
13.0983739,80.2867143,Indo Burma Electricals,Electrical Components & Wiring,", Chennai"
13.098403,80.2871525,Atlas Tools Center,Tools & Equipment,", Chennai"
13.0967837,80.287282,Kwality Hardware,General Hardware,", Chennai"
13.0965923,80.2884662,Liberty Hardware,General Hardware,", Chennai"
13.0862972,80.2802475,Kalanjiam Hardware Stores,General Hardware,", Chennai"
13.087287,80.2810559,Bhandari Electric Company,Electrical Components & Wiring,", Chennai"
13.088378,80.2813116,Deekay Electricals,Electrical Components & Wiring,", Chennai"
13.0884039,80.2813185,Mahesh Electricals,Electrical Components & Wiring,", Chennai"
13.0881957,80.2812714,Ramdev Electric Palace,Electrical Components & Wiring,", Chennai"
13.0909483,80.2762268,Victory Electricals,Electrical Components & Wiring,", Chennai"
13.0910716,80.2759703,Sanjay Electricals,Electrical Components & Wiring,", Chennai"
13.0942813,80.2797363,Arihant Electric Agencies,Electrical Components & Wiring,", Chennai"
13.0942353,80.2795478,Raman Hardwares,General Hardware,", Chennai"
13.0943736,80.2799343,Raman Electric Co.,Electrical Components & Wiring,", Chennai"
13.0950786,80.2798582,Namo Hardwares,General Hardware,", Chennai"
13.0950764,80.2809489,Jay Guru Electricals,Electrical Components & Wiring,", Chennai"
13.0951292,80.2806217,Bhansali Electricals,Electrical Components & Wiring,", Chennai"
13.0986731,80.2827619,S.N. Electrical Agencies,Electrical Components & Wiring,", Chennai"
13.0960048,80.2796129,Kuber Electronics,General Hardware,", Chennai"
13.0941804,80.2819742,Saras Electricals Agency,Electrical Components & Wiring,", Chennai"
13.1026268,80.2842346,RIFA Electrical & Electronics,Electrical Components & Wiring,", Chennai"
13.0982975,80.280698,Mangalam Electricals,Electrical Components & Wiring,", Chennai"
13.0907107,80.2814417,K.M. Electric Co.,Electrical Components & Wiring,", Chennai"
13.0907346,80.281446,Roop Samrat Electrical Enterprises,Electrical Components & Wiring,", Chennai"
13.0910898,80.2814936,Neerav Electricals,Electrical Components & Wiring,", Chennai"
13.0911071,80.2814959,Tiger Agencies,General Hardware,", Chennai"
13.0912087,80.2814149,Krystal Electricals,Electrical Components & Wiring,", Chennai"
13.0912533,80.2814195,Dev Electrical,Electrical Components & Wiring,", Chennai"
13.0912902,80.2815212,Vassavi Enterprises,General Hardware,", Chennai"
13.0913674,80.2814376,Sagar & Sagar,General Hardware,", Chennai"
13.0913935,80.2814414,Shree Krishna Electricals,Electrical Components & Wiring,", Chennai"
13.0914034,80.2813468,Kesari Maruthi Electricals,Electrical Components & Wiring,", Chennai"
13.091384,80.2815323,Dangi Metals and Electricals,Electrical Components & Wiring,", Chennai"
13.091431,80.2815364,Vardhaman Cable Company,Electrical Components & Wiring,", Chennai"
13.0914662,80.2815391,Nirmal Sales Corporation,General Hardware,", Chennai"
13.0915244,80.2814624,Bharath Electricals,Electrical Components & Wiring,", Chennai"
13.0915648,80.2814682,Dhanlaxmi Lights,General Hardware,", Chennai"
13.0915348,80.2813847,Riddhi Siddhi Electricals,Electrical Components & Wiring,", Chennai"
13.0916719,80.2815762,Simran Electric Company,Electrical Components & Wiring,", Chennai"
13.0916814,80.281484,Sri Ramdev Power Line,General Hardware,", Chennai"
13.0916891,80.281401,Shanti Electricals,Electrical Components & Wiring,", Chennai"
13.0904996,80.281411,Ganesh Electrical Company,Electrical Components & Wiring,", Chennai"
13.0904716,80.2814062,Sangeetha Electric Company,Electrical Components & Wiring,", Chennai"
13.0906003,80.2814238,Vandana Electricals,Electrical Components & Wiring,", Chennai"
13.0906049,80.2813858,Poonam Electricals,Electrical Components & Wiring,", Chennai"
13.0906106,80.2813423,Samraat Electric Company,Electrical Components & Wiring,", Chennai"
13.090545,80.2814165,Vikas Electric Agencies,Electrical Components & Wiring,", Chennai"
13.0905512,80.2813761,Shanti Traders,General Hardware,", Chennai"
13.0918894,80.2817283,Ritron Lightings & Electricals,Electrical Components & Wiring,", Chennai"
13.0916869,80.2817062,Sagar Distributors,General Hardware,", Chennai"
13.0916379,80.2817002,Rusabh Lites & Cables,Electrical Components & Wiring,", Chennai"
13.0915577,80.2817107,Vardhan Electricals,Electrical Components & Wiring,", Chennai"
13.0912329,80.2816547,Siddharth Electricals,Electrical Components & Wiring,", Chennai"
13.0909574,80.2816258,Ramdev Electricals,Electrical Components & Wiring,", Chennai"
13.0908494,80.2816146,Arun Electricals,Electrical Components & Wiring,", Chennai"
13.0907807,80.281608,Ratrajan Electrical Co,Electrical Components & Wiring,", Chennai"
13.0907552,80.2816058,SR Electricals,Electrical Components & Wiring,", Chennai"
13.0907247,80.2816034,Padam Switch Boards,Switches & Connectors,", Chennai"
13.0906852,80.281679,Chennai Electricals,Electrical Components & Wiring,", Chennai"
13.0907161,80.2816836,Rahul Electricals,Electrical Components & Wiring,", Chennai"
13.0906323,80.2815908,Divya Electricals,Electrical Components & Wiring,", Chennai"
13.0906071,80.2815889,Samraat Electric Company,Electrical Components & Wiring,", Chennai"
13.0905697,80.2815858,Sangam Electric Co,Electrical Components & Wiring,", Chennai"
13.0905442,80.2815838,Shree Electricals,Electrical Components & Wiring,", Chennai"
13.0905347,80.2816924,V.M. Electrics & Hardwares,Electrical Components & Wiring,", Chennai"
13.090501,80.2815793,Chennai Electric Palace,Electrical Components & Wiring,", Chennai"
13.0904614,80.2815593,Sree Subham Electricals,Electrical Components & Wiring,", Chennai"
13.0904365,80.2815556,Bafna Electric Corp,Electrical Components & Wiring,", Chennai"
13.0904116,80.2815524,Nahar Electric Co,Electrical Components & Wiring,", Chennai"
13.0903893,80.2815492,Choudhary Electricals,Electrical Components & Wiring,", Chennai"
13.0903681,80.281546,Akash Cable Corporation,Electrical Components & Wiring,", Chennai"
13.0902118,80.2815215,Sun Electricals,Electrical Components & Wiring,", Chennai"
13.0901496,80.2815108,K.C. & Sons,General Hardware,", Chennai"
13.090093,80.2815041,Bhandari & Sons,General Hardware,", Chennai"
13.0899442,80.2814604,Sudarshan Electric Palace,Electrical Components & Wiring,", Chennai"
13.0897224,80.2814412,Reliable Electrical Enterprises,Electrical Components & Wiring,", Chennai"
13.08964,80.2814359,Seth Electricals,Electrical Components & Wiring,", Chennai"
13.0895358,80.2814215,Radiant Electricals,Electrical Components & Wiring,", Chennai"
13.089526,80.2815141,Amco Electricals,Electrical Components & Wiring,", Chennai"
13.0895085,80.2814178,Rajasthan Electric Stores,Electrical Components & Wiring,", Chennai"
13.0894818,80.2814138,Mercury Electricals,Electrical Components & Wiring,", Chennai"
13.0894572,80.2814104,Rakesh Enterprises,General Hardware,", Chennai"
13.0893275,80.2813946,Fomra Electricals,Electrical Components & Wiring,", Chennai"
13.0893124,80.2815229,Maharaja Electricals,Electrical Components & Wiring,", Chennai"
13.0890349,80.2813469,Hesh Electricals,Electrical Components & Wiring,", Chennai"
13.0903711,80.2813957,Sunil Electricals,Electrical Components & Wiring,", Chennai"
13.0904156,80.2814007,Ramdev Electric,Electrical Components & Wiring,", Chennai"
13.0903198,80.281391,SM Electricals,Electrical Components & Wiring,", Chennai"
13.0902258,80.2813812,Sagar Electricals,Electrical Components & Wiring,", Chennai"
13.0901795,80.2813759,R.M. Electricals,Electrical Components & Wiring,", Chennai"
13.0899494,80.2813482,Mahalaxmi Electricals,Electrical Components & Wiring,", Chennai"
13.0899841,80.2813514,Delite Electrical Supply Corporation,Electrical Components & Wiring,", Chennai"
13.0898928,80.2813382,Utham Electricals,Electrical Components & Wiring,", Chennai"
13.0898537,80.2813331,Surya Electricals,Electrical Components & Wiring,", Chennai"
13.0897371,80.2813137,Kumar Electrical Enterprise,Electrical Components & Wiring,", Chennai"
13.0896797,80.2813055,Suresh Electric Company,Electrical Components & Wiring,", Chennai"
13.0896972,80.2812007,Shine Electricals,Electrical Components & Wiring,", Chennai"
13.0896224,80.2812985,Kothari Electricals,Electrical Components & Wiring,", Chennai"
13.0895792,80.2812904,Savera Electricals,Electrical Components & Wiring,", Chennai"
13.0895587,80.2812879,Rajsri Electricals,Electrical Components & Wiring,", Chennai"
13.0894958,80.2812797,Vimal Electricals,Electrical Components & Wiring,", Chennai"
13.0895242,80.2812848,S.K. Electricals,Electrical Components & Wiring,", Chennai"
13.0894606,80.2812739,Jain Electricals,Electrical Components & Wiring,", Chennai"
13.089472,80.2812116,Mahaveer Cable Agency,Electrical Components & Wiring,", Chennai"
13.0894274,80.281266,Kothari Electrical Enterprises,Electrical Components & Wiring,", Chennai"
13.0894061,80.2812628,Surya Electricals,Electrical Components & Wiring,", Chennai"
13.0893843,80.2812582,Madras Electricals,Electrical Components & Wiring,", Chennai"
13.0893388,80.2812471,Royal Electric Co,Electrical Components & Wiring,", Chennai"
13.0892963,80.2812392,Balaji Electric Palace,Electrical Components & Wiring,", Chennai"
13.0891307,80.2812197,Vasanth Electricals,Electrical Components & Wiring,", Chennai"
13.0889135,80.2811819,Ramdev Shersa Electrical,Electrical Components & Wiring,", Chennai"
13.0888603,80.2811704,S.K. Electricals,Electrical Components & Wiring,", Chennai"
13.0916304,80.2800294,Ambica Trading,General Hardware,", Chennai"
13.0916498,80.2800333,Manoj Electricals,Electrical Components & Wiring,", Chennai"
13.0920121,80.280013,Kanti Electricals,Electrical Components & Wiring,", Chennai"
13.0916562,80.2799377,Mohanlal & Co,General Hardware,", Chennai"
13.0916306,80.2799337,Metro Electricals,Electrical Components & Wiring,", Chennai"
13.09103,80.2798832,AJT Electricals,Electrical Components & Wiring,", Chennai"
13.0909362,80.2798722,J.K. Electricals,Electrical Components & Wiring,", Chennai"
13.065835,80.2056011,Koyambedu Mofussil Bus Terminal,Switches & Connectors,", Chennai"
13.0665289,80.2062855,Koyambedu Mofussil Bus Terminal,Switches & Connectors,", Chennai"
13.066402,80.2049735,Koyambedu Mofussil Bus Terminal,Switches & Connectors,", Chennai"
13.0523107,80.1127741,Senneerkuppam Electricity Board,Electrical Components & Wiring,", Chennai"
13.0523102,80.1127315,Senneerkuppam Electricity Board,Electrical Components & Wiring,", Chennai"
13.0440955,80.2254641,Velan hardware and paint shop,General Hardware,", Chennai"
13.1030383,80.2800757,Sireen Electricals,Electrical Components & Wiring,", Chennai"
12.8900625,80.1845184,Unnamed Hardware Shop,General Hardware,", Chennai"
12.895913,80.1730483,Unnamed Hardware Shop,General Hardware,", Chennai"
13.0498,80.2482949,Gemini Timber and Plywood,General Hardware,", Chennai"
12.8739858,80.2207237,Department of Electrical & Electronics Engg.,Electrical Components & Wiring,", Chennai"
13.1306555,80.2052,Ramesh electricals and hardware store,Electrical Components & Wiring,", Chennai"
12.9120062,80.1919864,S.S.Thangam & Co.,General Hardware,", Chennai"
13.0144,80.2249728,Suraj Electricals & Hardwares,Electrical Components & Wiring,", Chennai"
12.9887073,80.2307269,Department of Electrical & Electronics,Electrical Components & Wiring,", Chennai"
13.1287163,80.2925206,Communicable Diseases Hospital,Electrical Components & Wiring,"Tiruvottiyur Road, Tondiarpet, Chennai"
13.1035844,80.2925555,Royapuram Electric Loco Shed,Electrical Components & Wiring,", Chennai"
13.0114181,80.2344005,Department of Electrical & Electronics Engineering,Electrical Components & Wiring,", Chennai"
12.9811938,80.16004,Anna International Terminal 4,Switches & Connectors,", Chennai"
12.9838159,80.1666125,Kamaraj Domestic Terminal 1,Switches & Connectors,", Chennai"
12.9888728,80.1748066,Cargo Terminal,Switches & Connectors,", Chennai"
13.0672864,80.2072853,Tamilnadu Electricity Board (TNEB) office,Electrical Components & Wiring,"SAF Games Village, Koyambedu, Chennai"
12.9846078,80.1885626,Salam stores,General Hardware,", Chennai"
13.0654964,80.2206408,Visewham Electricals,Electrical Components & Wiring,", Chennai"
12.9521478,80.1453046,MAHALAXMI ELECTRICAL,Electrical Components & Wiring,", Chennai"
13.0640054,80.2219228,Sri Lakshmi Narayana Traders,General Hardware,"Kamaraj Nagar 4th Street, Chennai"
13.0863215,80.2055098,Tamilnadu Electricity Board Office,Electrical Components & Wiring,"H Block, 5th Street, Chennai"
12.9815084,80.1639084,Terminal Link Road,Switches & Connectors,", Chennai"
13.2807097,80.2324577,Chandra CFS And Terminal Operators PVT LTD,Switches & Connectors,", Chennai"
12.9786904,80.1600165,Terminal Link Road,Switches & Connectors,", Chennai"
12.9811306,80.1639057,Terminal Link Road,Switches & Connectors,", Chennai"
12.9258232,80.1030562,SR raja cement & steel store,General Hardware,", Chennai"
13.0869947,80.1974231,Thirumangalam Electricity Sub Station,Electrical Components & Wiring,", Chennai"
12.9914851,80.1871316,Electric Crematorium,Electrical Components & Wiring,", Chennai"
12.9490825,80.1694021,"English Electric Nagar, Old Pallavaram",Electrical Components & Wiring,", Chennai"
13.1216251,80.1488618,Unnamed Hardware Shop,General Hardware,", Chennai"
12.9628621,80.1987038,Tamil Nadu Electricity Board Office,Electrical Components & Wiring,"Madipakkam, Chennai"
12.9728348,80.1917299,Vadivelan Agencies,General Hardware,", Chennai"
12.972694,80.1916666,Vadivelan Agencies,General Hardware,", Chennai"
12.9827714,80.1643576,New Integrated Terminal (Terminal 2),Switches & Connectors,", Chennai"
12.9503793,80.1690741,English Electric Nagar 1st Main Road,Electrical Components & Wiring,", Chennai"
12.9479701,80.1681699,English Electric Nagar 11th Street,Electrical Components & Wiring,", Chennai"
12.9476266,80.1682837,English Electric Nagar 12th Street,Electrical Components & Wiring,", Chennai"
12.9476645,80.1694882,English Electric Nagar 15th Street,Electrical Components & Wiring,", Chennai"
12.9478322,80.1702652,English Electric Nagar 17th Street,Electrical Components & Wiring,", Chennai"
12.9486372,80.1706454,English Electric Nagar 2nd Main Road,Electrical Components & Wiring,", Chennai"
12.9491077,80.1694863,English Electric Nagar 7th Street,Electrical Components & Wiring,", Chennai"
12.9494496,80.1682346,English Electric Nagar 6th Street,Electrical Components & Wiring,", Chennai"
12.9501529,80.1683997,English Electric Nagar 30th Street,Electrical Components & Wiring,", Chennai"
12.9489873,80.1719863,English Electric Nagar 26th Street,Electrical Components & Wiring,", Chennai"
12.9493279,80.1709683,English Electric Nagar 29th Street,Electrical Components & Wiring,", Chennai"
12.9495335,80.169545,English Electric Nagar 5th Street,Electrical Components & Wiring,", Chennai"
12.9499264,80.1695992,English Electric Nagar 4th Street,Electrical Components & Wiring,", Chennai"
12.9503668,80.1693772,English Electric Nagar 3rd Street,Electrical Components & Wiring,", Chennai"
12.979124,80.1597986,Terminal Link Road,Switches & Connectors,", Chennai"
13.0941252,80.2871322,The South India Iron & Hardware Merchants Association,General Hardware,", Chennai"
13.0831741,80.2740399,Chennai Suburban Terminal (Moore Market Complex),Switches & Connectors,", Chennai"
13.0661548,80.2645979,Tamil Nadu Electricity Board Head Office,Electrical Components & Wiring,"Link Road, Chennai"
13.0672924,80.2696433,Warwick's Electric Theatre,Electrical Components & Wiring,", Chennai"
12.9508616,80.1686172,English Electric Nagar 2nd Street,Electrical Components & Wiring,", Chennai"
12.9490415,80.1681517,English Electric Nagar 8th Street,Electrical Components & Wiring,", Chennai"
12.9486516,80.1684021,English Electric Nagar 9th Street,Electrical Components & Wiring,", Chennai"
12.9482991,80.168351,English Electric Nagar 10th Street,Electrical Components & Wiring,", Chennai"
12.9474366,80.1690206,English Electric Nagar 13th Street,Electrical Components & Wiring,", Chennai"
12.9480895,80.169087,English Electric Nagar 14th Street,Electrical Components & Wiring,", Chennai"
12.9465707,80.1701428,English Electric Nagar 20th Street,Electrical Components & Wiring,", Chennai"
12.9475644,80.171005,English Electric Nagar 21st Street,Electrical Components & Wiring,", Chennai"
12.9482351,80.1703068,English Electric Nagar 16th Street,Electrical Components & Wiring,", Chennai"
12.9474106,80.170223,English Electric Nagar 18th Street,Electrical Components & Wiring,", Chennai"
12.9469974,80.1701834,English Electric Nagar 19th Street,Electrical Components & Wiring,", Chennai"
12.94986,80.1680438,English Electric Nagar 33rd Street,Electrical Components & Wiring,", Chennai"
12.9502608,80.1681069,English Electric Nagar 32nd Street,Electrical Components & Wiring,", Chennai"
12.9505791,80.1680502,English Electric Nagar 31st Street,Electrical Components & Wiring,", Chennai"
13.089234,80.2811096,Tamil Nadu Electric Palace,Electrical Components & Wiring,", Chennai"
13.1059081,80.280433,Vallalar Nagar Bus Terminal,Switches & Connectors,", Chennai"
12.9510755,80.1687144,English Electric Nagar 1st Street,Electrical Components & Wiring,", Chennai"
12.9480519,80.1686619,English Electric Nagar 1st Main Road,Electrical Components & Wiring,", Chennai"
12.978749,80.1600272,Terminal Link Road,Switches & Connectors,", Chennai"
12.9784611,80.160182,Terminal Link Road,Switches & Connectors,", Chennai"
12.9508965,80.168019,English Electric Nagar 2nd Street,Electrical Components & Wiring,", Chennai"
13.0221206,80.1228223,266: Tambaram -> Avadi Terminal,Switches & Connectors,", Chennai"
