lat,lon,name,amenity_type,address_city
12.9489729,80.1397503,DCOE Office,college,Chennai
12.9481562,80.1397886,Lecture Hall Complex,college,Chennai
12.9486173,80.1407986,Department of Aeronautical Engineering,college,Chennai
12.9491126,80.1409786,Mechatronics,college,Chennai
12.9492943,80.1410981,Department of Production Technology,college,Chennai
12.9478814,80.1403398,Department of Automobile Engineering,college,Chennai
12.9484691,80.1398525,RLHC (Rajam Lecture Hall Complex),college,Chennai
12.9426246,80.1416397,NSN School,school,Chennai
12.953827,80.1368303,Government Boys Higher Secondary School,school,Chennai
12.9519873,80.1345334,Lakshmi Ammal School,school,Chennai
12.9523982,80.1344901,Government Girls Higher Secondary School,school,Chennai
12.9674323,80.1281637,Sarada Matriculation School,school,Chennai
12.9656183,80.1275092,Meenakshi Krishan Polytechnic College,college,Chennai
12.9660634,80.1263205,Ammaniammal School,school,Chennai
12.9895379,80.1000841,Vivekananda School,school,Chennai
12.9873006,80.1065161,Sivanthi Public School,school,Chennai
12.928648,80.1453706,Sreevatsa Viswanathan Vivekananda Vidhyalaya,school,Chennai
12.9510813,80.1488697,St Mark's School,school,Chennai
12.9715673,80.1265543,Sri Sankara Vidyalaya Matriculation School,school,Kanchipuram
12.9228716,80.132183,Sri Sankara Vidyalaya Matriculation Higher Secondary School,school,Chennai
12.9242095,80.1279331,Kidzee kids school,kindergarten,Chennai
12.9239351,80.1583508,Alpha school,school,Chennai
12.9360597,80.1609096,Zion matriculation higher secondary school,school,Chennai
12.9428412,80.1502698,Saviour Jesus Matriculation Higher Secondary School,school,Chennai
12.9404891,80.1561516,Shikshaa Matriculation Higher Secondary School,school,Chennai
12.9221572,80.1163643,Christ king metric hr sec school,school,Chennai
12.9170277,80.1155469,St Mary's metric hr sec school,school,Chennai
12.9161721,80.1156075,CSI Middle school,school,Chennai
12.9223303,80.1429628,St Mark matric school,school,Chennai
12.9480327,80.1396335,Admin Block & Dean Office,college,Chennai
12.9761444,80.138181,Nadar Sangam Matric Hr Sec School,school,Chennai
13.0301954,80.1774604,Assisi School,school,Chennai
13.0139207,80.181246,Aloha Kinderstart,kindergarten,Chennai
13.0280878,80.1325689,Kids R Us,kindergarten,Chennai
13.0223009,80.173833,Kids at Play DayCare Center,kindergarten,Chennai
13.0141464,80.1727814,EuroKids Manapakkam,kindergarten,Chennai
13.02092,80.1692038,St. Christopher Nursery And Primary School,school,Mugalivakkam
13.0504588,80.1798944,Good Shepherd Matriculation School,school,Chennai
13.045989,80.1422888,Alpha Arts and Science College,school,Chennai
13.0352427,80.1609081,St.Johns MHSS,school,Chennai
13.0404737,80.1545457,Grace Matriculation Higher Secondary School,school,kanchipuram
13.0655003,80.1108509,S.A Engineering College,college,Chennai
13.0383691,80.1628252,Rajiv School of Excellence Matriculation & Higher Secondary,school,Chennai
13.0390969,80.1419659,Sri Ramachandra Medical College And Research Institute,college,Chennai
13.0401285,80.1309534,Government Higher secondary school,school,Chennai
13.0307877,80.1638766,"R Square Academy for Tnpsc, Tnusrb SI, Tet, Police, Ssc, Rrb, Bank Exam Coaching Centre",university,porur
13.0471485,80.1804204,Daffodils pre school,kindergarten,Chennai
13.0539345,80.1484837,SV High School,school,Chennai
13.055503,80.1230486,Saveetha school of management,college,Chennai
13.1285206,80.149466,Velammal School (Ambattur),school,Chennai
13.1040356,80.1014998,RCM Hr Sec School,school,Chennai
13.1195338,80.1549408,Maha Ganesa Vidyalaya,school,Chennai
13.1303994,80.1050834,Vijayantha,school,Chennai
13.1299083,80.1108341,KV HVF,school,Chennai
13.1242505,80.1062261,VHHS,school,Chennai
13.1179517,80.1306967,grace school,school,chennai
13.18822,80.1061083,Vel Tech Engineering College,college,Chennai
13.1211345,80.1486086,R Square Academy,university,Chennai
13.1956454,80.1801373,St. Mary's School,school,Chennai
13.1213298,80.1472642,Hussain Memorial Matric & Hr. Sec. School,school,Chennai
12.9853147,80.2029459,New Prince Higher Secondary,school,Chennai
12.9868373,80.206505,St. Marks School,school,Chennai
12.9704142,80.186583,Brilliant Matriculation School,school,Chennai
12.985101,80.1894583,Mowbray's Matriculation Higher Secondary School,school,Chennai
12.9787977,80.2224844,Akshaya,school,Chennai
12.9214424,80.1869452,Christ King School,school,Chennai
12.9940844,80.2470141,The Institute of Mathematical Sciences,college,Chennai
12.9831591,80.2104214,Bala Saravana Matriculation School,school,Chennai
12.9515892,80.2606515,German School Chennai,school,Chennai
12.9284826,80.2024966,St Peters School,school,Chennai
12.9079132,80.2016416,Bharatha Vidhyalaya School,school,Chennai
12.9242267,80.1982298,Pallikarani Govt Higher Secondary School,school,Chennai
12.922219,80.1984015,Apple Kids,kindergarten,Chennai
12.9253386,80.2003719,Asan Memorial College,school,Chennai
12.9758373,80.221575,Lets do Something - Activity center,school,Chennai
12.9667572,80.2155154,Pon Vidhyashram School,school,Chennai
12.9757851,80.2123879,SAN Academy,school,Chennai
12.9579014,80.1928829,Vailankanni Silver Jubilee Matriculation Higher Secondary School,school,Chennai
12.9694641,80.1944308,Prince Matric Hr Sec School,school,Chennai
12.9705025,80.1970465,Thandai Periyar Govt High School,school,Chennai
12.9708076,80.2184332,Pearls Nursery,kindergarten,Chennai
12.9862277,80.1855109,Jawaharlal Nehru Government Boys School,school,Chennai
12.9454618,80.1945713,Himayam Matric School,school,Chennai
12.9459767,80.239775,Dhanraj Baid Jain College,school,Chennai
12.9456616,80.2395863,CL Baid Metha College Of Pharmacy,school,Chennai
12.9456667,80.2395755,CL Baid Metha College of Pharmacy,school,Chennai
12.9457912,80.239551,CL Baid Sishya School,school,Chennai
12.956025,80.1850444,Goverment school,school,Chennai
12.94432,80.2396488,Podar Jumbo Kids,kindergarten,Chennai
12.9215926,80.2488853,Vael's Bilabong School,school,Chennai
12.9214372,80.2416769,KCG College of Technology,school,Chennai
12.9177981,80.2410536,National Institute of Management Studies,school,Chennai
12.9530789,80.2446878,Chettinadu A School,school,Chennai
12.9334921,80.2365085,Akshara School,school,Chennai
12.9766406,80.2505858,YMCA SCHOOL,school,Chennai
12.9554398,80.2482807,Global Institute Of Gaming And Animation,school,Chennai
12.9352086,80.231659,Euro Kids,kindergarten,Chennai
12.9647302,80.2433123,St.Pius school,school,Chennai
12.9627123,80.2421107,Kidzee,kindergarten,Chennai
12.9657555,80.1970157,King's Matric Hr Sec School,school,Chennai
12.9298318,80.2045907,Infant jesus high school,school,Chennai
12.9830589,80.1889595,Saraswathi Vidyalaya,kindergarten,Chennai
12.926285,80.1978774,Chennai School (Corporation),school,Chennai
12.9855216,80.2200277,Eurokids,kindergarten,Chennai
12.9961623,80.2462804,Asian College of Journalism,college,Chennai
12.968849,80.1920857,Rajkumar Sulochana Matric Higher Secondary School,school,Chennai
12.9801464,80.2320468,Chennai Primary School,school,Chennai
12.9852163,80.218948,Chennai Higher Secondary School,school,Chennai
12.9157009,80.2364655,Tamilnadu Teachers Education University,university,Chennai
12.9767972,80.226075,St Antony School,school,Chennai
12.9887139,80.2306876,Department of Electrical Engineering;Electrical Engineering Department,university,Chennai
12.9914769,80.2336786,IIT Madras,university,Chennai
12.938573,80.2528173,St. Joseph Higher Secondary School,school,Chennai
12.9956265,80.2040906,St Brittos College,college,Chennai
12.9052007,80.2108772,Central Institute of Classical Tamil,university,Chennai
12.969047,80.1942822,Prince Srivari Vidyalaya,school,Chennai
12.9694645,80.1949092,Shri Venkateshwara Highter Secondary School,school,Chennai
12.9602888,80.18651,Holy Family Convent Matric. Hr. Sec. School,school,Chennai
12.9689235,80.1849511,Government Higher Secondary School,school,Chennai
12.9688048,80.1844534,Government Primary School,school,Chennai
12.9217681,80.2404146,Kcg college of techology,college,Chennai
12.9430359,80.1928444,Netaji Vidyalaya School,school,Chennai
12.9230904,80.22918,Thangavelu Engineering Collage,college,Chennai
12.9111281,80.1918496,Lifeline Stepping Stones,kindergarten,Chennai
12.9156431,80.1945578,Zemcode Medical Coding Training,school,Chennai
13.0542557,80.1943992,Balalok Matriculation Higher Secondary School,school,Chennai
13.0530994,80.1967081,JaiGopal Garodia Girls High school,school,Chennai
13.0141314,80.2052179,Central Institute of Petrochemicals Engineering and Technology,college,Chennai
13.0542712,80.2036334,LaClarence Matriculation Higher Secondary Schoolt,school,Chennai
13.0438348,80.1981602,Thai Sathia School,school,Chennai
13.0074771,80.2613841,Starlight Abacus School,school,Chennai
13.060167,80.1937294,Chinmaya Vidyalaya,school,Chennai
13.0474865,80.1873415,St. John's Matriculation Higher Secondary School,school,Chennai
13.0735855,80.2088301,Kanmani Montessori School,school,Chennai
13.0798455,80.2106862,Anna Adharsh College for Women,college,Chennai
13.0734099,80.2062046,Ambal Metriculation School,school,Chennai
13.0442984,80.1853388,La Chatlaine,school,Chennai
13.0745115,80.2139192,Kolla Perumal (KPVCSS),school,Chennai
13.0397071,80.1996798,PSBB School,school,Chennai
13.0382542,80.1976842,Sri Krishna Swamy Mat. Hr. Sec. School,school,Chennai
13.0538146,80.2143813,Janaki Ramachandran Matriculation Scool,school,Chennai
13.0247563,80.189912,Amrita Vidyalaya,school,Chennai
13.0542995,80.2028196,Govt School,school,Chennai
13.0543125,80.2059776,Barathi Vidayala School - Block 1,school,Chennai
13.0538945,80.2061707,Barathi Vidayala School - Block 2,school,Chennai
13.0916188,80.2075894,"Chinmaya Vidhyalaya, Anna Nagar",school,Chennai
13.0017,80.266308,St.Johns English School,school,Chennai
13.076586,80.2666606,சென்னை மாநகராட்ச்சி பள்ளி-சிந்தாரிபேட்டை,school,Chennai
13.0687761,80.218961,IID Community College,college,Chennai
13.054758,80.2412002,Padma Seshadri Bala Bhavan Higher Secondary School,school,Chennai
13.0231287,80.2180065,Diana Nursery & Primary School,school,Saidapet
13.0348934,80.238973,தென் இந்திய இந்தி பரப்புரை கூட்டமைப்பு,school,Chennai
13.0977041,80.2285669,Soundara Pandiya Nadar School,school,Chennai
13.0286604,80.2243406,Oxford Matriculation Higher Secondary School,school,Chennai
13.0679752,80.2242291,PANIMALAR POLYTECHNIC COLLEGE,school,Chennai
13.0372385,80.2334005,Target soft solution,school,Chennai
13.0048641,80.252718,Aathichudy Special School,school,Kanchipuram
13.0592368,80.2337307,Loyola-Icam College of Engineering and Technology,college,Chennai
13.0361057,80.2365642,செ.தெ நாயகம் தியாகராய நகர் மேனிலைப் பள்ளி,school,Chennai
13.05904,80.2367929,Loyola Institute of Business Administration,college,Chennai
13.0358756,80.2374395,குண்டூர் சுப்பையா பிள்ளை தி.நகர் பெண்கள் மேல் நிலைப்பள்ளி,school,Chennai
13.0105838,80.2353736,அண்ணா பல்கலைக்கழகம்,college,Chennai
13.0278146,80.2444728,Govt.Hr secondary school,school,Chennai
13.07553,80.2202914,Government Yoga And Naturopathy Medical College & Hospital,college,Chennai
13.0490522,80.2465644,Bala Mandir Kamaraj Trust,school,Chennai
13.0494342,80.2581387,National Public School,school,Chennai
13.0499352,80.2566304,ஸ்ரீ சாரதா பள்ளி,school,Chennai
13.0502398,80.2566442,D.A.V Boys Higher Secondary School,school,Chennai
13.0542403,80.2465591,Elemenopy,kindergarten,Chennai
13.054456,80.2474328,Footprints,kindergarten,Chennai
13.039242,80.2563567,Peace Academy Chennai,school,Chennai
13.0260311,80.2114987,Manimegalai Vidhyalaya Nursery and Primary School,school,Chennai
13.0293598,80.2068015,Seethalakshmi Vidhyalaya School,school,Chennai
13.0294143,80.2124208,Chennai High School,school,Chennai
13.0283513,80.2091487,Apple Kids International Pre School,school,Chennai
13.0482979,80.2464292,Satyamurthi high school,school,Chennai
13.0537478,80.2591932,MEASI Academy of Architecture,college,Chennai
13.0501982,80.2402338,Venkatasubba Rao matrix Hr Secy School,school,Chennai
13.0719886,80.1894086,LBEAAR Matric Hr. Sec. School,school,Chennai
13.1355943,80.2515179,FES Matriculation Higher Secoundary School,school,Chennai
13.1031947,80.2093113,St. John Williams Matriculation School,school,Chennai
13.1084682,80.208451,Singaram Pillai Girls High School,school,Chennai
13.1333596,80.2334549,St Anne's Arts And Science College,college,Chennai
13.132247,80.2361716,St Anne's School,school,Chennai
13.1320397,80.2388481,St Anne's Matriculation School,school,Chennai
13.1416026,80.2366698,St Anns Metric Secondary School,school,Chennai
13.0034528,80.2677285,Olcott Memorial HSS,school,Chennai
13.0885001,80.2777394,SSV Hr Sec School,school,Chennai
13.0883355,80.2772191,AB Parekh Hr Sec School,school,Chennai
13.0752066,80.272253,Alamelu Mangai thayarammal Montessori School,kindergarten,Chennai
13.0756063,80.2720867,Dhanakoti Middle School,school,Chennai
13.0755096,80.2722477,Kalyanam Girls High School,school,Chennai
13.0763065,80.2719607,Kalyanam Girls Higher Secondary School,school,Chennai
13.075008,80.2732159,Chintadripet Boys Higher Secondary School,school,Chennai
13.0736154,80.2678488,Chintadripet Middle School,school,Chennai
13.074522,80.2694716,Rao Bahadur Calavala Cunnan Chetty Middle School,school,Chennai
13.089879,80.2862748,NIIT,college,Chennai
13.0784245,80.282892,KYM,school,Chennai
13.0502159,80.2699958,Gill Adarsh Matriculation Higher Secondary School,school,Chennai
13.0557408,80.2719053,மணிஸ் நர்சரி மற்றும் பிரைமரி பள்ளி,school,Chennai
13.0264807,80.2772672,Gigglewhiz,kindergarten,Chennai
13.0614063,80.279333,ground,university,chennai
13.0950602,80.2892677,C.S.I. Anderson Rajagopaul Girls Higher Secondary School,school,Chennai
12.8956004,80.1214822,GKM College of Engineering,college,Chennai
12.8684808,80.0619303,Govt School,school,Chennai
12.8682533,80.0617444,4th Cross Street,school,Chennai
12.8602215,80.1327545,Tagore Engineering Clg,college,Chennai
12.9218101,80.0925259,SKB Vidhyashram Play School - எஸ்கேபி வித்யாஸ்ரம் பிளே ஸ்கூல்,school,Chennai
13.1876324,80.3157985,Nursery / Primary School,kindergarten,Chennai
