lat,lon,name,type,specialization,address
12.9960126,80.2678,Spencers,supermarket,General Stationery,"2nd Avenue, Chennai"
13.0703937,80.2155995,Spencers,department_store,General Stationery,", Chennai"
13.0328095,80.2570496,Spencers Daily,supermarket,General Stationery,"CP Ramaswamy Road, Chennai"
13.0768878,80.2108686,Spencer's,supermarket,General Stationery,"Poonamallee High Road, Chennai"
13.0443873,80.1855534,Spencers,supermarket,General Stationery,"Arcot Road, Chennai"
13.0267144,80.2614084,Spencer's Daily,supermarket,General Stationery,"2nd Main Road, Chennai"
13.0501632,80.2040587,Spencers Super Market,supermarket,General Stationery,"Arunachalam St, Vadapalani"
12.9825831,80.18853,Spencer's,supermarket,General Stationery,"4th Main Road, Nanganallur, Chennai"
13.0922011,80.2155811,Hi Stationery,stationery,General Stationery,", Chennai"
13.0407849,80.2469704,Students Xerox Teynampet,copyshop,Copy & Printing Services,", Chennai"
13.0162691,80.1751001,PhotoStudio,copyshop,Copy & Printing Services,", Chennai"
13.0605423,80.2406254,Eagle Book Store,stationery,General Stationery,", Chennai"
12.9818346,80.2198124,Stamp Vendor,copyshop,Copy & Printing Services,", Chennai"
13.0938933,80.2820863,sri chakra industries,stationery,General Stationery,"Govindappa Naicken Street, Chennai"
12.9852747,80.2317187,Raja Xerox,copyshop,Copy & Printing Services,", Chennai"
12.9276967,80.127524,"fast track computers service, print , Xerox ship",copyshop,Copy & Printing Services,", Chennai"
12.926071,80.126482,"Antony Xerox , courier shop",copyshop,Copy & Printing Services,", Chennai"
12.8045788,80.2235916,Ram xerox,copyshop,Copy & Printing Services,", Chennai"
12.804874,80.2238995,N.N.Fancy store,stationery,General Stationery,"Rajiv Gandhi Salai, Chennai"
13.0590922,80.236526,Unnamed Stationery Shop,stationery,General Stationery,", Chennai"
13.0865649,80.1926503,Bhavani Plastics & Stationery,stationery,General Stationery,"Gandhi nagar, Padikuppam Road,    Anna Nagar West, Chennai, Chennai"
12.9811178,80.2294443,News Paper,newsagent,General Stationery,", Chennai"
13.0120811,80.1306359,paper plastick,paper_shop,General Stationery,"Kundrathur Main Road periyapanicherry, chennai"
13.0836963,80.2127994,New Raja Thread Stores,stationery,General Stationery,", Chennai"
12.9540688,80.1422549,Penguin Xerox,copyshop,Copy & Printing Services,", Chennai"
13.0324796,80.2652114,Stationery,stationery,General Stationery,"Alamelumangapuram, Chennai"
13.0533167,80.245562,Master Copiers,copyshop,Copy & Printing Services,", Chennai"
13.0538941,80.2498548,Makoba,stationery,General Stationery,", Chennai"
12.911734,80.1370679,Stationary shop,stationery,General Stationery,", Chennai"
12.973811,80.1879219,Stationery Store,stationery,General Stationery,", Chennai"
13.0292686,80.2085889,Xerox World,computer,Copy & Printing Services,"Shop No : 1, 90, Kasi Estate, West Jafferkhanpet, Chennai, Tamil Nadu 600083, Chennai"
13.0314205,80.2096311,Artist Maya Wedding Cards,copyshop,Copy & Printing Services,"B 225, 15th Ave, Ashok Nagar, Chennai, Tamil Nadu"
12.9695334,80.1899743,Adyar Student Xerox,copyshop,Copy & Printing Services,"Medavakkam Main Road, Chennai"
13.0648495,80.2588939,Unnamed Stationery Shop,copyshop,General Stationery,", Chennai"
12.845187,80.226299,A to Z Shopping Bazar,stationery,General Stationery,"Rajiv Gandhi Street, Chennai"
13.056052,80.2515504,BMS Prints,copyshop,Copy & Printing Services,", Chennai"
13.0597934,80.2428525,Students Xerox,copyshop,Copy & Printing Services,", Chennai"
13.0886343,80.2850842,Gem & Co,stationery,General Stationery,", Chennai"
13.0905732,80.2843416,Sri Srinvasa Paper Mart,stationery,General Stationery,", Chennai"
13.0905561,80.2843359,Aristo Paper Agencies,stationery,General Stationery,", Chennai"
13.0905412,80.2843309,Madras Papers,stationery,General Stationery,", Chennai"
13.0904148,80.2843029,Metro Papers,stationery,General Stationery,", Chennai"
13.0903064,80.2842709,Bishi Paper,stationery,General Stationery,", Chennai"
13.0901832,80.2842513,Star Premier Paper Mart,stationery,General Stationery,", Chennai"
13.0901027,80.2842316,Rose Paper Stores,stationery,General Stationery,", Chennai"
13.0900521,80.2842208,Visalachi Paper Mart,stationery,General Stationery,", Chennai"
13.0899787,80.2842058,A. K. Stationery,stationery,General Stationery,", Chennai"
13.0898188,80.2841624,New Burma Paper and Stationery,stationery,General Stationery,", Chennai"
13.0943709,80.2863411,Chandra Tradelinks,stationery,General Stationery,", Chennai"
13.0934923,80.2911557,Imagine Business Machine,copyshop,Copy & Printing Services,", Chennai"
13.0957869,80.2914333,Inbox Studio Xerox Prints,copyshop,Copy & Printing Services,", Chennai"
13.0957571,80.2893734,Apple Stationery,stationery,General Stationery,", Chennai"
13.0962046,80.2906678,Bagdad Stationery House,stationery,General Stationery,", Chennai"
13.0962637,80.2904025,Royal Studio,copyshop,Copy & Printing Services,", Chennai"
13.0963446,80.2900661,Star Xerox,copyshop,Copy & Printing Services,", Chennai"
13.0965175,80.2888648,S. M. S. Konica,copyshop,Copy & Printing Services,", Chennai"
13.0965573,80.2886602,Raghavendra Xerox & Telecoms,computer,Copy & Printing Services,", Chennai"
13.0965818,80.2885299,Abbas Stationery,stationery,General Stationery,", Chennai"
13.0991601,80.2800384,Sree Lakshmi Narasimha Stationery & Xerox,stationery,General Stationery,", Chennai"
13.0921712,80.284804,Royal Paper Mart,stationery,General Stationery,", Chennai"
13.0926781,80.2849062,Visalachi Paper Mart,stationery,General Stationery,", Chennai"
13.0927381,80.2849172,Hindustan Paper and Stationery Stores,stationery,General Stationery,", Chennai"
13.0928583,80.2849386,Sun Papers,stationery,General Stationery,", Chennai"
13.0886035,80.2838986,Olympic Cards,stationery,General Stationery,", Chennai"
13.0886015,80.283978,Mist Cards,stationery,General Stationery,", Chennai"
13.0886037,80.2839415,AVM Stationeries,stationery,General Stationery,", Chennai"
13.0886757,80.2839081,Silver Star Cards,stationery,General Stationery,", Chennai"
13.088739,80.2839128,Golden Stationery Stores,stationery,General Stationery,", Chennai"
13.0886225,80.2846887,oliver pens,stationery,General Stationery,", Chennai"
13.0900039,80.2846789,Jagson & Co.,stationery,General Stationery,", Chennai"
13.0892976,80.2844706,Poornima Stationery Centre,stationery,General Stationery,", Chennai"
13.0885926,80.2823578,K.L.S Stationery,stationery,General Stationery,", Chennai"
13.088597,80.2823367,A.V.M. Stores,stationery,General Stationery,", Chennai"
13.0892391,80.2821617,Adarsh Prints Mills Depot,clothes,Copy & Printing Services,", Chennai"
13.0885106,80.2832915,Novelty Stationeries,stationery,General Stationery,", Chennai"
13.0885179,80.2832076,P.R. Natham and Co.,stationery,General Stationery,", Chennai"
13.0885211,80.2831624,Raasi Trading Company,stationery,General Stationery,", Chennai"
13.0959737,80.2796803,Raja Rajeswari Shop,stationery,General Stationery,", Chennai"
13.0893058,80.2797418,Naman Papers,stationery,General Stationery,", Chennai"
13.0897821,80.2798775,Gift-o-pens,stationery,General Stationery,", Chennai"
13.0898634,80.2798318,S. Babulal,stationery,General Stationery,", Chennai"
13.0909466,80.2799829,Madras Paper Mart,stationery,General Stationery,", Chennai"
13.0925864,80.2802037,Boys Note Books Traders,stationery,General Stationery,", Chennai"
13.0923716,80.2801691,Maharaja Paper Mart,stationery,General Stationery,", Chennai"
13.0923163,80.2801596,Vijaya Lakshmi Paper Mart,stationery,General Stationery,", Chennai"
13.0922169,80.2801425,Vinay Marketing,stationery,General Stationery,", Chennai"
13.0922214,80.2800368,Rakhi Stationery Mart,stationery,General Stationery,", Chennai"
13.0921809,80.2800372,Metallic Paper House,stationery,General Stationery,", Chennai"
13.092139,80.2800294,Oswald Gift 'N' Stationery,stationery,General Stationery,", Chennai"
13.0899715,80.2797518,Raja Pen Company,stationery,General Stationery,", Chennai"
13.0904958,80.2798294,Basant Paper House,stationery,General Stationery,", Chennai"
13.0905375,80.2798356,Madhu Trading Co,stationery,General Stationery,", Chennai"
13.0570104,80.2652241,ak printers,copyshop,Copy & Printing Services,", Chennai"
13.1016183,80.2821154,Al-Hudha Telecom & Stationery,mobile_phone,General Stationery,", Chennai"
13.103066,80.2798982,Prakash Prints,copyshop,Copy & Printing Services,", Chennai"
13.1023647,80.2845814,Milans,stationery,General Stationery,", Chennai"
13.1019565,80.2799138,Mint Xerox,copyshop,Copy & Printing Services,", Chennai"
13.0992887,80.2865986,Devi Prints & Xerox,copyshop,Copy & Printing Services,", Chennai"
13.125647,80.2014939,Saisakthi xerox,copyshop,Copy & Printing Services,", Chennai"
13.1256026,80.2016132,Sai fancy store,stationery,General Stationery,", Chennai"
13.1253848,80.2013349,Sree kumara ganesa entrprizes,copyshop,Copy & Printing Services,", Chennai"
12.9905001,80.2349203,Photocopy shop,copyshop,Copy & Printing Services,", Chennai"
12.9207595,80.1969276,Ganesh Store,copyshop,Copy & Printing Services,", Chennai"
12.920786,80.1967065,Omega Xerox,copyshop,Copy & Printing Services,", Chennai"
13.0884427,80.2817837,Xerox,stationery,General Stationery,", Chennai"
13.0099351,80.2376893,Students Amenities Centre,stationery,General Stationery,", Chennai"
12.9421901,80.1425041,Spencers Daily,supermarket,General Stationery,"Dr.Rajendra Prasath Road, Chennai"
13.0476892,80.2640996,Spencer's Food World,supermarket,General Stationery,"Avvai Shanmugam Salai, chennai"
12.9849092,80.2614437,Lingeshwar Gift & Stationary Shop,gift,General Stationery,", Chennai"
12.9204105,80.1223248,Stationery Shop,stationery,General Stationery,", Chennai"
13.08877,80.2873015,A Star Xeroxs,copyshop,Copy & Printing Services,", Chennai"
13.061635,80.261095,Spencer Plaza,mall,General Stationery,", Chennai"
13.0517506,80.2273553,Spencer’s,convenience,General Stationery,"UI Colony 1st Main Road, Chennai"
13.092394,80.2805196,Unnamed Stationery Shop,stationery,General Stationery,", Chennai"
13.0922994,80.2804943,Unnamed Stationery Shop,stationery,General Stationery,", Chennai"
