CellID,Lat,Lon,apartments,tourist_places,supermarkets,clothing_shops,RawScore,Score_0_1000,Rank
1.0,12.854521858664786,80.13449155587494,0.8199498879978622,1.551021823511689,0.0,-0.0,2.370971711509551,394.0615240310888,558
2.0,12.854521858664786,80.14347466762486,2.205443506626945,2.194274368783396,0.4329680220296155,-0.0,4.832685897439956,396.9388032832903,513
3.0,12.854521858664786,80.15245777937477,2.85610975844625,1.559975458525252,0.8096878751386372,-0.0,5.225773092110139,397.3982480214305,508
4.0,12.854521858664786,80.16144089112467,4.772619919322105,1.1332408371176126,0.5851017553707664,-0.0,6.490962511810484,398.87701565750064,486
5.0,12.854521858664786,80.17042400287458,7.666392646269256,0.0,0.0,-0.0,7.666392646269256,400.2508716305539,476
6.0,12.854521858664786,80.1794071146245,8.833769864642418,0.0,0.0,-0.0,8.833769864642418,401.6153152646342,462
7.0,12.854521858664786,80.18839022637441,6.244735174703597,1.3378618914688922,0.0,-0.0,7.5825970661724895,400.15293041324423,477
8.0,12.854521858664786,80.19737333812432,22.808984386552634,7.30657877013067,0.0,-0.0,30.115563156683304,426.48971483498366,372
9.0,12.854521858664786,80.20635644987422,47.728865609055426,10.04953826645406,0.0,-0.0,57.77840387550948,458.82235446964984,276
10.0,12.854521858664786,80.21533956162413,48.39357418089438,7.969504553465522,0.0,-0.867399561767286,55.49567917259262,456.1542801400916,286
11.0,12.854521858664786,80.22432267337405,37.707054521407855,7.1924017689073905,0.0,-1.7200576947018278,43.179398595613414,441.75887275649995,329
12.0,12.854521858664786,80.23330578512396,38.26992925707664,9.35021300995565,0.0,-1.3180132313279092,46.30212903570438,445.4087552476699,317
13.0,12.854521858664786,80.24228889687387,26.692414600150983,6.694103759410865,0.28913981382753856,-0.0,33.67565817338939,430.6507939667444,353
14.0,12.854521858664786,80.25127200862377,8.179345516327842,2.523733964603072,0.20747028793252476,-0.0,10.910549768863438,404.0426789951421,451
15.0,12.854521858664786,80.26025512037369,0.0,0.0,0.0,-0.0,0.0,391.2903056044847,621
16.0,12.854521858664786,80.2692382321236,0.0,0.0,0.0,-0.0,0.0,391.2903056044847,621
17.0,12.854521858664786,80.27822134387351,0.0,0.0,0.0,-0.0,0.0,391.2903056044847,621
18.0,12.863565575994357,80.13449155587494,0.0,2.3719638634460463,0.0,-0.0,2.3719638634460463,394.06268366944096,557
19.0,12.863565575994357,80.14347466762486,0.7476736102456395,1.8168343389534802,0.0,-0.0,2.5645079491991196,394.2877313643512,549
20.0,12.863565575994357,80.15245777937477,2.52488960299747,0.5378039018232454,0.0,-0.0,3.0626935048207153,394.8700162498708,536
21.0,12.863565575994357,80.16144089112467,6.02115140364907,0.0,0.0,-0.0,6.02115140364907,398.32789514558556,497
22.0,12.863565575994357,80.17042400287458,9.914587146534513,0.0,0.0,-0.0,9.914587146534513,402.8785866705443,456
23.0,12.863565575994357,80.1794071146245,10.06519543046431,0.0,0.0,-0.0,10.06519543046431,403.0546193282092,454
24.0,12.863565575994357,80.18839022637441,5.700469763841127,0.7431207093342841,0.0,-0.0,6.443590473175411,398.8216466854736,489
25.0,12.863565575994357,80.19737333812432,29.457953160721154,2.999210408546915,0.0,-0.0,32.45716356926807,429.22660375676975,359
26.0,12.863565575994357,80.20635644987422,67.04158862822588,5.668414707320954,0.0,-0.0,72.71000333554683,476.2745760045845,229
27.0,12.863565575994357,80.21533956162413,54.1069288385961,5.376620804228293,0.0,-0.0,59.48354964282439,460.81534803743085,271
28.0,12.863565575994357,80.22432267337405,21.70560717577912,6.328137622215784,0.0,-0.0,28.033744797994906,424.0564621021761,382
29.0,12.863565575994357,80.23330578512396,15.423461978157803,7.553427356991332,0.5765684584430818,-0.0,23.553457793592216,418.819852216531,396
30.0,12.863565575994357,80.24228889687387,11.161081195205012,7.682511521747653,1.0705189299068918,-0.0,19.914111646859556,414.5661434718598,409
31.0,12.863565575994357,80.25127200862377,3.6132795215959446,3.9247860246301407,0.7681526381066281,-0.0,8.306218184332714,400.9987069220026,471
32.0,12.863565575994357,80.26025512037369,0.8091719481935185,0.0,0.2130151076039869,-0.0,1.0221870557975055,392.48504934213094,593
33.0,12.863565575994357,80.2692382321236,0.0,0.0,0.0,-0.0,0.0,391.2903056044847,621
34.0,12.863565575994357,80.27822134387351,0.0,0.0,0.0,-0.0,0.0,391.2903056044847,621
35.0,12.872609293323928,80.13449155587494,0.0,1.834702298936526,0.0,-0.0,1.834702298936526,393.4347263048518,574
36.0,12.872609293323928,80.14347466762486,0.0,2.364132401487865,0.0,-0.7062027615154576,1.6579296399724073,393.2281124311125,577
37.0,12.872609293323928,80.15245777937477,1.167050269994287,2.3132267551551107,0.0,-1.0992236057493767,2.381053419400021,394.07330764476166,555
38.0,12.872609293323928,80.16144089112467,3.345749742290838,1.5545888152645846,0.0,-0.6612885226929699,4.239050034862453,396.24495500450996,519
39.0,12.872609293323928,80.17042400287458,5.645530764876284,0.3901742471377018,0.0,-0.0,6.0357050120139855,398.3449055668734,496
40.0,12.872609293323928,80.1794071146245,5.969957466452876,0.0,0.41476490673696553,-0.5855147139852545,5.799207659204587,398.0684847986428,500
41.0,12.872609293323928,80.18839022637441,5.440919543156055,0.0,0.4464183599949041,-0.9635517170690222,4.923786186081937,397.0452823261773,511
42.0,12.872609293323928,80.19737333812432,155.37326582098683,1.7281891840366204,0.0,-0.6128608608247036,156.48859414419874,574.1959360431006,104
43.0,12.872609293323928,80.20635644987422,279.72622852224777,6.375922804140812,0.0,-0.0,286.1021513263886,725.6897207463795,24
44.0,12.872609293323928,80.21533956162413,194.27307150194383,9.904963548629134,0.0,-0.0,204.17803505057296,629.9358914177898,62
45.0,12.872609293323928,80.22432267337405,29.503151436890242,9.055137985352909,0.0,-0.0,38.55828942224315,436.3576683345207,338
46.0,12.872609293323928,80.23330578512396,10.169802984779786,7.749880807372017,0.784545198533309,-0.0,18.70422899068511,413.1520190035908,414
47.0,12.872609293323928,80.24228889687387,9.027931320487598,6.787629302610833,1.4566385873768457,-0.0,17.27219921047528,411.4782464760237,419
48.0,12.872609293323928,80.25127200862377,6.125360361565144,3.747728235929768,1.0452258706762398,-0.0,10.91831446817115,404.05175446310074,450
49.0,12.872609293323928,80.26025512037369,2.2753613478258234,0.0,0.2898631376810041,-0.0,2.5652244855068274,394.28856886005366,548
50.0,12.872609293323928,80.2692382321236,0.0,0.0,0.0,-0.0,0.0,391.2903056044847,621
51.0,12.872609293323928,80.27822134387351,0.0,0.0,0.0,-0.0,0.0,391.2903056044847,621
52.0,12.8816530106535,80.13449155587494,2.5458004578282285,0.8835467214506674,0.24628625717537106,-0.4386658929803581,3.236967543473909,395.07370970806346,534
53.0,12.8816530106535,80.14347466762486,0.0,3.181132160988258,0.33271736762489645,-2.2844830301612973,1.2293664984518573,392.72720300693845,588
54.0,12.8816530106535,80.15245777937477,0.0,5.302158527378965,0.0,-2.749604602122219,2.552553925256746,394.2737593666,550
55.0,12.8816530106535,80.16144089112467,0.45113301184979754,3.9669765407251263,0.0,-1.654181271401042,2.763928281173882,394.52081609325165,543
56.0,12.8816530106535,80.17042400287458,1.915360545643102,1.6075506724105482,0.832603530664505,-2.29284685043385,2.0626678982843054,393.70117506359395,570
57.0,12.8816530106535,80.1794071146245,2.5716901863783006,1.9368959060531847,2.255139500359669,-7.29084300837544,-0.5271174155842848,390.6742048353528,639
58.0,12.8816530106535,80.18839022637441,34.546673267169595,1.9466147074100304,2.3661571824548426,-8.098918747305287,30.760526409729177,427.24355514553935,367
59.0,12.8816530106535,80.19737333812432,306.49761146490107,2.165831543279327,0.7595775255030921,-3.0364527425184007,306.38656779116513,749.3983750534828,19
60.0,12.8816530106535,80.20635644987422,515.0789197368566,6.12744325500349,0.0,-0.41253018599976565,520.7938328058603,1000.0,1
61.0,12.8816530106535,80.21533956162413,353.3230982245284,11.169094773067714,0.0,-0.0,364.49219299759613,817.3128838937821,8
62.0,12.8816530106535,80.22432267337405,86.75334101370221,10.312583564823626,0.0,-0.4358254744323188,96.63009910409352,504.2326532090265,181
63.0,12.8816530106535,80.23330578512396,13.701590905680916,7.046834123349713,0.39233329793214083,-0.0,21.140758326962768,415.9998619200105,405
64.0,12.8816530106535,80.24228889687387,9.291741108636323,5.252159669605794,0.7284158326448801,-0.0,15.272316610886996,409.14076118080885,432
65.0,12.8816530106535,80.25127200862377,5.491930928846002,2.579031752905794,0.5226884267916664,-0.0,8.593651108543462,401.33466175947234,469
66.0,12.8816530106535,80.26025512037369,2.201718938504641,0.0,0.0,-0.0,2.201718938504641,393.86369948471054,565
67.0,12.8816530106535,80.2692382321236,0.0,0.0,0.0,-0.0,0.0,391.2903056044847,621
68.0,12.8816530106535,80.27822134387351,0.0,0.0,0.0,-0.0,0.0,391.2903056044847,621
69.0,12.89069672798307,80.13449155587494,34.26584996866883,1.3058313951072176,1.0683333827293715,-1.5290278884229433,35.11098685808248,432.3284222910075,348
70.0,12.89069672798307,80.14347466762486,0.5460102420134716,4.573980811024278,1.1344197358056802,-3.6504806581852876,2.603930130658142,394.3338084538186,547
71.0,12.89069672798307,80.15245777937477,0.0,6.970220864139973,0.5923817938288284,-3.5658810228656743,3.996721635103127,395.9617188429638,524
72.0,12.89069672798307,80.16144089112467,2.25880649307074,4.934622308348769,0.0,-1.5207047680951447,5.672724033324364,397.9206493128791,501
73.0,12.89069672798307,80.17042400287458,5.0049562294078465,2.820674440177445,1.4280913867481237,-5.205742633376721,4.047979422956695,396.02162952241946,522
74.0,12.89069672798307,80.1794071146245,6.18968393226891,4.248723309160524,3.8313935274189905,-14.491911023736662,-0.22211025488823744,391.03070063826084,636
75.0,12.89069672798307,80.18839022637441,31.737500940946486,4.2652451015044965,3.9836737037569696,-14.986599558432403,24.999820187775548,420.5103768646535,391
76.0,12.89069672798307,80.19737333812432,256.65997382702244,3.805129697552758,1.6050873991933223,-6.2590204243656,255.81117049940298,690.2852813681424,33
77.0,12.89069672798307,80.20635644987422,430.63266392138576,5.680114534990903,0.0,-0.41512874895317053,435.89764970742345,900.77238551237,3
78.0,12.89069672798307,80.21533956162413,309.4561429570965,12.521140925093267,0.0,-1.1709014981104522,320.80638238407937,766.2524166745264,16
79.0,12.89069672798307,80.22432267337405,89.80866890234786,19.618391046850284,0.0,-3.5873051877275635,105.83975476147057,514.9970024150965,162
80.0,12.89069672798307,80.23330578512396,39.184610549140466,14.022741081513777,0.0,-3.4591248410325672,49.748226789621675,449.436593095408,305
81.0,12.89069672798307,80.24228889687387,11.509768050027166,7.302359735419508,0.0,-1.0107720685279566,17.801355716918717,412.09673055750596,416
82.0,12.89069672798307,80.25127200862377,5.275531929347726,3.557642182423396,0.0,-0.0,8.833174111771122,401.6146189419718,463
83.0,12.89069672798307,80.26025512037369,0.9809445810667877,0.6360898020234054,0.0,-0.0,1.6170343830901932,393.1803135945079,578
84.0,12.89069672798307,80.2692382321236,0.0,0.0,0.0,-0.0,0.0,391.2903056044847,621
85.0,12.89069672798307,80.27822134387351,0.0,0.0,0.0,-0.0,0.0,391.2903056044847,621
86.0,12.899740445312641,80.13449155587494,20.771851292272892,1.843439082227554,1.9092786502227241,-8.672728250134522,15.851840774588648,409.8181155470867,427
87.0,12.899740445312641,80.14347466762486,5.204279914059013,5.230814952997333,2.746233052603122,-10.147578110180833,3.0337498094786355,394.83618653293377,537
88.0,12.899740445312641,80.15245777937477,3.930668610298785,6.86984187716379,1.8625716795164662,-3.9307024339085634,8.732379733070477,401.49680933749727,466
89.0,12.899740445312641,80.16144089112467,8.140348865635831,4.831858879884633,0.2113718009234377,-0.5137780081340441,12.669801538309857,406.09891226728934,443
90.0,12.899740445312641,80.17042400287458,12.683667926524329,2.711050180525966,0.9377855202695169,-4.36878227888868,11.963721348431132,405.27363779296576,447
91.0,12.899740445312641,80.1794071146245,13.632668537447126,5.190420317419598,2.48890279195855,-11.866639431557298,9.44535221526798,402.33013960067,457
92.0,12.899740445312641,80.18839022637441,10.336312820990567,7.784056330077497,2.560729043455292,-16.67418969285429,4.006908501669066,395.9736253672803,523
93.0,12.899740445312641,80.19737333812432,74.73045936262449,8.296776153255214,1.021300134159429,-8.174379072325559,75.87415657771356,479.97287393311984,224
94.0,12.899740445312641,80.20635644987422,146.84165514474967,8.95787669994855,0.0,-0.0,155.7995318446982,573.3905522706227,106
95.0,12.899740445312641,80.21533956162413,133.52993235441724,23.508208882341574,0.0,-2.9920598752661336,154.04608136149267,571.3410996071393,110
96.0,12.899740445312641,80.22432267337405,90.53746612457095,34.66451461393981,0.0,-7.470765802125122,117.73121493638564,528.8958749305231,150
97.0,12.899740445312641,80.23330578512396,66.46864118825346,26.7371702960188,0.0,-7.291399833572971,85.9144116506993,491.70803708626806,196
98.0,12.899740445312641,80.24228889687387,22.349989789725363,9.444201755081112,0.0,-2.7841448535202753,29.0100466912862,425.1975747453526,378
99.0,12.899740445312641,80.25127200862377,5.588723606786222,3.558347832603419,0.0,-0.545130174301698,8.601941265087943,401.34435138776445,468
100.0,12.899740445312641,80.26025512037369,0.999140796765135,0.7020265230882474,0.0,-0.0,1.7011673198533823,393.2786491180869,576
101.0,12.899740445312641,80.2692382321236,0.0,0.0,0.0,-0.0,0.0,391.2903056044847,621
102.0,12.899740445312641,80.27822134387351,0.0,0.0,0.0,-0.0,0.0,391.2903056044847,621
103.0,12.908784162642213,80.13449155587494,21.351600978873286,9.528087482023068,3.3164656327175646,-21.36505638981685,12.83109770379707,406.2874370412328,441
104.0,12.908784162642213,80.14347466762486,17.530573531584235,12.854981111153254,4.655228423797682,-22.760054956365053,12.280728110170116,405.6441588646532,444
105.0,12.908784162642213,80.15245777937477,14.342701259257309,11.353535332217408,3.72273766854509,-11.092150295897165,18.32682396412264,412.71090376007015,415
106.0,12.908784162642213,80.16144089112467,15.394434292693319,6.45534032698189,1.832562688915106,-0.8684929832142223,22.813844325376095,417.95538366900024,400
107.0,12.908784162642213,80.17042400287458,16.95244397330223,5.547489508856815,0.8257041330580831,-0.0,23.325637615217126,418.5535734274588,398
108.0,12.908784162642213,80.1794071146245,20.23195813130362,7.279601122715045,0.6406803620509157,-11.040624076944649,17.11161553912493,411.290554473248,420
109.0,12.908784162642213,80.18839022637441,21.34366659597505,10.548072260538143,0.3238107170724261,-22.075138546230995,10.140411027354624,403.14253216456177,453
110.0,12.908784162642213,80.19737333812432,21.161037713894043,11.666099832825154,0.0,-17.592045058982475,15.235092487736726,409.09725320663625,433
111.0,12.908784162642213,80.20635644987422,14.293893944378292,11.808366386808409,0.0,-6.2929456891481586,19.80931464203854,414.4436555529179,410
112.0,12.908784162642213,80.21533956162413,45.46638111713232,25.073864146453424,0.0,-2.435156098209485,68.10508916537626,470.89230048465333,245
113.0,12.908784162642213,80.22432267337405,77.37790281370441,35.25144481530349,0.0,-6.135316738748533,106.49403089025937,515.7617277196563,159
114.0,12.908784162642213,80.23330578512396,60.66310000801923,24.334024962579047,0.0,-6.051687033298878,78.9454379372994,483.56262215982946,214
115.0,12.908784162642213,80.24228889687387,22.924558734274807,9.04908647908675,0.0,-3.8066497032753333,28.166995510086224,424.21220703448085,380
116.0,12.908784162642213,80.25127200862377,4.153305798020335,4.059743216819156,0.0,-2.087948915648435,6.125100099191056,398.4493915510927,494
117.0,12.908784162642213,80.26025512037369,1.1191065412530556,2.1429175600732697,0.0,-1.147960070203721,2.1140640311226044,393.7612474422251,567
118.0,12.908784162642213,80.2692382321236,0.0,0.0,0.0,-0.0,0.0,391.2903056044847,621
119.0,12.908784162642213,80.27822134387351,0.0,0.0,0.0,-0.0,0.0,391.2903056044847,621
120.0,12.917827879971783,80.13449155587494,53.99397203532254,28.147068993781026,5.741834368903675,-39.64916960910695,48.23370578890031,447.6664039006977,310
121.0,12.917827879971783,80.14347466762486,38.88218070728196,28.977538352593974,6.610145158205343,-34.16908291437618,40.3007813037051,438.39431246092454,336
122.0,12.917827879971783,80.15245777937477,24.25938240877722,24.266238216304295,6.037816923664246,-19.049615891102142,35.51382165764362,432.79926013947363,346
123.0,12.917827879971783,80.16144089112467,18.14657115501137,15.210970027521583,3.7718172850645892,-4.527064459211454,32.60229400838609,429.3962338477542,357
124.0,12.917827879971783,80.17042400287458,16.429684451251873,11.322801799891531,2.2706151913877637,-0.0,30.023101442531164,426.3816445426348,376
125.0,12.917827879971783,80.1794071146245,34.251482606515886,9.692146280552189,0.7034467618858555,-10.542869972966612,34.104205675987316,431.1516851119696,349
126.0,12.917827879971783,80.18839022637441,63.61891918606132,9.827610795537208,0.44408103412967365,-25.87429068900965,48.01632032671854,447.4123213253765,311
127.0,12.917827879971783,80.19737333812432,65.90465713904089,10.922044810153897,1.066793748649598,-27.379573399602357,50.51392229824203,450.33154662537055,301
128.0,12.917827879971783,80.20635644987422,33.06930106788941,10.286734765104232,0.8577358342358178,-13.187672807194007,31.026098860035454,427.55395921502475,365
129.0,12.917827879971783,80.21533956162413,26.582158236693648,13.089654953335437,0.2807512256193285,-1.5315863434057264,38.42097807224268,436.1971772829169,340
130.0,12.917827879971783,80.22432267337405,34.3956650957367,18.785234600949533,0.0,-1.6433604120105025,51.53753928467574,451.5279616820411,299
131.0,12.917827879971783,80.23330578512396,31.94919595465536,14.653803389652825,0.0,-2.218994684521018,44.384004659787166,443.16682988463964,327
132.0,12.917827879971783,80.24228889687387,13.941848536523052,7.898966118781311,0.0,-2.0666383991748725,19.77417625612949,414.4025854119121,411
133.0,12.917827879971783,80.25127200862377,6.7934275922926854,11.171559804323865,0.0,-2.9390537920036186,15.02593360461293,408.85278594952524,434
134.0,12.917827879971783,80.26025512037369,3.2521015370959887,8.300289961431474,0.0,-1.6159346391243274,9.936456859403135,402.9041482371339,455
135.0,12.917827879971783,80.2692382321236,0.9636787938084,2.4786628832521695,0.0,-0.0,3.4423416770605697,395.3137533073103,529
136.0,12.917827879971783,80.27822134387351,0.0,0.0,0.0,-0.0,0.0,391.2903056044847,621
137.0,12.926871597301355,80.13449155587494,64.84635294458464,38.61585707498484,5.989803899182657,-42.34837351796056,67.10364040079159,469.7217958952291,247
138.0,12.926871597301355,80.14347466762486,41.46980591461165,41.6783945119728,6.531531916235597,-31.790637260629303,57.88909508219074,458.9517315980775,274
139.0,12.926871597301355,80.15245777937477,20.57190070204617,31.759995719552435,5.382308585893312,-15.965147538864805,41.749057468627115,440.0870739458299,332
140.0,12.926871597301355,80.16144089112467,13.286383873194687,18.27539819557098,3.6747085282314105,-5.1863663086217215,30.050124288375358,426.41322914905544,375
141.0,12.926871597301355,80.17042400287458,13.28173189801879,12.378293380201335,2.2875037797272477,-0.0,27.947529057947374,423.955692174672,383
142.0,12.926871597301355,80.1794071146245,54.869823265705236,9.125873091223824,1.6249188679767856,-4.303893192317426,61.31672203258842,462.9579805627348,265
143.0,12.926871597301355,80.18839022637441,109.20662736133119,6.505233023195385,1.9287548239338794,-15.69301485988537,101.9476003485751,510.44780852305416,174
144.0,12.926871597301355,80.19737333812432,115.34061783149231,6.916796267376953,2.990153509808818,-20.529436729128324,104.71813087954976,513.6860357957103,166
145.0,12.926871597301355,80.20635644987422,80.64657429580484,9.984549989798566,2.6574157888744914,-11.64111797788491,81.64742209659298,486.72073166163347,202
146.0,12.926871597301355,80.21533956162413,38.60765171086493,9.311072513243015,1.015735414814977,-3.3411385442810766,45.593321094641844,444.58029254705616,321
147.0,12.926871597301355,80.22432267337405,16.537329817892854,11.3535975568972,0.0,-0.6312628063298836,27.25966456846017,423.15170841602145,385
148.0,12.926871597301355,80.23330578512396,18.965324596466495,12.569294992182884,0.32029792035698645,-1.4245699164857317,30.430347592520633,426.85763842714044,370
149.0,12.926871597301355,80.24228889687387,17.033935613038953,15.700509807815234,0.41695217398291656,-2.312141225166849,30.839256369670252,427.3355756089871,366
150.0,12.926871597301355,80.25127200862377,16.096547266956108,16.492125346518623,0.5651631720515865,-2.6503764542200834,30.503459331306228,426.94309225045686,369
151.0,12.926871597301355,80.26025512037369,9.783868207987915,11.380275250259116,0.27912599644780606,-1.3942166592019756,20.049052795492862,414.72386420542415,407
152.0,12.926871597301355,80.2692382321236,1.302421707256752,2.972039191683246,0.0,-0.0,4.2744608989399975,396.28634362106635,518
153.0,12.926871597301355,80.27822134387351,0.0,0.0,0.0,-0.0,0.0,391.2903056044847,621
154.0,12.935915314630925,80.13449155587494,55.364123519423984,37.48297673197122,3.948537669039841,-26.63595170295557,70.15968621747948,473.29373664789205,236
155.0,12.935915314630925,80.14347466762486,36.796438274358316,45.018150215841175,4.186995942287297,-20.25381799228183,65.74776644020497,468.1370351469289,250
156.0,12.935915314630925,80.15245777937477,18.512768191183447,34.19225638939748,3.135528910177393,-6.22553770605881,49.61501578469951,449.2808945732895,306
157.0,12.935915314630925,80.16144089112467,8.51995713561919,16.977034154116257,1.7600809153165544,-1.246975657686394,26.010096547365606,421.6911992464929,389
158.0,12.935915314630925,80.17042400287458,10.146801412657545,10.181222239547218,1.573211210576488,-0.0,21.90123486278125,416.8887154558119,402
159.0,12.935915314630925,80.1794071146245,55.27694379610866,6.243430852737082,2.4845240803297273,-0.0,64.00489872917547,466.09995174669587,254
160.0,12.935915314630925,80.18839022637441,99.45756030190446,6.5370104874428625,4.266737386567734,-5.829250079293805,104.43205809662126,513.3516707066824,167
161.0,12.935915314630925,80.19737333812432,122.00237810701103,8.11202612129512,4.930809858387793,-11.844265239188296,123.20094884750563,535.2889614990112,144
162.0,12.935915314630925,80.20635644987422,114.70412333779498,12.532628971147055,3.948271733183289,-10.122071093799796,121.06295294832552,532.7900478244825,146
163.0,12.935915314630925,80.21533956162413,76.94733451752171,12.21524351786817,1.289739309640883,-2.73559615664271,87.71672118838805,493.8145967626412,193
164.0,12.935915314630925,80.22432267337405,39.50121886423241,13.409360364271182,0.2817625032156033,-1.2336729501706152,51.95866878154858,452.02018257866985,297
165.0,12.935915314630925,80.23330578512396,47.18175099548374,17.81097605391516,0.9485659054293727,-3.484813233645129,62.45647972118314,464.2901421794951,257
166.0,12.935915314630925,80.24228889687387,63.62092077540861,18.02716979897497,1.8041929234622847,-5.223422676954884,78.22886082089097,482.7250787596133,216
167.0,12.935915314630925,80.25127200862377,62.102607374504515,14.321265385233419,1.7784076862613967,-5.171163936603792,73.03111650939555,476.649896696972,228
168.0,12.935915314630925,80.26025512037369,42.106881546004445,9.290596323226456,0.9088663626722853,-3.116144571864883,49.1901996600383,448.7843647046011,307
169.0,12.935915314630925,80.2692382321236,15.044288119587586,2.306523675105439,0.27609621150073715,-0.9704980252987891,16.656409980894974,410.75850509250847,421
170.0,12.935915314630925,80.27822134387351,0.0,0.0,0.0,-0.0,0.0,391.2903056044847,621
171.0,12.944959031960497,80.13449155587494,47.97770921983377,30.832415113801698,4.053571158198505,-27.09768087663702,55.76601461519696,456.4702512485922,284
172.0,12.944959031960497,80.14347466762486,50.265495861587745,43.430456997185274,5.926419198959254,-30.116114216266197,69.50625784146607,472.53000220631935,240
173.0,12.944959031960497,80.15245777937477,31.04647567993171,32.754121353171556,3.4280295900607607,-14.15554864812116,53.07307797504287,453.3227165890069,293
174.0,12.944959031960497,80.16144089112467,17.594560350284095,15.342710896392944,0.2334889575445097,-0.0,33.17076020422155,430.06066353670985,356
175.0,12.944959031960497,80.17042400287458,28.425320101932584,8.837458938328005,1.2300580074075693,-0.0,38.49283704766816,436.2811668623156,339
176.0,12.944959031960497,80.1794071146245,45.32042952755924,13.960018694340459,4.487390518163668,-6.288576022722303,57.479262717341065,458.47271491653004,277
177.0,12.944959031960497,80.18839022637441,62.784466561453996,19.661552117427753,7.482658376137236,-12.202200618937734,77.72647643608126,482.13788623527216,217
178.0,12.944959031960497,80.19737333812432,85.6003502711645,18.524888030906197,7.084311204715769,-13.96113667134278,97.24841283544369,504.9553452586288,179
179.0,12.944959031960497,80.20635644987422,105.36225814915406,13.861090064323005,3.695093355690765,-8.027514686695588,114.89092688247224,525.5761142797909,152
180.0,12.944959031960497,80.21533956162413,88.60736437927899,8.861286142214587,1.1162314015617787,-1.7483568867168136,96.83652503633853,504.4739261623854,180
181.0,12.944959031960497,80.22432267337405,69.18357001648988,10.806324021642048,0.5797524395422584,-1.449325857196315,79.12032062047787,483.7670270085948,210
182.0,12.944959031960497,80.23330578512396,116.87352109569679,18.425298915325033,1.895674840584089,-5.960877648800853,131.23361720280508,544.6776346969858,132
183.0,12.944959031960497,80.24228889687387,155.81784436117843,18.48995386500182,3.0224652192063157,-9.781251865578065,167.54901157980848,587.1234764497217,93
184.0,12.944959031960497,80.25127200862377,133.2672829809755,11.029482368689568,2.802666185819155,-11.079817461588242,136.01961407389598,550.2715617162131,125
185.0,12.944959031960497,80.26025512037369,85.59886911332143,6.563528839503039,1.3472412893674792,-8.556852273380688,84.95278696881125,490.5840793330021,197
186.0,12.944959031960497,80.2692382321236,32.027519684833976,2.5361811024331162,0.3304037810842007,-3.6514981295644424,31.242606438786854,427.8070157103101,364
187.0,12.944959031960497,80.27822134387351,0.4365805893420427,0.4663365538936335,0.0,-0.0,0.9029171432356762,392.34564532569897,596
188.0,12.954002749290067,80.13449155587494,64.46571775765103,17.54400499426033,5.9389983528521375,-31.968457914378455,55.98026319038505,456.720667395083,283
189.0,12.954002749290067,80.14347466762486,49.68910953592223,27.156764650613567,9.281306255415466,-39.54165063672815,46.5855298052231,445.7399972573453,316
190.0,12.954002749290067,80.15245777937477,47.32115767985377,22.28736324273152,6.17385575865849,-19.63513368926881,56.14724299197496,456.9158352668844,282
191.0,12.954002749290067,80.16144089112467,36.9744106966061,9.429648687284942,1.6042194803730827,-1.372830567823438,46.635448296440686,445.7983425518163,315
192.0,12.954002749290067,80.17042400287458,38.54273086857184,9.029554396220425,1.6445227401591358,-3.6866753903846914,45.5301326145667,444.50643714022726,323
193.0,12.954002749290067,80.1794071146245,41.750055149983474,24.49011662782005,5.517702506066834,-14.449318392180324,57.30855589169004,458.2731908570506,279
194.0,12.954002749290067,80.18839022637441,44.04241252078945,41.953382722104706,9.35344758887537,-28.034822049638574,67.31442078213095,469.96815837770777,246
195.0,12.954002749290067,80.19737333812432,49.913598527739396,39.392341084944114,8.176765871356293,-20.678740171926115,76.80396531211369,481.05964484880764,222
196.0,12.954002749290067,80.20635644987422,68.20795513249757,22.33453198326736,4.39020200704786,-5.863624618459824,89.06906450435298,495.3952308537628,190
197.0,12.954002749290067,80.21533956162413,59.80925651974607,9.55339047757944,1.6597825660347383,-1.6734792781414285,69.34895028521882,472.34613936375564,242
198.0,12.954002749290067,80.22432267337405,75.91766638086779,12.631961315436333,1.060435986454732,-2.3594740490151977,87.25058963374366,493.2697769542978,194
199.0,12.954002749290067,80.23330578512396,159.39861428530293,24.37018352357624,3.8491485323983863,-9.226770124374545,178.39117621690298,599.7959205285515,83
200.0,12.954002749290067,80.24228889687387,204.6018378034037,30.905588643197813,5.672331084043562,-14.791675463868014,226.38808206677703,655.8952443903573,46
201.0,12.954002749290067,80.25127200862377,156.9620769923631,22.83184942319521,4.055386115130142,-14.848952503314557,169.0003600273739,588.8198288531655,92
202.0,12.954002749290067,80.26025512037369,81.6013328498602,10.660218810210722,1.9284699162348775,-10.492668584033533,83.69735299227226,489.1167139687166,198
203.0,12.954002749290067,80.2692382321236,30.727250291983417,4.368393085297431,0.403333760261174,-5.146060362864727,30.3529167746773,426.76713641560104,371
204.0,12.954002749290067,80.27822134387351,1.6822404675087865,0.3962116353860148,0.0,-0.9476790711757086,1.130773031719093,392.61196585314786,592
205.0,12.96304646661964,80.13449155587494,68.04427898338771,17.181424417402454,7.48019482251183,-21.461707463948997,71.244190759353,474.56131776477605,232
206.0,12.96304646661964,80.14347466762486,55.856936932631186,17.20810798862805,10.135106423066155,-26.24567433399418,56.954477010331225,457.8593394746281,280
207.0,12.96304646661964,80.15245777937477,52.77686070878208,15.314042004263161,6.587044449675915,-12.294617629139744,62.38332953358141,464.2046434167695,258
208.0,12.96304646661964,80.16144089112467,39.11477822883752,9.604313453405256,2.194126262513163,-0.9420926245644112,49.97112532019153,449.6971194071221,303
209.0,12.96304646661964,80.17042400287458,26.47731716729163,11.900198578903751,1.3804532777775351,-4.5425647641060705,35.21540425986685,432.4504665256469,347
210.0,12.96304646661964,80.1794071146245,34.31602655480121,34.4404425500981,4.8378823386274945,-32.09467293201707,41.499678511509735,439.795597013475,333
211.0,12.96304646661964,80.18839022637441,51.18053556931142,57.52338316445243,8.679245691499036,-56.939837132427755,60.443327292835136,461.93714695904646,268
212.0,12.96304646661964,80.19737333812432,48.899132913547966,53.81665598841634,8.464936728337666,-37.6437929997347,73.53693263056728,477.24110027340436,226
213.0,12.96304646661964,80.20635644987422,48.96618527081422,35.52025436051751,6.143853604662593,-11.621003556634872,79.00928967935945,483.63725279473266,212
214.0,12.96304646661964,80.21533956162413,67.06173905647066,25.621117141997047,5.588188741252992,-15.05170187332007,83.21934306640063,488.5580105863672,199
215.0,12.96304646661964,80.22432267337405,85.63981258489224,24.325396879486433,4.863001992872341,-16.248135678820073,98.58007577843094,506.5118078970138,177
216.0,12.96304646661964,80.23330578512396,136.72372213938093,32.48547987249236,6.713026451585211,-13.411926476563407,162.51030198689512,581.2341759564239,97
217.0,12.96304646661964,80.24228889687387,173.54332504656702,40.21263356246034,7.561818933643989,-13.434980043207371,207.88279749946398,634.2660594728196,58
218.0,12.96304646661964,80.25127200862377,141.809808437244,36.59077410089271,6.7475091650503,-16.074408409104272,169.0736832940827,588.9055299126999,90
219.0,12.96304646661964,80.26025512037369,96.51491614585427,24.716266946325064,4.170832154102877,-12.02931175181888,113.37270349446334,523.8015976931409,153
220.0,12.96304646661964,80.2692382321236,48.62775950428886,9.365167152868537,1.6093651860294422,-5.840721308486476,53.76157053470037,454.12743444314276,292
221.0,12.96304646661964,80.27822134387351,5.307836361272476,0.35065909362130177,0.0,-0.0,5.658495454893778,397.9040187902374,502
222.0,12.972090183949211,80.13449155587494,56.89595797440974,24.47078010719585,6.8465533152583475,-9.254327409997616,78.95896398686632,483.5784315588269,213
223.0,12.972090183949211,80.14347466762486,58.93640532579538,21.597347465825646,7.607204018174665,-9.73210464232849,78.4088521674672,482.93545467166666,215
224.0,12.972090183949211,80.15245777937477,45.58081570132546,16.81887253809855,3.9460548925782946,-4.110669193305693,62.2350739386966,464.0313606085447,260
225.0,12.972090183949211,80.16144089112467,23.649605148543582,11.523420120799814,1.2040837524989236,-2.5718424622932425,33.80526655954908,430.80228170749837,352
226.0,12.972090183949211,80.17042400287458,13.287834013820842,13.809098000917931,0.5561158172225991,-7.6790803938465615,19.973967438114812,414.63610359447966,408
227.0,12.972090183949211,80.1794071146245,44.91842495227954,39.28350896801993,4.62798947934677,-58.73472390386473,30.0951994957815,426.46591355888654,374
228.0,12.972090183949211,80.18839022637441,77.83474532738283,68.71421905124285,9.280091709610087,-93.50037109888078,62.32868498935497,464.1407742583403,259
229.0,12.972090183949211,80.19737333812432,72.4591290699805,61.47859846504696,8.78662372578001,-62.54567763478145,80.17867362602604,485.0040419154322,204
230.0,12.972090183949211,80.20635644987422,82.049527464016,40.98881942393867,7.518492913192807,-22.895506419890935,107.66133338125654,517.1260840115383,157
231.0,12.972090183949211,80.21533956162413,120.72844260140246,40.8352045324132,10.869597808397005,-31.823573698716665,140.609671243496,555.6364722066312,122
232.0,12.972090183949211,80.22432267337405,119.15818156443393,39.621884906797796,11.65751123102393,-37.50611772414918,132.9314599781065,546.6620924454911,128
233.0,12.972090183949211,80.23330578512396,104.29738207168177,36.229340369013286,9.901690180605831,-22.481674035943065,127.94673858535782,540.8358939682947,137
234.0,12.972090183949211,80.24228889687387,121.55436730968684,37.364039275839744,7.343431206700487,-11.20354331610314,155.05829447612393,572.5241856900731,108
235.0,12.972090183949211,80.25127200862377,189.13422150209115,44.33437880397896,6.817259740940132,-18.486453772721266,221.79940627428897,650.5319484690582,50
236.0,12.972090183949211,80.26025512037369,213.94540131538542,41.2870761134193,6.1026284726205855,-21.053019731592507,240.2820861698328,672.1347127917696,40
237.0,12.972090183949211,80.2692382321236,148.05489193283412,21.956331178367726,3.1947961942430836,-10.004257261506499,163.20176204393843,582.0423622549096,95
238.0,12.972090183949211,80.27822134387351,41.22575352526533,3.2966717575223123,0.27999934292896345,-0.0,44.802424625716604,443.6558838510003,326
239.0,12.981133901278781,80.13449155587494,31.80152903513035,19.094608515688105,3.8241222978813587,-4.655244931265845,50.06501491743397,449.8068586253008,302
240.0,12.981133901278781,80.14347466762486,43.43877694779785,18.513344286434595,3.369740161111271,-3.9355890817798342,61.386272313563886,463.0392717140712,263
241.0,12.981133901278781,80.15245777937477,28.769729693065493,13.454305521130912,1.3133214846778705,-3.177835059395663,40.359521639478615,438.4629688266206,335
242.0,12.981133901278781,80.16144089112467,9.61595696183898,6.892789858140044,0.21173551043735728,-5.574710152544535,11.145772177871846,404.3176095947059,449
243.0,12.981133901278781,80.17042400287458,14.433979460962991,10.496125920311366,0.4473849046311876,-16.943565142465793,8.433925143439755,401.147972253413,470
244.0,12.981133901278781,80.1794071146245,55.45891046512847,43.90149358225681,4.389117772459407,-58.913267074998345,44.83625474484634,443.69542487506715,325
245.0,12.981133901278781,80.18839022637441,92.25939633776682,79.29745744270812,8.599784082365748,-88.43471492422677,91.72192293861391,498.49592165513707,188
246.0,12.981133901278781,80.19737333812432,78.46067527273746,72.41519825833774,7.948345398071682,-57.32217684273029,101.5020420864166,509.92703501056326,175
247.0,12.981133901278781,80.20635644987422,88.49886313044381,44.22041519924443,7.848747834015612,-70.63686138071449,69.93116478298936,473.02663822277844,238
248.0,12.981133901278781,80.21533956162413,142.33895713940774,40.215223832114184,13.139826526423544,-125.7342271936077,69.95978030433778,473.06008436625734,237
249.0,12.981133901278781,80.22432267337405,134.08760771495815,46.27901311910499,15.885532677248017,-113.37266481981158,82.8794886914996,488.16078496721883,200
250.0,12.981133901278781,80.23330578512396,78.65045316729784,37.81775249557205,11.500178047197494,-34.868725476761284,93.0996582333061,500.10623417683433,186
251.0,12.981133901278781,80.24228889687387,109.60488555119838,31.76183578149002,5.635579354076134,-19.092999377835223,127.9093013089293,540.7921368581709,138
252.0,12.981133901278781,80.25127200862377,265.2915566744425,44.52460942171578,4.634135094356464,-24.396022635374884,290.0542785551399,730.3090115407123,23
253.0,12.981133901278781,80.26025512037369,382.9023035234679,54.05339519866938,5.903035270855289,-31.88291836730326,410.9758156256893,871.6434652908372,5
254.0,12.981133901278781,80.2692382321236,297.616350824674,37.09296788115217,3.9227281683342388,-19.549450880007324,319.08259599415305,764.2376357371985,17
255.0,12.981133901278781,80.27822134387351,95.15732830118625,11.023174934070383,0.8085391891180926,-3.670628208392945,103.31841421598179,512.0500312026252,169
256.0,12.990177618608353,80.13449155587494,14.58522902429184,7.520736810498728,0.5728149122329123,-0.0,22.678780747023477,417.7975198382017,401
257.0,12.990177618608353,80.14347466762486,23.34001137865396,10.235335604577362,0.42936255014270475,-0.0,34.004709533374026,431.03539290044824,350
258.0,12.990177618608353,80.15245777937477,11.794732227077906,7.339790846060672,0.0,-1.444737781208357,17.68978529193022,411.9663257888235,417
259.0,12.990177618608353,80.16144089112467,6.147802460991279,2.442585964126201,0.0,-4.496805509610515,4.093582915506965,396.07493139787385,521
260.0,12.990177618608353,80.17042400287458,7.390031268939247,3.2305142622263503,0.0,-7.203557824444607,3.41698770672099,395.28411930136605,530
261.0,12.990177618608353,80.1794071146245,41.96545288250454,29.910387539853396,2.3762134869372566,-26.98208410449379,47.269969804801406,446.53997843364056,313
262.0,12.990177618608353,80.18839022637441,76.02316135879039,66.8792380256297,4.7363957900419305,-41.62370923006388,106.01508594439817,515.2019314754175,160
263.0,12.990177618608353,80.19737333812432,71.98846002839737,68.24174654396151,4.128768585313788,-23.613312343990437,120.74566281368226,532.4191955433546,148
264.0,12.990177618608353,80.20635644987422,82.4507748609137,37.562110005099555,4.8655778984285085,-97.69654465938557,27.181918105056198,423.0608374743976,386
265.0,12.990177618608353,80.21533956162413,122.68446289533071,25.96914231197607,9.843922408909043,-197.32443818531988,-38.82691056910406,345.90897545411093,642
266.0,12.990177618608353,80.22432267337405,101.86675964074894,32.073213488648605,12.09522668388713,-164.9909463167894,-18.95574650350474,369.13461570504506,641
267.0,12.990177618608353,80.23330578512396,47.128171798763674,33.76028659665191,8.697918667051255,-72.02999081595674,17.5563862465101,411.8104074828542,418
268.0,12.990177618608353,80.24228889687387,118.30046317840304,31.46234637181763,5.287734057127994,-30.88527103241468,124.16527257493398,536.4160739270881,142
269.0,12.990177618608353,80.25127200862377,302.4310796940758,41.17353826780629,6.50202265130658,-34.58108228550719,315.52555832768144,760.0801300708087,18
270.0,12.990177618608353,80.26025512037369,439.4712563185973,58.35357354386032,5.9601316712850565,-34.41024695411802,469.37471457962465,939.9007557886223,2
271.0,12.990177618608353,80.2692382321236,353.41567351068943,50.7369431525024,3.760489599611405,-21.512797709541637,386.4003085532616,842.9193359764089,7
272.0,12.990177618608353,80.27822134387351,131.49096539330498,21.95279175418083,1.2775244197162068,-5.963645112257396,148.7576364549446,565.1599056679775,114
273.0,12.999221335937923,80.13449155587494,13.06105976766215,3.750349917476602,0.5772563134928503,-1.9641485052807102,15.424517493350892,409.3186552855684,431
274.0,12.999221335937923,80.14347466762486,18.67511178257531,6.006237029923936,0.5944600168114593,-0.0,25.275808829310705,420.83295549570295,390
275.0,12.999221335937923,80.15245777937477,39.29055072231787,7.2194605697021,0.5729049541886773,-1.507511835037789,45.57540441117086,444.55935132572586,322
276.0,12.999221335937923,80.16144089112467,34.537389079931174,4.843529949569661,0.22841580405154652,-3.205966725210419,36.403368108341965,433.8389720447355,345
277.0,12.999221335937923,80.17042400287458,18.75853314712816,1.633151078594254,0.22269826296185152,-4.502743459251304,16.111639029432958,410.12177067191556,424
278.0,12.999221335937923,80.1794071146245,44.46830875638622,12.78494644879699,0.4708704193206501,-5.040333618994463,52.68379200550939,452.86771476559727,294
279.0,12.999221335937923,80.18839022637441,99.73602871573019,44.48174351367002,1.1500485110422127,-7.404685283861222,137.96313545658117,552.5431713866495,124
280.0,12.999221335937923,80.19737333812432,115.01598091772428,57.45307573612847,1.2908501023989716,-3.112094664570942,170.64781209168078,590.7453893714087,89
281.0,12.999221335937923,80.20635644987422,108.32021145881234,35.468830835788594,2.419971795236423,-69.01447438299975,77.1945397068376,481.5161525980838,220
282.0,12.999221335937923,80.21533956162413,120.19866886282381,16.70822521450031,5.303504379411,-133.15397884087182,9.05641961586332,401.8755508002448,459
283.0,12.999221335937923,80.22432267337405,98.56318949588712,21.850991666372952,5.971876124304434,-111.46883729698851,14.917219989575983,408.72572025247337,436
284.0,12.999221335937923,80.23330578512396,60.12260121926836,35.85180893279223,3.9958322223431666,-51.5947311692401,48.375511205163654,447.83214766753963,308
285.0,12.999221335937923,80.24228889687387,119.77751696225084,44.10674336868348,7.984099302821139,-31.06504237499886,140.8033172587566,555.8628078491543,120
286.0,12.999221335937923,80.25127200862377,248.40957141762215,45.57714952972846,11.141219692188278,-32.14350047234478,272.98444016719407,710.3575922765355,27
287.0,12.999221335937923,80.26025512037369,325.99965976070285,56.48145733460361,8.857874240134835,-27.43059713152887,363.9083942039124,816.6305332918614,9
288.0,12.999221335937923,80.2692382321236,252.9189496649843,54.14949139785143,3.4361871546221314,-17.43899243231834,293.06563578513953,733.8287197701916,22
289.0,12.999221335937923,80.27822134387351,108.9790044887549,27.17859847833794,1.146312367022143,-5.431459102558243,131.87245623155673,545.4243169452458,129
290.0,13.008265053267495,80.13449155587494,20.48130712391478,4.64223059212047,1.2613131810120326,-4.830402107598232,21.55444878944905,416.4833879895065,403
291.0,13.008265053267495,80.14347466762486,59.21760509054201,11.468188751774587,1.9518580678493551,-3.7852504655103267,68.85240144465563,471.7657674892208,243
292.0,13.008265053267495,80.15245777937477,96.19899681357472,17.38595974516076,2.0480342021511673,-5.031575240296289,110.60141552059036,520.5624851126986,155
293.0,13.008265053267495,80.16144089112467,96.31977591526984,15.922809969741216,1.9911415525967775,-8.327787890153669,105.90593954745417,515.0743599380008,161
294.0,13.008265053267495,80.17042400287458,62.03326302477244,9.436936154160282,2.8939403515206243,-10.151848704305882,64.21229082614747,466.34235396426385,253
295.0,13.008265053267495,80.1794071146245,80.34137013492642,16.263089523385123,2.6728180266625268,-10.820495370428848,88.45678231454522,494.6795885378127,191
296.0,13.008265053267495,80.18839022637441,145.8778373397048,38.88001133607516,1.1970103072280893,-7.305846627403827,178.64901235560419,600.0972823099446,82
297.0,13.008265053267495,80.19737333812432,155.0317220473621,53.34211527784294,0.49473003004847693,-3.590028165824397,205.27853918942913,631.2221730437359,61
298.0,13.008265053267495,80.20635644987422,142.47750689288534,44.15599809307408,2.02945166745547,-3.7127198232849317,184.95023683012997,607.462224409088,80
299.0,13.008265053267495,80.21533956162413,194.07696279925165,41.81191892066848,3.9694015392091466,-42.849179227135735,197.00910403199356,621.5567641421245,69
300.0,13.008265053267495,80.22432267337405,204.92620073661817,50.19609880677383,4.152600323059774,-27.18727103526096,232.08762883119084,662.5569388087945,45
301.0,13.008265053267495,80.23330578512396,148.67605155737016,55.77910187242981,3.874163805851752,-22.147966094701907,186.18135114094983,608.9011646743128,78
302.0,13.008265053267495,80.24228889687387,150.03503776024803,57.05798755434297,8.809560955891039,-24.125782291907164,191.77680397857486,615.4411929393267,75
303.0,13.008265053267495,80.25127200862377,188.09477125093665,52.61996984851098,12.895779856011737,-20.581663663706344,233.028857291753,663.6570572289731,43
304.0,13.008265053267495,80.26025512037369,189.89098719022616,49.38276890385563,9.897646743361578,-16.95172491108973,232.21967792635363,662.7112792777065,44
305.0,13.008265053267495,80.2692382321236,153.17911570299256,41.88813105445749,3.905881738662248,-10.878869675595475,188.09425882051684,611.1369927039242,76
306.0,13.008265053267495,80.27822134387351,86.15384941407689,20.869218725889993,0.8067884833773092,-4.760378993640627,103.06947762970356,511.7590713182869,171
307.0,13.017308770597067,80.13449155587494,24.144956843085737,7.263176372055947,1.012834301992908,-4.365835278846865,28.055132238287726,424.08145998315024,381
308.0,13.017308770597067,80.14347466762486,62.0329838405175,16.906535767726396,2.123145404411432,-3.85845765163582,77.20420736101951,481.527452261121,219
309.0,13.017308770597067,80.15245777937477,103.7311695994764,26.962822227962153,2.8139675185367077,-7.427479339008021,126.08048000696726,538.6545899332705,141
310.0,13.017308770597067,80.16144089112467,114.19231545913826,25.720105151576952,3.668648618183333,-13.46040203126245,130.1206671976361,543.3768062023895,134
311.0,13.017308770597067,80.17042400287458,88.23838786483157,19.897697139248518,4.709707922044829,-18.381715463593174,94.46407746253175,501.70098273131435,184
312.0,13.017308770597067,80.1794071146245,95.68844773592656,21.42631793102219,4.117939731484915,-18.65968314398438,102.57302225444928,511.1788086870573,172
313.0,13.017308770597067,80.18839022637441,133.690554369911,37.62403165386849,1.8332600211010552,-12.473494215246316,160.67435182963425,579.0882967452002,99
314.0,13.017308770597067,80.19737333812432,129.0335490264891,52.87612695313798,0.2592023302373746,-11.112394897131274,171.05648341273317,591.223049011896,88
315.0,13.017308770597067,80.20635644987422,158.3120539064675,70.46667881862899,3.2403614964175858,-21.051112166994084,210.96798205452,637.8720579109041,53
316.0,13.017308770597067,80.21533956162413,275.7941437442311,100.328677017337,6.568501307899529,-32.121027624267626,350.5702944452,801.0408121459711,10
317.0,13.017308770597067,80.22432267337405,335.52827370653495,104.48136138992012,5.730911631513224,-30.214013717078558,415.52653301088975,876.9623949983983,4
318.0,13.017308770597067,80.23330578512396,268.3033064744748,83.3226950848167,4.309114756805998,-22.269763237236326,333.66535307886124,781.2821263769058,13
319.0,13.017308770597067,80.24228889687387,200.0822643999961,62.18967998397751,6.608370491806039,-15.613264182315264,253.2670506934644,687.3116854996297,35
320.0,13.017308770597067,80.25127200862377,173.62912815643827,50.20859256280717,10.651107331083812,-11.416306912131773,223.0725211381975,652.0199794535359,49
321.0,13.017308770597067,80.26025512037369,154.81621196053788,47.044437055303085,9.384429833922592,-10.611373513503683,200.63370533625988,625.7932389489371,65
322.0,13.017308770597067,80.2692382321236,144.55518462459497,42.68783190649124,3.739278007589678,-5.987683194265934,184.99461134440995,607.5140898409054,79
323.0,13.017308770597067,80.27822134387351,109.53071953571299,22.624533841663155,0.8290224757847338,-3.154465434696866,129.829810418464,543.0368495246985,135
324.0,13.026352487926637,80.13449155587494,28.731696905394582,5.940361312245811,0.7590121019697165,-1.4501922969720948,33.98087802263801,431.00753836242706,351
325.0,13.026352487926637,80.14347466762486,41.44065162173694,13.96101436272841,0.9254761974221862,-2.2404617697172506,54.08668041217029,454.50742652771385,290
326.0,13.026352487926637,80.15245777937477,70.99166295638503,22.74294697227336,1.5457134669225745,-8.33477520656624,86.94554818901473,492.91324107982615,195
327.0,13.026352487926637,80.16144089112467,87.970401563717,23.23985315410951,2.3176647498653082,-14.385968818567717,99.1419506491241,507.168533570944,176
328.0,13.026352487926637,80.17042400287458,76.94298815025068,17.707502771178135,3.0659796298981514,-16.54892313839182,81.16754741293516,486.1598487293919,203
329.0,13.026352487926637,80.1794071146245,69.31277782743507,23.00866210452657,3.09561104953214,-16.05493105513152,79.36211992636225,484.0496447592639,208
330.0,13.026352487926637,80.18839022637441,71.45245676242084,30.279559204124524,1.8841687055667893,-13.267458365905469,90.34872630620669,496.8909139730104,189
331.0,13.026352487926637,80.19737333812432,68.42735237370896,44.55019971026925,1.8755788461523804,-18.732391922750068,96.12073900738051,503.63730739408675,183
332.0,13.026352487926637,80.20635644987422,116.55852409505185,79.37322809047835,6.7325839195805255,-39.939441532260844,162.72489457284988,581.4849941865713,96
333.0,13.026352487926637,80.21533956162413,246.21588998637412,128.79819673078683,11.189986352773914,-55.845472011775506,330.35860105815937,777.4171573907744,15
334.0,13.026352487926637,80.22432267337405,309.87324837753505,135.74509494596919,11.023839719804926,-59.882350316074636,396.75983272723454,855.0276644488251,6
335.0,13.026352487926637,80.23330578512396,280.7662252974684,99.14950141406291,6.961795624460239,-48.40647662497274,338.4710457110188,786.8990740233843,11
336.0,13.026352487926637,80.24228889687387,221.83306533319626,61.58148300180894,6.804844379574708,-31.087404052427956,259.1319886621519,694.166691019442,30
337.0,13.026352487926637,80.25127200862377,206.98213386153387,52.62264214678996,9.699499475464325,-15.827388656339254,253.4768868274489,687.5569443351706,34
338.0,13.026352487926637,80.26025512037369,189.08763754245868,60.15030924198703,10.123760479227682,-14.22352758261481,245.13817968105857,677.8105695530692,38
339.0,13.026352487926637,80.2692382321236,202.7198085730795,66.46665617581233,5.547896267220056,-10.808511695400668,263.92584932071117,699.7698093219855,29
340.0,13.026352487926637,80.27822134387351,184.5076465375745,44.04723800840648,1.3438071405149796,-5.020949452472392,224.87774223402354,654.1299421918357,48
341.0,13.035396205256209,80.13449155587494,52.513529501558665,3.3878974289984383,1.2446370219091278,-0.9324822927651131,56.21358165970111,456.99337264850163,281
342.0,13.035396205256209,80.14347466762486,54.73241791224111,7.768617934806289,0.5457173094477958,-1.6285452437830683,61.41820791271213,463.0765984018569,262
343.0,13.035396205256209,80.15245777937477,61.6405150901728,14.174994851758122,0.29822819812655627,-5.669432546082064,70.4443055939754,473.62640297912037,235
344.0,13.035396205256209,80.16144089112467,74.19606320436345,13.89049559976813,0.7030983066887473,-9.640097569043311,79.14955954177702,483.80120178895385,209
345.0,13.035396205256209,80.17042400287458,65.3798050432665,13.401850517434076,1.8435536806971764,-9.414658823721764,71.21055041767598,474.5219985547323,233
346.0,13.035396205256209,80.1794071146245,53.9083790394742,20.26569300981915,4.061477690780935,-9.937483685004123,68.29806605507015,471.11785404568167,244
347.0,13.035396205256209,80.18839022637441,45.13934985479957,31.612311253023666,4.93441735267103,-11.877184074861248,69.80889438563302,472.88372720594214,239
348.0,13.035396205256209,80.19737333812432,48.94428575720865,42.82527287273211,5.033844453457129,-17.7088672335858,79.09453584981208,483.73688947837974,211
349.0,13.035396205256209,80.20635644987422,77.25848794193499,64.02900089802955,8.064107329277643,-33.98993891792541,115.36165725131679,526.1263092339406,151
350.0,13.035396205256209,80.21533956162413,143.8677006013717,98.1115827519598,13.371917657301259,-59.14957605158871,196.201624959044,620.6129735118135,70
351.0,13.035396205256209,80.22432267337405,198.3125627696072,108.71905173160344,14.090315695669759,-85.4776057579333,235.64432443894708,666.7140446731073,41
352.0,13.035396205256209,80.23330578512396,194.94785813029375,89.58344518355857,12.828736072007318,-94.38934378816458,202.97069559769506,628.5247394741629,63
353.0,13.035396205256209,80.24228889687387,226.0809535699832,74.79146538696213,11.641954191978726,-69.92578871970244,242.5885844292216,674.830573921753,39
354.0,13.035396205256209,80.25127200862377,256.7820375889721,66.23845614414493,12.915936095312759,-34.34072276067734,301.59570706775247,743.7987631089092,20
355.0,13.035396205256209,80.26025512037369,222.66256851516033,67.15544003971114,11.371717210515424,-21.335027929917153,279.8546978354698,718.3876267781797,26
356.0,13.035396205256209,80.2692382321236,228.1414756577003,74.72599351838453,6.343895922150418,-15.625085195546369,293.5862799026889,734.43725447571,21
357.0,13.035396205256209,80.27822134387351,233.21170682818052,54.68208959113228,0.9283850334704603,-6.428221746997298,282.393959705786,721.3555446368508,25
358.0,13.044439922585779,80.13449155587494,55.80191969557292,3.4809350571042397,1.6397620227031382,-1.3205997798056899,59.60201699557461,460.9538140129205,269
359.0,13.044439922585779,80.14347466762486,56.505848885691215,4.740712103879602,0.5425148715371897,-0.0,61.789075861108,463.5100730348281,261
360.0,13.044439922585779,80.15245777937477,52.1164398619905,7.389721676413748,0.0,-2.176167302878725,57.329994235525525,458.2982482346585,278
361.0,13.044439922585779,80.16144089112467,49.3608510154783,7.932768886591676,0.3529948800560372,-3.827616433163796,53.81899834896222,454.1945567189209,291
362.0,13.044439922585779,80.17042400287458,41.2440705475313,9.962458064166066,2.3832804168813615,-3.750329911556488,49.839479117022236,449.54324984290747,304
363.0,13.044439922585779,80.1794071146245,37.50468921181376,23.211081032694093,6.147780687842358,-6.217719458517164,60.64583147383304,462.1738361254003,267
364.0,13.044439922585779,80.18839022637441,51.46142141292047,39.38690329214563,8.75288270513599,-11.370245602610018,88.23096180759208,494.4156469872089,192
365.0,13.044439922585779,80.19737333812432,65.09279160096757,47.632888225751344,7.6648229685000775,-15.631243438907479,104.75925935631152,513.7341072223355,165
366.0,13.044439922585779,80.20635644987422,73.89961854464799,51.13713408206056,7.365819531457108,-19.310260938430837,113.09231121973482,523.4738720460431,154
367.0,13.044439922585779,80.21533956162413,91.98970438890002,58.10320048193268,9.093080572938906,-35.27397158184847,123.91201386192314,536.1200622923702,143
368.0,13.044439922585779,80.22432267337405,133.14596594934653,65.80817418201133,11.029963168276286,-69.97020938826834,140.0138939113658,554.940120954131,123
369.0,13.044439922585779,80.23330578512396,168.6302501155355,75.19362834155841,13.336117305836165,-101.76980039936198,155.39019536356807,572.9121151835487,107
370.0,13.044439922585779,80.24228889687387,204.7704172758854,83.49230379621913,14.752215222555916,-94.59385623803763,208.42108005662277,634.8952101851107,57
371.0,13.044439922585779,80.25127200862377,235.9661291896065,74.18021328819242,13.245984857041002,-51.68140286557363,271.7109244692663,708.8690927927436,28
372.0,13.044439922585779,80.26025512037369,203.88010307083937,61.149876832011714,8.820856863478761,-24.448627190304315,249.40220957602554,682.7944156947846,37
373.0,13.044439922585779,80.2692382321236,203.23382370125844,63.43966002842775,4.476205141744424,-13.536421848278575,257.61326702315205,692.391592071425,32
374.0,13.044439922585779,80.27822134387351,208.63231708503798,53.984847956912034,1.1668907219206925,-5.06554241240717,258.7185133514635,693.6834164217893,31
375.0,13.05348363991535,80.13449155587494,26.85103557331714,4.704972431688354,0.8322128209705677,-0.6873224408300869,31.700898385145976,428.34267249623866,361
376.0,13.05348363991535,80.14347466762486,47.96423058104085,3.14494477957893,0.5076323405752814,-0.0,51.616807701195064,451.6206114995989,298
377.0,13.05348363991535,80.15245777937477,55.822793818355166,2.7504234535037995,0.8058273558872284,-0.0,59.3790446277462,460.69320139938736,272
378.0,13.05348363991535,80.16144089112467,61.14843415907322,2.113822819288603,0.4950790879422198,-0.8009685935731669,62.956367472730875,464.8744166107749,256
379.0,13.05348363991535,80.17042400287458,53.00479869024234,5.876759629014857,1.1784940603267804,-2.2488330062978608,57.811219373286114,458.8607095928575,275
380.0,13.05348363991535,80.1794071146245,42.269682864167855,17.77412029106268,4.471335203114737,-4.974709496855141,59.54042886149013,460.8818291085006,270
381.0,13.05348363991535,80.18839022637441,47.675025960396745,34.993197936650986,7.920135047920917,-11.087381512393907,79.50097743257476,484.21194297565364,207
382.0,13.05348363991535,80.19737333812432,94.7342868833674,43.63068417001365,9.15263873604994,-15.88937973050917,131.62823005892182,545.1388626453992,131
383.0,13.05348363991535,80.20635644987422,124.5388335644025,42.847689322639766,7.150625636430019,-13.78231395680451,160.75483456666777,579.1823658742445,98
384.0,13.05348363991535,80.21533956162413,116.51921963779895,46.34127669554293,6.552577078421546,-14.781741571983797,154.63133183977962,572.0251469543659,109
385.0,13.05348363991535,80.22432267337405,110.73511962873421,48.31011271760495,7.206164836575227,-33.221670407186636,133.02972677572774,546.776947784747,127
386.0,13.05348363991535,80.23330578512396,130.313489661354,58.636152926513034,10.46101043978339,-67.70949288217744,131.70116014547298,545.2241041515391,130
387.0,13.05348363991535,80.24228889687387,154.21065912802382,72.17328166517889,12.989309722892772,-80.86877420034243,158.5044763157531,576.5521218181377,102
388.0,13.05348363991535,80.25127200862377,173.1635403771126,67.26738511620945,11.250532614372549,-58.646954691862064,193.03450341583255,616.9112061996026,73
389.0,13.05348363991535,80.26025512037369,148.5471394201669,55.282656558232624,5.889975477076036,-29.210447890224593,180.50932356525095,602.271634993431,81
390.0,13.05348363991535,80.2692382321236,127.41349882274017,56.96288023383735,2.2661044547090525,-10.130427621002273,176.5120558902843,597.5995835374126,86
391.0,13.05348363991535,80.27822134387351,160.6460002143789,60.6856366798213,0.6408719904753124,-3.089963163927795,218.88254572074771,647.1226890187792,52
392.0,13.062527357244923,80.13449155587494,10.70658637074798,4.99815744911854,0.2288804219632406,-0.0,15.93362424182976,409.9137049842402,425
393.0,13.062527357244923,80.14347466762486,63.54147240556388,2.182251581911887,0.938726801629385,-0.0,66.66245078910515,469.2061285105882,248
394.0,13.062527357244923,80.15245777937477,144.34556932441873,1.2814804867566285,1.4901316535086195,-0.0,147.117181464684,563.2425234086462,116
395.0,13.062527357244923,80.16144089112467,216.68311301125283,0.903448038138721,1.3643170764620574,-0.0,218.9508781258536,647.2025567030894,51
396.0,13.062527357244923,80.17042400287458,205.54146164442693,1.984260233848509,1.0076236789140642,-1.7049036615410813,206.82844189564844,633.0337167741264,59
397.0,13.062527357244923,80.1794071146245,116.16117221569223,7.125340445544982,1.5464488125460487,-4.049945630134612,120.78301584364864,532.4628541852649,147
398.0,13.062527357244923,80.18839022637441,55.54917780290207,18.56953310920706,4.073675564207804,-7.196530004247336,70.9958564720696,474.27106185428306,234
399.0,13.062527357244923,80.19737333812432,118.24495195566828,27.58072905635098,7.559422711135546,-12.709402923539427,140.67570079961538,555.7136482951227,121
400.0,13.062527357244923,80.20635644987422,178.24970721262608,36.209377608444896,8.780578640519682,-14.743454638443783,208.49620882314687,634.9830215331536,56
401.0,13.062527357244923,80.21533956162413,153.24811950270592,42.31037841361097,10.63348250428227,-18.441801396052632,187.75017902454655,610.7348283650642,77
402.0,13.062527357244923,80.22432267337405,95.45319802544626,46.1532120575996,10.046615250315927,-24.675470611610343,126.97755472175146,539.703100958342,139
403.0,13.062527357244923,80.23330578512396,80.89177913045471,48.674063128094545,8.11420778429764,-43.75494603779464,93.92510400505225,501.07102448695105,185
404.0,13.062527357244923,80.24228889687387,107.21394039139585,50.92927190117297,7.370413297499102,-56.42813220862956,109.08549338143837,518.790658251618,156
405.0,13.062527357244923,80.25127200862377,143.12582587264222,52.87602173786646,6.217602531890625,-45.84124389706803,156.37820624533128,574.0669134242602,105
406.0,13.062527357244923,80.26025512037369,134.4926239440951,64.0457222190137,3.028007166781114,-24.887123097908482,176.67923023198145,597.7949787898814,85
407.0,13.062527357244923,80.2692382321236,124.30660854500829,78.11652563360443,0.628059648931897,-10.254737139697998,192.79645668784661,616.6329745042244,74
408.0,13.062527357244923,80.27822134387351,119.58991794650254,78.3001867537757,0.0,-2.663727132525985,195.22637756775225,619.4730933824446,72
409.0,13.071571074574493,80.13449155587494,10.89149116825674,3.8188871366962562,0.0,-0.0,14.710378304952997,408.4839613630549,437
410.0,13.071571074574493,80.14347466762486,69.8141482128847,0.9944376121610778,0.6379500765333594,-0.0,71.44653590157914,474.79782104482314,231
411.0,13.071571074574493,80.15245777937477,206.06073103455688,1.373561143001074,1.7328969418312616,-3.179190431762372,205.98799868762683,632.0513972916638,60
412.0,13.071571074574493,80.16144089112467,336.2612722734873,4.259906954246734,3.167559195315204,-9.875535259094196,333.81320316395505,781.4549352207221,12
413.0,13.071571074574493,80.17042400287458,334.146934640951,5.473206907756704,3.1012701073274376,-11.423767786063419,331.2976438699717,778.5147212000901,14
414.0,13.071571074574493,80.1794071146245,208.88531426111507,7.223301489825978,1.7940870857043811,-7.5172020847399414,210.38550075190548,637.191247207376,54
415.0,13.071571074574493,80.18839022637441,114.03360187217535,13.16878670408187,3.186210727845574,-7.303606367723037,123.08499293637976,535.1534309247636,145
416.0,13.071571074574493,80.19737333812432,147.6806853442333,23.555832512947845,6.95755810708383,-10.717292262830632,167.47678370143433,587.0390556924038,94
417.0,13.071571074574493,80.20635644987422,174.1673859290271,28.577783375347217,10.549917058670111,-15.041289223721634,198.25379713932278,623.0115754575667,67
418.0,13.071571074574493,80.21533956162413,127.04907551701908,36.988902919696116,13.92349970885958,-20.694079931629158,157.26739821394565,575.1062110068718,103
419.0,13.071571074574493,80.22432267337405,65.64502857062419,44.56386365965109,12.64105583469059,-26.334902034893336,96.51504603007254,504.09817788095046,182
420.0,13.071571074574493,80.23330578512396,48.97636524807284,41.41438263861399,6.697942127611665,-30.834662647034882,66.2540273672636,468.7287586174891,249
421.0,13.071571074574493,80.24228889687387,85.45551054435312,32.63652840993471,3.1789795401728784,-28.741047597304153,92.52997089715655,499.4403772053331,187
422.0,13.071571074574493,80.25127200862377,125.7733189575195,44.780906718711066,2.1951455023428212,-19.712564828950683,153.0368063496227,570.1614476117874,112
423.0,13.071571074574493,80.26025512037369,131.807024542404,79.45376824431528,0.6713050259971229,-10.222692991013517,201.7094048217029,627.0505286167461,64
424.0,13.071571074574493,80.2692382321236,105.6412751098624,101.7717403566963,0.7240612300251428,-7.84984665429792,200.28723004228593,625.3882747250442,66
425.0,13.071571074574493,80.27822134387351,72.98980891314318,97.93430052383003,1.5281873696041677,-18.678716620308954,153.7735801862684,571.0225971659727,111
426.0,13.080614791904065,80.13449155587494,12.383043794833,3.065817473688623,0.0,-0.0,15.448861268521624,409.3471085640275,429
427.0,13.080614791904065,80.14347466762486,42.72330221270439,0.0,0.0,-0.0,42.72330221270439,441.2257821698475,331
428.0,13.080614791904065,80.15245777937477,138.52092716624543,1.9025173468547636,1.1601608094542746,-6.889603899133427,134.69400142342104,548.7221707278252,126
429.0,13.080614791904065,80.16144089112467,241.24431174920466,7.103974533448691,3.2265227422971425,-17.888428122873805,233.68638090207668,664.4255782265079,42
430.0,13.080614791904065,80.17042400287458,254.45905604549228,12.624059699944329,3.959049588389617,-19.250875616755636,251.79128971707058,685.5867994576777,36
431.0,13.080614791904065,80.1794071146245,186.20431953610853,19.257022916783775,3.0510871033084883,-12.455198590688626,196.05723096551213,620.4442041867202,71
432.0,13.080614791904065,80.18839022637441,150.35699922164403,30.553914746563496,4.641441945059235,-11.606599393867553,173.9457565193992,594.6000639437135,87
433.0,13.080614791904065,80.19737333812432,150.49429546150043,35.051509337746594,9.08506139788677,-16.840888245416057,177.78997795171773,599.0932332284727,84
434.0,13.080614791904065,80.20635644987422,133.63380778951316,31.608725910850296,11.818017575979246,-18.239210325516424,158.82134095082625,576.9224767705783,101
435.0,13.080614791904065,80.21533956162413,80.56930399017516,31.64425371204736,13.237214518091292,-17.99729745268541,107.45347476762839,516.8831365240509,158
436.0,13.080614791904065,80.22432267337405,46.50340232836028,34.24463519717128,9.414416931251345,-16.80660792649804,73.35584653028488,477.02944480089565,227
437.0,13.080614791904065,80.23330578512396,43.358163392533264,27.548475112154726,3.9016300030809536,-13.434751629254055,61.37351687851489,463.0243630179972,264
438.0,13.080614791904065,80.24228889687387,69.40564137438264,20.1436014955336,0.4781002977054386,-7.574283658776966,82.45305950884472,487.6623697381891,201
439.0,13.080614791904065,80.25127200862377,95.50868489295591,36.98540951864378,0.0,-5.771987492352261,126.72210691924742,539.4045306911819,140
440.0,13.080614791904065,80.26025512037369,102.00405202035147,74.1347560188783,0.4439126204507517,-7.536827975364925,169.04589268431562,588.8730479351634,91
441.0,13.080614791904065,80.2692382321236,91.14212910770942,99.09715622760191,2.6065629867674818,-117.38049292783666,75.46535539424215,479.4950625079754,225
442.0,13.080614791904065,80.27822134387351,67.64439208167607,118.46010336479472,4.808916193890918,-265.22341667773236,-74.31000503737064,304.43593520396394,644
443.0,13.089658509233635,80.13449155587494,19.602042982795243,2.2936202713035914,0.5827317582387753,-1.1654635164775506,21.31293149586006,416.2010998579829,404
444.0,13.089658509233635,80.14347466762486,47.753323780651286,0.9022567228248533,0.8308142386488824,-1.2038287054586676,48.28256603666635,447.72351230830986,309
445.0,13.089658509233635,80.15245777937477,80.12167354995866,0.9271801498964571,1.1225384941175847,-4.669526471126185,77.50186572284652,481.87535870518514,218
446.0,13.089658509233635,80.16144089112467,102.15544780495352,5.201158737590981,2.214733394055303,-11.932252949385031,97.63908698721478,505.4119696050647,178
447.0,13.089658509233635,80.17042400287458,98.48898850785879,14.126693908437101,2.4396392523445494,-12.521963601077825,102.53335806756262,511.1324487389217,173
448.0,13.089658509233635,80.1794071146245,84.34044006541735,28.575908683966354,2.7528430670598327,-9.966849188775518,105.70234262766802,514.8363935662502,163
449.0,13.089658509233635,80.18839022637441,111.80750744308762,41.48529463612037,5.305981383786397,-13.967812634426934,144.63097082856746,560.3366124297089,117
450.0,13.089658509233635,80.19737333812432,114.35776860776585,43.86194587101086,7.747986992390397,-18.563783378806512,147.4039180923606,563.5776644068886,115
451.0,13.089658509233635,80.20635644987422,89.2103124432104,37.08355110010843,9.214203541643643,-16.5590588243263,118.94900826063618,530.3192454766903,149
452.0,13.089658509233635,80.21533956162413,52.044539749120844,28.10792842240156,8.12473964823818,-12.304081507664726,75.97312631209584,480.08855087277493,223
453.0,13.089658509233635,80.22432267337405,31.33094439535238,22.094034787774696,4.521356065241845,-7.017225297203777,50.929109951165145,450.8168226279031,300
454.0,13.089658509233635,80.23330578512396,34.15740526514744,15.774469391013843,1.674850369138721,-3.761636128608582,47.84508889669143,447.21218410239686,312
455.0,13.089658509233635,80.24228889687387,54.55162407501818,13.485324577294337,0.0,-3.1537588928408278,64.88318975947169,467.12650818988874,252
456.0,13.089658509233635,80.25127200862377,81.88636336167659,26.513060313437844,0.5751803302971475,-5.727644275998822,103.24695972941275,511.9665143943553,170
457.0,13.089658509233635,80.26025512037369,106.45561305679479,47.329080367751324,1.0957445659099545,-11.002743917534634,143.87769407292143,559.4561740780215,118
458.0,13.089658509233635,80.2692382321236,149.0310817356572,74.06131345763757,4.097946264749395,-278.4342925268308,-51.24395106878663,331.39579873860225,643
459.0,13.089658509233635,80.27822134387351,177.85354238880836,127.48778240060386,6.313671075692094,-646.431293781475,-334.7762979163707,0.0,646
460.0,13.098702226563207,80.13449155587494,25.262831271279712,2.8948148574398807,1.26239084061007,-2.52478168122014,26.89525528810952,422.72578274696724,387
461.0,13.098702226563207,80.14347466762486,53.40445474110314,2.224401914395143,1.7969730950816203,-2.607890361321214,54.81793938925868,455.36213025196747,288
462.0,13.098702226563207,80.15245777937477,77.34617121645654,1.5277704058569723,1.8030430892703566,-1.042874930164111,79.63410978141975,484.36754956366366,206
463.0,13.098702226563207,80.16144089112467,60.31461126231808,1.6192517500449597,1.4945373785696625,-2.547884925066354,60.880515465866345,462.4481374171427,266
464.0,13.098702226563207,80.17042400287458,37.39163135550588,8.952924082024495,0.7324330483997603,-1.580628405328653,45.496360080601484,444.46696342234895,324
465.0,13.098702226563207,80.1794071146245,27.657873424060725,20.73178757995595,1.0852822937272397,-3.2528004723240187,46.222142825419894,445.31526646467904,319
466.0,13.098702226563207,80.18839022637441,39.84087525766175,31.242474591780645,2.599030131812847,-9.946495680652312,63.73588430060294,465.7855246542664,255
467.0,13.098702226563207,80.19737333812432,47.430351842376055,37.298817543556495,3.096324511965811,-10.764129494794693,77.06136440310367,481.36049580391597,221
468.0,13.098702226563207,80.20635644987422,36.90964725528478,36.61705232686042,3.3396161312299824,-7.434925674027571,69.43139003934762,472.4424958764113,241
469.0,13.098702226563207,80.21533956162413,26.697815571108528,28.809174067724083,3.009219509878489,-3.731130776000538,54.78507837271056,455.3237219259073,289
470.0,13.098702226563207,80.22432267337405,20.866488659003892,16.95623720863306,1.8669982568764814,-1.4343984003917618,38.25532572412166,436.0035609536732,341
471.0,13.098702226563207,80.23330578512396,22.50790634103087,11.444835626589938,0.49346470726459446,-1.1560739834754004,33.29013269141,430.20018744352,355
472.0,13.098702226563207,80.24228889687387,57.602568984452134,14.878270672013258,0.24310943285888492,-0.5850327280282228,72.13891636129605,475.6070831203149,230
473.0,13.098702226563207,80.25127200862377,120.60848494271222,23.4954124502524,0.9700118269317397,-4.177888650160116,140.89602056973624,555.9711605225949,119
474.0,13.098702226563207,80.26025512037369,180.49160043279554,25.306111191852057,1.4983935184588035,-9.068475714748281,198.22762942835814,622.9809903424195,68
475.0,13.098702226563207,80.2692382321236,262.4801631643127,45.93316908705356,3.137807965517994,-256.1355599503278,55.4155802665565,456.06065963703765,287
476.0,13.098702226563207,80.27822134387351,314.01998768767794,106.65344344900748,4.3012355783801475,-615.2420047205953,-190.26733800552978,168.90369909110015,645
477.0,13.107745943892779,80.13449155587494,28.84879591113301,4.57634730251944,1.0050186898030768,-3.1546073368374286,31.275554566618098,427.8455258530186,363
478.0,13.107745943892779,80.14347466762486,41.176634940318635,10.821403492074818,4.610816985686924,-9.829280097297344,46.77957532078304,445.9667998403154,314
479.0,13.107745943892779,80.15245777937477,49.50124342002096,11.034734164216626,5.882331282323635,-10.674081430181282,55.74422743637994,456.44478614873105,285
480.0,13.107745943892779,80.16144089112467,35.63283797332741,4.77828145943608,2.8736059166051655,-5.328533675553084,37.956191673815574,435.6539297083028,342
481.0,13.107745943892779,80.17042400287458,12.449604679656023,2.681997889151169,0.39777082392365093,-1.358645484703397,14.170727908027446,407.85321190424673,439
482.0,13.107745943892779,80.1794071146245,5.673123652323907,7.461970790207586,0.21841919390773537,-1.8017076105584768,11.551806025880751,404.79218652700973,448
483.0,13.107745943892779,80.18839022637441,7.788476018892925,12.02134332293533,0.407161097388691,-4.095134346300496,16.12184609291645,410.13370080261666,423
484.0,13.107745943892779,80.19737333812432,15.020378703285044,21.069359233674703,0.2938468045972531,-5.080523538342158,31.303061203214845,427.877675919517,362
485.0,13.107745943892779,80.20635644987422,15.094052664337385,29.917922253696418,0.0,-2.2698283793853093,42.74214653864849,441.24780763014286,330
486.0,13.107745943892779,80.21533956162413,16.952399197749806,25.771651367724576,0.5518835659048894,-0.0,43.27593413137927,441.87170457741024,328
487.0,13.107745943892779,80.22432267337405,13.80989149275943,13.332260887773826,0.2567152349336018,-0.0,27.398867615466855,423.31441050438116,384
488.0,13.107745943892779,80.23330578512396,14.439531736830013,10.11517484941562,0.0,-0.0,24.554706586245633,419.9901230765109,393
489.0,13.107745943892779,80.24228889687387,63.7344217648357,16.321208829752003,0.0,-0.0,80.05563059458771,484.8602278351832,205
490.0,13.107745943892779,80.25127200862377,141.39992754363715,19.455725792378725,0.6011808179073519,-0.8555174474531243,160.6013167064701,579.0029324710845,100
491.0,13.107745943892779,80.26025512037369,211.37819995880344,15.972866005903441,0.9286393400623456,-3.032889264065755,225.2468160407035,654.5613198117724,47
492.0,13.107745943892779,80.2692382321236,263.4764238752663,21.83244338779192,1.142066795393705,-76.98093375801326,209.4700003004386,636.12119997385,55
493.0,13.107745943892779,80.27822134387351,284.8133319186247,58.620989326180684,1.1029793240149897,-240.59233024481006,103.94497032401034,512.7823570348742,168
494.0,13.116789661222349,80.13449155587494,27.13094331062558,10.886704300119431,2.3052044522873256,-8.211160735260393,32.11169132777194,428.8228119119043,360
495.0,13.116789661222349,80.14347466762486,20.18948189011859,22.14940226319159,8.5614488919979,-20.790483426651754,30.10984961865632,426.48303678742,373
496.0,13.116789661222349,80.15245777937477,18.22652957558167,25.563302742847227,11.673414268164656,-24.878288258700508,30.58495832789304,427.03834919510734,368
497.0,13.116789661222349,80.16144089112467,16.078955227510086,15.64513469156034,6.949977049957922,-15.600792127401355,23.07327484162699,418.2586089768215,399
498.0,13.116789661222349,80.17042400287458,6.306529987924305,3.425267625686063,0.9346751094679686,-3.9240868547938526,6.742385868284485,399.17088210683744,482
499.0,13.116789661222349,80.1794071146245,3.311591191179727,0.8557997629447757,0.20555076413764617,-0.4107018320390917,3.9622398862230575,395.9214161867094,526
500.0,13.116789661222349,80.18839022637441,20.385505673895214,3.826303920079738,0.859178465862724,-4.711733386098867,20.359254673738807,415.08643165268194,406
501.0,13.116789661222349,80.19737333812432,41.67961756170784,13.276202319534978,2.6627338232501674,-11.535607671146144,46.082946033346836,445.1525716871562,320
502.0,13.116789661222349,80.20635644987422,37.482561696088595,22.693730763938458,2.606748019285363,-10.411301238297927,52.371739241014495,452.50298398165614,295
503.0,13.116789661222349,80.21533956162413,17.38934893071108,18.91412111117765,0.8002073717854086,-3.6775384938546325,33.42613891981951,430.3591530543165,354
504.0,13.116789661222349,80.22432267337405,8.442039720965829,7.29357707914549,0.0,-0.0,15.73561680011132,409.6822716573763,428
505.0,13.116789661222349,80.23330578512396,11.11052138882387,8.448499678626595,0.0,-0.0,19.559021067450466,414.15110960536737,412
506.0,13.116789661222349,80.24228889687387,39.58608915249681,12.685928132312585,0.0,-0.0,52.272017284809394,452.38642783666677,296
507.0,13.116789661222349,80.25127200862377,91.5878887523535,13.896160794889173,0.0,-0.0,105.48404954724268,514.5812501565088,164
508.0,13.116789661222349,80.26025512037369,119.93652091105608,10.863435519453892,0.21150587500371815,-0.0,131.0114623055137,544.4179775522186,133
509.0,13.116789661222349,80.2692382321236,143.97144211614219,10.096118495130922,0.0,-3.79953487686153,150.26802573441157,566.9252656603746,113
510.0,13.116789661222349,80.27822134387351,128.49670027683402,20.82614946506085,0.0,-20.935491249517447,128.38735849237742,541.3508954757078,136
511.0,13.12583337855192,80.13449155587494,12.849991016316338,15.721565041036033,1.6316505650556274,-6.630671044237063,23.572535578170935,418.8421505459065,395
512.0,13.12583337855192,80.14347466762486,10.343273958405291,24.262180989424728,8.054545677699835,-18.29123312605619,24.368767499473662,419.77279537876274,394
513.0,13.12583337855192,80.15245777937477,10.314781805319644,28.838773740232654,11.151826203024488,-23.880752005417076,26.424629743159702,422.1757103121658,388
514.0,13.12583337855192,80.16144089112467,9.036955616522013,19.468867475207162,6.888842617894851,-15.884897392269778,19.50976831735425,414.0935424366133,413
515.0,13.12583337855192,80.17042400287458,4.517177290522994,5.6874927452570345,1.90228694298622,-5.653399659867421,6.453557318898827,398.8332960469527,488
516.0,13.12583337855192,80.1794071146245,3.155704854135732,0.0,0.6625785872241874,-1.324630998589206,2.4936524427707134,394.2049146508123,554
517.0,13.12583337855192,80.18839022637441,33.39432568741278,3.9374279498874554,2.054590564972366,-6.894819096418818,32.49152510585378,429.2667659075413,358
518.0,13.12583337855192,80.19737333812432,66.3361334362601,11.609612052056882,5.2019637555986815,-17.785783002537446,65.36192624137823,467.68606077911056,251
519.0,13.12583337855192,80.20635644987422,56.52898035400867,14.794834841373412,5.100774295139098,-18.015207193976213,58.409382296544976,459.55984915112373,273
520.0,13.12583337855192,80.21533956162413,23.906478445497044,10.916532883331868,1.9370060350157783,-7.198201984796546,29.56181537904814,425.84248819890684,377
521.0,13.12583337855192,80.22432267337405,6.169425493235596,5.803290400796419,0.0,-0.0,11.972715894032014,405.2841507191163,446
522.0,13.12583337855192,80.23330578512396,3.578135802209722,5.777673565582978,0.0,-0.0,9.3558093677927,402.2254809125509,458
523.0,13.12583337855192,80.24228889687387,7.231632739118119,7.708805771716234,0.0,-0.0,14.940438510834353,408.7528583214926,435
524.0,13.12583337855192,80.25127200862377,21.118245993344754,7.315992947474406,0.0,-0.0,28.43423894081916,424.52456416469926,379
525.0,13.12583337855192,80.26025512037369,30.51127835376981,6.7821781809939266,0.0,-0.0,37.293456534763735,434.8793174173239,343
526.0,13.12583337855192,80.2692382321236,32.25338566217342,5.781602929306691,0.0,-0.8589778696094199,37.176010721870696,434.74204542911895,344
527.0,13.12583337855192,80.27822134387351,35.213408583689954,7.438414406823012,0.0,-3.405692059960498,39.24613093055247,437.1616252325119,337
528.0,13.13487709588149,80.13449155587494,1.8043478342277233,10.902313045908315,0.0,-0.5831413490322924,12.123519531103746,405.46041170773265,445
529.0,13.13487709588149,80.14347466762486,2.471759996613125,12.543485595810322,2.3525172252598407,-6.464148186064275,10.903614631619014,404.03457312866146,452
530.0,13.13487709588149,80.15245777937477,4.91738755827233,15.06332137088422,4.433467327002562,-8.977899405290458,15.436276850868651,409.33239975501107,430
531.0,13.13487709588149,80.16144089112467,4.434240023266662,11.5896833455626,2.6032618537788874,-5.313192354256431,13.313992868351717,406.85185034554837,440
532.0,13.13487709588149,80.17042400287458,1.4373010520410765,4.6195004593440405,1.4107058415814402,-3.314576357492478,4.15293099547408,396.1442981018249,520
533.0,13.13487709588149,80.1794071146245,1.2345177094323887,0.3950772372517355,0.7848906402671364,-1.570061415551857,0.8444241713994034,392.27727808175734,597
534.0,13.13487709588149,80.18839022637441,23.271635570023644,3.137427582989128,1.5202982563636307,-4.4539088452938635,23.47545256408254,418.72867882616987,397
535.0,13.13487709588149,80.19737333812432,45.68888962902702,8.455860145561406,3.85494383874005,-11.733382811587665,46.2663108017408,445.36689049260485,318
536.0,13.13487709588149,80.20635644987422,38.53715447825239,10.637882113121663,3.785654966930988,-12.21278457818146,40.74790698012359,438.916917984847,334
537.0,13.13487709588149,80.21533956162413,14.179544700189641,5.950404364837246,1.4397828805362398,-5.049110999632958,16.52062094593017,410.59979333985507,422
538.0,13.13487709588149,80.22432267337405,3.379561701049978,3.384502709921007,0.0,-0.0,6.764064410970985,399.1962202315663,481
539.0,13.13487709588149,80.23330578512396,1.8816237664941755,5.486271273633966,0.0,-0.0,7.367895040128142,399.9019842682881,478
540.0,13.13487709588149,80.24228889687387,1.3108756429938533,5.059066452255245,0.0,-0.0,6.369942095249098,398.73556563228846,491
541.0,13.13487709588149,80.25127200862377,1.0385992675530704,3.48132211640463,0.0,-0.0,4.5199213839577,396.5732405991206,517
542.0,13.13487709588149,80.26025512037369,2.6535706836190167,3.1797637503132865,0.0,-0.0,5.833334433932303,398.10837255711203,499
543.0,13.13487709588149,80.2692382321236,4.538130280751375,2.135414329790326,0.0,-0.0,6.6735446105417005,399.0904196698369,484
544.0,13.13487709588149,80.27822134387351,19.94139521319628,5.216344218875704,0.0,-0.4629695257331012,24.694769906338884,420.1538306617383,392
545.0,13.143920813211063,80.13449155587494,0.748672198878533,4.432186066532212,0.0,-0.0,5.180858265410746,397.3457510663749,509
546.0,13.143920813211063,80.14347466762486,2.313678904772333,2.813901351020997,0.0,-0.0,5.12758025579333,397.2834791289798,510
547.0,13.143920813211063,80.15245777937477,3.166494438553328,3.185735248730645,0.21895598789526008,-0.43705786823341547,6.134127806945818,398.4599432375419,493
548.0,13.143920813211063,80.16144089112467,1.9470070412225589,2.4536414923360987,0.42743817259319183,-0.855539250885252,3.972547455266597,395.93346378944045,525
549.0,13.143920813211063,80.17042400287458,0.6977018350086508,1.4344850891267813,0.6141174470059658,-1.2291743269695872,1.5171300441718107,393.06354427855007,581
550.0,13.143920813211063,80.1794071146245,0.46844854728324237,0.0,0.3416909228019308,-0.6838973260890991,0.12624214399607403,391.4378588435038,607
551.0,13.143920813211063,80.18839022637441,5.800000722082077,0.3763167316547595,0.0,-0.0,6.176317453736836,398.50925497164303,492
552.0,13.143920813211063,80.19737333812432,13.102395093332321,3.31714727536298,0.9120454894356813,-1.4668571050580357,15.864730753072944,409.8331814990425,426
553.0,13.143920813211063,80.20635644987422,10.561096523767947,4.69049225890967,0.9006136271947847,-1.7599107493717134,14.392291660500689,408.11217811229585,438
554.0,13.143920813211063,80.21533956162413,3.6221772443134608,2.403906076493556,0.0,-0.5584570995461466,5.46762622126087,397.68092868133914,506
555.0,13.143920813211063,80.22432267337405,4.0878588814118935,1.8795020496188033,0.0,-0.0,5.967360931030697,398.2650242356662,498
556.0,13.143920813211063,80.23330578512396,3.873497944844616,4.876955802810918,0.0,-0.0,8.750453747655534,401.51793444920463,465
557.0,13.143920813211063,80.24228889687387,2.2088895787202905,4.8918597848476795,0.0,-0.0,7.10074936356797,399.5897413942473,480
558.0,13.143920813211063,80.25127200862377,1.0229238018662852,2.524116624706635,0.0,-0.0,3.54704042657292,395.4361263843414,528
559.0,13.143920813211063,80.26025512037369,0.5060210460201306,0.9716178930061461,0.0,-0.0,1.4776389390262767,393.01738663030187,583
560.0,13.143920813211063,80.2692382321236,1.363846263754512,0.746761531704309,0.0,-0.0,2.110607795458821,393.75720775507415,568
561.0,13.143920813211063,80.27822134387351,10.875538280628685,1.9513706168195184,0.0,-0.0,12.826908897448204,406.2825411172186,442
562.0,13.152964530540633,80.13449155587494,1.5112086139484067,0.46940626164637894,0.0,-0.0,1.9806148755947857,393.60527056699783,572
563.0,13.152964530540633,80.14347466762486,2.892534621081927,0.0,0.0,-0.0,2.892534621081927,394.6711326310666,538
564.0,13.152964530540633,80.15245777937477,2.7543687554439176,0.0,0.0,-0.0,2.7543687554439176,394.5096428119662,544
565.0,13.152964530540633,80.16144089112467,1.1801721532355747,0.0,0.0,-0.0,1.1801721532355747,392.6697041024656,591
566.0,13.152964530540633,80.17042400287458,0.0,0.0,0.0,-0.0,0.0,391.2903056044847,621
567.0,13.152964530540633,80.1794071146245,1.2023839538717107,0.0,0.0,-0.0,1.2023839538717107,392.69566550508887,589
568.0,13.152964530540633,80.18839022637441,4.9125705568471165,0.0,0.0,-0.0,4.9125705568471165,397.0321733724725,512
569.0,13.152964530540633,80.19737333812432,7.874572167717549,0.894564367653818,0.0,-0.0,8.769136535371366,401.5397711018004,464
570.0,13.152964530540633,80.20635644987422,6.858307392872976,1.358254411966967,0.0,-0.0,8.216561804839943,400.8939155363835,473
571.0,13.152964530540633,80.21533956162413,5.038323927070152,0.48853990677878295,0.0,-0.0,5.526863833848935,397.750166269774,503
572.0,13.152964530540633,80.22432267337405,5.730828786055994,0.3533695477315101,0.0,-0.0,6.084198333787504,398.401585107255,495
573.0,13.152964530540633,80.23330578512396,6.455037712527244,2.200928041614611,0.0,-0.0,8.655965754141855,401.407495818728,467
574.0,13.152964530540633,80.24228889687387,4.380855907131338,2.9834293100276597,0.0,-0.0,7.364285217158998,399.8977650665658,479
575.0,13.152964530540633,80.25127200862377,1.8346529038607255,1.4100168368927255,0.0,-0.0,3.244669740753451,395.082712122948,533
576.0,13.152964530540633,80.26025512037369,0.8447872927385591,0.34395731475299485,0.0,-0.0,1.188744607491554,392.67972368350075,590
577.0,13.152964530540633,80.2692382321236,0.49485551973685327,0.0,0.0,-0.0,0.49485551973685327,391.86869830657577,603
578.0,13.152964530540633,80.27822134387351,1.215396043008471,1.1654248321981293,0.0,-0.0,2.3808208752066005,394.0730358444907,556
579.0,13.162008247870205,80.13449155587494,2.247345658804899,0.0,0.0,-0.0,2.247345658804899,393.9170285090206,563
580.0,13.162008247870205,80.14347466762486,2.805412966743198,0.0,0.0,-0.0,2.805412966743198,394.569303860741,540
581.0,13.162008247870205,80.15245777937477,1.5906275947985726,0.0,0.0,-0.0,1.5906275947985726,393.1494490430896,580
582.0,13.162008247870205,80.16144089112467,0.45672720701873837,0.0,0.0,-0.0,0.45672720701873837,391.8241335054578,604
583.0,13.162008247870205,80.17042400287458,0.0,0.0,0.0,-0.0,0.0,391.2903056044847,621
584.0,13.162008247870205,80.1794071146245,0.5838089896851295,0.0,0.0,-0.0,0.5838089896851295,391.97266812360664,600
585.0,13.162008247870205,80.18839022637441,2.6042444506760773,0.0,0.0,-0.0,2.6042444506760773,394.33417583459396,546
586.0,13.162008247870205,80.19737333812432,5.522253472642719,0.0,0.0,-0.0,5.522253472642719,397.744777627697,505
587.0,13.162008247870205,80.20635644987422,8.27550851973776,0.0,0.0,-0.0,8.27550851973776,400.96281312032323,472
588.0,13.162008247870205,80.21533956162413,8.856738231334887,0.0,0.0,-0.0,8.856738231334887,401.6421609501808,461
589.0,13.162008247870205,80.22432267337405,8.046120949778581,0.0,0.0,-0.0,8.046120949778581,400.6947023463233,474
590.0,13.162008247870205,80.23330578512396,6.1808997660667355,0.5215830642559001,0.0,-0.0,6.702482830322635,399.1242429868764,483
591.0,13.162008247870205,80.24228889687387,3.692926393298177,0.8482070885522065,0.0,-0.0,4.541133481850384,396.59803353792364,516
592.0,13.162008247870205,80.25127200862377,2.248294142454017,0.5342474535350956,0.0,-0.0,2.7825415959891124,394.542571545139,541
593.0,13.162008247870205,80.26025512037369,2.51545791931732,0.0,0.0,-0.0,2.51545791931732,394.23040113726574,551
594.0,13.162008247870205,80.2692382321236,1.4735219870887635,0.0,0.0,-0.0,1.4735219870887635,393.01257469053246,584
595.0,13.162008247870205,80.27822134387351,5.445515285482337,1.044769674993227,0.0,-0.0,6.490284960475564,398.8762237278731,487
596.0,13.171051965199776,80.13449155587494,2.7663818362495074,0.0,0.0,-0.0,2.7663818362495074,394.52368383604386,542
597.0,13.171051965199776,80.14347466762486,2.2054377620604435,0.0,0.0,-0.0,2.2054377620604435,393.8680460875457,564
598.0,13.171051965199776,80.15245777937477,0.4336084085928721,0.0,0.0,-0.0,0.4336084085928721,391.7971119936077,606
599.0,13.171051965199776,80.16144089112467,0.0,0.0,0.0,-0.0,0.0,391.2903056044847,621
600.0,13.171051965199776,80.17042400287458,0.0,0.0,0.0,-0.0,0.0,391.2903056044847,621
601.0,13.171051965199776,80.1794071146245,0.0,0.0,0.0,-0.0,0.0,391.2903056044847,621
602.0,13.171051965199776,80.18839022637441,0.5713979697833151,0.0,0.0,-0.0,0.5713979697833151,391.9581619838337,601
603.0,13.171051965199776,80.19737333812432,3.1921945997189276,0.0,0.0,-0.0,3.1921945997189276,395.02137858739053,535
604.0,13.171051965199776,80.20635644987422,6.625534594139294,0.0,0.0,-0.0,6.625534594139294,399.0343050222137,485
605.0,13.171051965199776,80.21533956162413,7.691617694168824,0.0,0.0,-0.0,7.691617694168824,400.2803549504991,475
606.0,13.171051965199776,80.22432267337405,5.526858313362106,0.0,0.0,-0.0,5.526858313362106,397.75015981736675,504
607.0,13.171051965199776,80.23330578512396,2.3281869074644934,0.0,0.0,-0.0,2.3281869074644934,394.0115166704895,561
608.0,13.171051965199776,80.24228889687387,1.3751731369088247,0.0,0.0,-0.0,1.3751731369088247,392.89762344732236,587
609.0,13.171051965199776,80.25127200862377,1.8201115486530637,0.0,0.0,-0.0,1.8201115486530637,393.41767247167144,575
610.0,13.171051965199776,80.26025512037369,2.75256588471734,0.0,0.0,-0.0,2.75256588471734,394.507535596366,545
611.0,13.171051965199776,80.2692382321236,1.612448336758073,0.0,0.0,-0.0,1.612448336758073,393.1749533719294,579
612.0,13.171051965199776,80.27822134387351,6.861360830059072,2.0648048698157027,0.0,-0.0,8.926165699874774,401.7233085569601,460
613.0,13.180095682529346,80.13449155587494,2.496927077224618,0.0,0.0,-0.0,2.496927077224618,394.20874208042477,553
614.0,13.180095682529346,80.14347466762486,1.4627265467195119,0.0,0.0,-0.0,1.4627265467195119,392.9999568583039,585
615.0,13.180095682529346,80.15245777937477,0.452264430023121,0.0,0.0,-0.0,0.452264430023121,391.8189173614676,605
616.0,13.180095682529346,80.16144089112467,0.9595960770065532,0.0,0.0,-0.0,0.9595960770065532,392.41189230152906,594
617.0,13.180095682529346,80.17042400287458,0.7887724422081859,0.0,0.0,-0.0,0.7887724422081859,392.2122317142033,599
618.0,13.180095682529346,80.1794071146245,0.0,0.0,0.26499626790370456,-0.5299925358074091,-0.26499626790370456,390.9805749834776,637
619.0,13.180095682529346,80.18839022637441,0.0,0.0,0.0,-0.0,0.0,391.2903056044847,621
620.0,13.180095682529346,80.19737333812432,0.0,0.0,0.0,-0.0,0.0,391.2903056044847,621
621.0,13.180095682529346,80.20635644987422,2.5076661547339913,0.0,0.0,-0.0,2.5076661547339913,394.2212940351083,552
622.0,13.180095682529346,80.21533956162413,2.829603492947925,0.0,0.0,-0.0,2.829603492947925,394.5975780200835,539
623.0,13.180095682529346,80.22432267337405,0.7977768151390425,0.0,0.0,-0.0,0.7977768151390425,392.22275612664777,598
624.0,13.180095682529346,80.23330578512396,0.0,0.0,0.0,-0.0,0.0,391.2903056044847,621
625.0,13.180095682529346,80.24228889687387,0.0,0.0,0.0,-0.0,0.0,391.2903056044847,621
626.0,13.180095682529346,80.25127200862377,1.507231514216142,0.0,0.0,-0.0,1.507231514216142,393.0519747653094,582
627.0,13.180095682529346,80.26025512037369,1.8490107298863323,0.0,0.0,-0.0,1.8490107298863323,393.4514501600169,573
628.0,13.180095682529346,80.2692382321236,1.457236823972619,0.0,0.0,-0.0,1.457236823972619,392.9935404085591,586
629.0,13.180095682529346,80.27822134387351,5.065173442739494,1.3580154952147065,0.0,-0.0,6.4231889379542,398.7978011414456,490
630.0,13.189139399858918,80.13449155587494,3.4023364829894183,0.0,0.0,-0.0,3.4023364829894183,395.26699478613875,531
631.0,13.189139399858918,80.14347466762486,3.8076091099050853,0.924549241744491,0.0,-0.0,4.732158351649576,396.82130555612497,514
632.0,13.189139399858918,80.15245777937477,2.8830383296013196,2.4745561814969994,0.0,-0.0,5.357594511098319,397.55232237986667,507
633.0,13.189139399858918,80.16144089112467,2.564151578775917,2.0874327010158837,0.0,-0.0,4.6515842797918,396.72712967390976,515
634.0,13.189139399858918,80.17042400287458,2.107706275820427,0.8377443988129538,0.6038344171298332,-1.2076688342596664,2.3416162575035475,394.02721304599027,560
635.0,13.189139399858918,80.1794071146245,0.6712106691782764,1.2094091720977034,1.0338165842569378,-3.266895879623398,-0.3524594540904804,390.8783470268834,638
636.0,13.189139399858918,80.18839022637441,0.0,1.3920074718458824,0.6857364245276233,-2.9092809370995782,-0.8315370407260727,390.3183957506144,640
637.0,13.189139399858918,80.19737333812432,0.0,0.620726780822136,0.0,-0.7639803095068283,-0.14325352868469232,391.1228692675432,635
638.0,13.189139399858918,80.20635644987422,1.9935848268106773,0.0,0.0,-0.0,1.9935848268106773,393.6204299919826,571
639.0,13.189139399858918,80.21533956162413,3.7221623829104926,0.0,0.0,-0.0,3.7221623829104926,395.6408108982686,527
640.0,13.189139399858918,80.22432267337405,2.065524055642904,0.0,0.0,-0.0,2.065524055642904,393.70451337246664,569
641.0,13.189139399858918,80.23330578512396,0.5630927426167562,0.0,0.0,-0.0,0.5630927426167562,391.9484547408289,602
642.0,13.189139399858918,80.24228889687387,0.9285583474378659,0.0,0.0,-0.0,0.9285583474378659,392.3756150538153,595
643.0,13.189139399858918,80.25127200862377,2.294190215391079,0.0,0.0,-0.0,2.294190215391079,393.97178095409095,562
644.0,13.189139399858918,80.26025512037369,2.196006187272694,0.0,0.0,-0.0,2.196006187272694,393.85702235676183,566
645.0,13.189139399858918,80.2692382321236,2.3692712371594715,0.0,0.0,-0.0,2.3692712371594715,394.05953649752604,559
646.0,13.189139399858918,80.27822134387351,3.265060012526106,0.0,0.0,-0.0,3.265060012526106,395.10654450213053,532
