CellID,Lat,Lon,apartments,offices,schools,hardware_shops,RawScore,Score_0_1000,Rank
1.0,12.854521858664786,80.13449155587494,0.8199498879978622,0.9604105895191112,1.2079134526047708,-0.0,2.9882739301217445,228.00366281644418,518
2.0,12.854521858664786,80.14347466762486,2.205443506626945,0.0,0.6247814640861702,-0.0,2.8302249707131155,227.76582751750445,522
3.0,12.854521858664786,80.15245777937477,2.85610975844625,0.0,0.0,-0.0,2.85610975844625,227.80477947423694,521
4.0,12.854521858664786,80.16144089112467,4.772619919322105,0.0,0.0,-0.0,4.772619919322105,230.68878306868302,496
5.0,12.854521858664786,80.17042400287458,7.666392646269256,0.0,0.0,-0.0,7.666392646269256,235.04339131256086,455
6.0,12.854521858664786,80.1794071146245,8.833769864642418,0.0,0.0,-0.0,8.833769864642418,236.80008436986458,445
7.0,12.854521858664786,80.18839022637441,6.244735174703597,0.0,0.0,-0.0,6.244735174703597,232.9040521419338,467
8.0,12.854521858664786,80.19737333812432,22.808984386552634,0.0,0.0,-0.0,22.808984386552634,257.8302723318865,377
9.0,12.854521858664786,80.20635644987422,47.728865609055426,0.0,0.0,-0.0,47.728865609055426,295.3302180592928,298
10.0,12.854521858664786,80.21533956162413,48.39357418089438,1.1754389252364652,0.0,-0.0,49.569013106130846,298.09930955915274,294
11.0,12.854521858664786,80.22432267337405,37.707054521407855,2.5022127402547367,0.0,-0.0,40.20926726166259,284.01457303669565,324
12.0,12.854521858664786,80.23330578512396,38.26992925707664,1.4246017617265607,0.0,-0.0,39.694531018803204,283.239987435793,325
13.0,12.854521858664786,80.24228889687387,26.692414600150983,0.0,0.0,-0.0,26.692414600150983,263.6741373545899,363
14.0,12.854521858664786,80.25127200862377,8.179345516327842,0.0,0.0,-0.0,8.179345516327842,235.81529325768508,449
15.0,12.854521858664786,80.26025512037369,0.0,0.0,0.0,-0.0,0.0,223.50684723383227,619
16.0,12.854521858664786,80.2692382321236,0.0,0.0,0.0,-0.0,0.0,223.50684723383227,619
17.0,12.854521858664786,80.27822134387351,0.0,0.0,0.0,-0.0,0.0,223.50684723383227,619
18.0,12.863565575994357,80.13449155587494,0.0,0.0,1.3761055293273166,-0.0,1.3761055293273166,225.5776389123399,567
19.0,12.863565575994357,80.14347466762486,0.7476736102456395,0.0,0.7117939773791375,-0.0,1.459467587624777,225.70308383858045,565
20.0,12.863565575994357,80.15245777937477,2.52488960299747,0.0,0.0,-0.0,2.52488960299747,227.3063526261211,535
21.0,12.863565575994357,80.16144089112467,6.02115140364907,0.0,0.0,-0.0,6.02115140364907,232.56759872126088,471
22.0,12.863565575994357,80.17042400287458,9.914587146534513,0.0,0.0,-0.0,9.914587146534513,238.42652026858775,437
23.0,12.863565575994357,80.1794071146245,10.06519543046431,0.0,0.0,-0.0,10.06519543046431,238.65315868724784,434
24.0,12.863565575994357,80.18839022637441,5.700469763841127,0.0,0.0,-0.0,5.700469763841127,232.08503044650865,475
25.0,12.863565575994357,80.19737333812432,29.457953160721154,0.0,0.0,-0.0,29.457953160721154,267.8357762084213,354
26.0,12.863565575994357,80.20635644987422,67.04158862822588,0.44417292961962085,0.0,-0.45759431343127566,67.02816724441423,324.372200941991,249
27.0,12.863565575994357,80.21533956162413,54.1069288385961,0.6674609573880641,0.0,-1.3013407625264184,53.47304903345775,303.97418248031266,287
28.0,12.863565575994357,80.22432267337405,21.70560717577912,0.38763359887173565,0.0,-1.430264139857777,20.662976634793083,254.60091608002332,385
29.0,12.863565575994357,80.23330578512396,15.423461978157803,0.0,0.0,-0.6075139681625339,14.81594800999527,245.80218810300101,412
30.0,12.863565575994357,80.24228889687387,11.161081195205012,0.0,0.0,-0.0,11.161081195205012,240.30226994641805,429
31.0,12.863565575994357,80.25127200862377,3.6132795215959446,0.0,0.0,-0.0,3.6132795215959446,228.94418398307172,509
32.0,12.863565575994357,80.26025512037369,0.8091719481935185,0.0,0.0,-0.0,0.8091719481935185,224.7245056917705,585
33.0,12.863565575994357,80.2692382321236,0.0,0.0,0.0,-0.0,0.0,223.50684723383227,619
34.0,12.863565575994357,80.27822134387351,0.0,0.0,0.0,-0.0,0.0,223.50684723383227,619
35.0,12.872609293323928,80.13449155587494,0.0,0.0,0.5761536459443498,-0.0,0.5761536459443498,224.37385499605426,591
36.0,12.872609293323928,80.14347466762486,0.0,0.0,0.2980239311497759,-0.0,0.2980239311497759,223.95531972628913,603
37.0,12.872609293323928,80.15245777937477,1.167050269994287,0.0,0.0,-0.0,1.167050269994287,225.26304829254443,576
38.0,12.872609293323928,80.16144089112467,3.345749742290838,0.0,0.0,-0.0,3.345749742290838,228.54159971251158,513
39.0,12.872609293323928,80.17042400287458,5.645530764876284,0.0,0.0,-0.0,5.645530764876284,232.00235711989424,476
40.0,12.872609293323928,80.1794071146245,5.969957466452876,0.0,0.0,-0.0,5.969957466452876,232.49056104001,473
41.0,12.872609293323928,80.18839022637441,5.440919543156055,0.0,0.0,-0.42581277179123533,5.01510677136482,231.0536822313243,493
42.0,12.872609293323928,80.19737333812432,155.37326582098683,0.3515283066107603,0.0,-0.0,155.7247941275976,457.8446948365399,103
43.0,12.872609293323928,80.20635644987422,279.72622852224777,1.3667566044741175,0.0,-0.8790887330200038,280.2138963937019,645.1784359948612,22
44.0,12.872609293323928,80.21533956162413,194.27307150194383,2.0538022384088532,0.0,-2.4999243314068997,193.82694940894578,515.1815955380379,64
45.0,12.872609293323928,80.22432267337405,29.503151436890242,1.1927862576771369,0.0,-2.7475816660637253,27.948356028503653,265.5641036421297,358
46.0,12.872609293323928,80.23330578512396,10.169802984779786,0.0,0.0,-1.167088937913539,9.002714046866247,237.05431502240214,443
47.0,12.872609293323928,80.24228889687387,9.027931320487598,0.0,0.0,-0.0,9.027931320487598,237.09226249027927,442
48.0,12.872609293323928,80.25127200862377,6.125360361565144,0.0,0.0,-0.0,6.125360361565144,232.72441448740645,470
49.0,12.872609293323928,80.26025512037369,2.2753613478258234,0.0,0.0,-0.0,2.2753613478258234,226.93085741637907,543
50.0,12.872609293323928,80.2692382321236,0.0,0.0,0.0,-0.0,0.0,223.50684723383227,619
51.0,12.872609293323928,80.27822134387351,0.0,0.0,0.0,-0.0,0.0,223.50684723383227,619
52.0,12.8816530106535,80.13449155587494,2.5458004578282285,0.0,0.0,-0.0,2.5458004578282285,227.3378197071343,533
53.0,12.8816530106535,80.14347466762486,0.0,0.0,0.0,-0.0,0.0,223.50684723383227,619
54.0,12.8816530106535,80.15245777937477,0.0,0.0,0.0,-0.0,0.0,223.50684723383227,619
55.0,12.8816530106535,80.16144089112467,0.45113301184979754,0.0,0.0,-0.0,0.45113301184979754,224.18572139495515,600
56.0,12.8816530106535,80.17042400287458,1.915360545643102,0.0,0.0,-1.4340073977655003,0.48135314787760164,224.23119727225966,596
57.0,12.8816530106535,80.1794071146245,2.5716901863783006,0.9533564467273046,0.0,-2.3497775868051587,1.1752690463004463,225.2754160748254,575
58.0,12.8816530106535,80.18839022637441,34.546673267169595,1.1281040659594852,0.0,-1.7816741782066088,33.89310315492247,274.5098804142339,341
59.0,12.8816530106535,80.19737333812432,306.49761146490107,0.9135116141286013,0.0,-0.7353251044803645,306.6757979745493,684.9988454207968,19
60.0,12.8816530106535,80.20635644987422,515.0789197368566,1.5456125296856258,0.0,-0.6206618161956455,516.0038704503467,1000.0,1
61.0,12.8816530106535,80.21533956162413,353.3230982245284,2.3225321248884705,0.0,-1.7649520247918187,353.8806783246251,756.0337125371806,8
62.0,12.8816530106535,80.22432267337405,86.75334101370221,1.3488827336189453,0.0,-1.939792073455798,86.16243167386537,353.1658324698301,205
63.0,12.8816530106535,80.23330578512396,13.701590905680916,0.0,0.0,-0.8239898356052936,12.877601070075622,242.88532407789344,419
64.0,12.8816530106535,80.24228889687387,9.291741108636323,0.0,0.0,-0.0,9.291741108636323,237.48924884224482,441
65.0,12.8816530106535,80.25127200862377,5.491930928846002,0.0,0.0,-0.0,5.491930928846002,231.7712169525939,481
66.0,12.8816530106535,80.26025512037369,2.201718938504641,0.0,0.0,-0.0,2.201718938504641,226.8200388162372,547
67.0,12.8816530106535,80.2692382321236,0.0,0.0,0.0,-0.0,0.0,223.50684723383227,619
68.0,12.8816530106535,80.27822134387351,0.0,0.0,0.0,-0.0,0.0,223.50684723383227,619
69.0,12.89069672798307,80.13449155587494,34.26584996866883,0.0,0.47785896726676863,-0.0,34.7437089359356,275.7898893492125,337
70.0,12.89069672798307,80.14347466762486,0.5460102420134716,0.0,0.0,-0.0,0.5460102420134716,224.32849458677484,594
71.0,12.89069672798307,80.15245777937477,0.0,0.0,0.0,-0.0,0.0,223.50684723383227,619
72.0,12.89069672798307,80.16144089112467,2.25880649307074,0.0,0.0,-1.1486692512923333,1.1101372417784068,225.1774044064351,578
73.0,12.89069672798307,80.17042400287458,5.0049562294078465,0.6409195671086022,0.0,-3.367720307232132,2.2781554892843165,226.93506209745732,542
74.0,12.89069672798307,80.1794071146245,6.18968393226891,1.9620267038317063,0.0,-4.567472808392797,3.5842378277078186,228.90048144954386,510
75.0,12.89069672798307,80.18839022637441,31.737500940946486,2.321646789492752,0.0,-3.3747303635812766,30.684417366857957,269.6813845705191,352
76.0,12.89069672798307,80.19737333812432,256.65997382702244,1.0618843787100738,0.21966002911619173,-1.1307657157805564,256.81075251906816,609.9609075759475,28
77.0,12.89069672798307,80.20635644987422,430.63266392138576,1.975007995608624,0.581596457364047,-0.0,433.18926837435845,875.3788970518051,3
78.0,12.89069672798307,80.21533956162413,309.4561429570965,4.04471691923682,0.36820089883633467,-0.45793966177963186,313.41112111339004,695.1342971072597,16
79.0,12.89069672798307,80.22432267337405,89.80866890234786,3.9675552981518964,0.0,-0.5033024716197003,93.27292172888005,363.86584298663513,187
80.0,12.89069672798307,80.23330578512396,39.184610549140466,1.2325501737714268,0.0,-0.0,40.417160722911895,284.3274153590295,323
81.0,12.89069672798307,80.24228889687387,11.509768050027166,0.0,0.0,-0.0,11.509768050027166,240.82698104014042,425
82.0,12.89069672798307,80.25127200862377,5.275531929347726,0.0,0.0,-0.0,5.275531929347726,231.4455753227565,486
83.0,12.89069672798307,80.26025512037369,0.9809445810667877,0.0,0.0,-0.0,0.9809445810667877,224.98299265455682,580
84.0,12.89069672798307,80.2692382321236,0.0,0.0,0.0,-0.0,0.0,223.50684723383227,619
85.0,12.89069672798307,80.27822134387351,0.0,0.0,0.0,-0.0,0.0,223.50684723383227,619
86.0,12.899740445312641,80.13449155587494,20.771851292272892,0.0,0.49850441340429086,-0.0,21.270355705677183,255.51491249881641,382
87.0,12.899740445312641,80.14347466762486,5.204279914059013,0.0,0.0,-0.0,5.204279914059013,231.33835383632814,488
88.0,12.899740445312641,80.15245777937477,3.930668610298785,0.0,0.0,-0.0,3.930668610298785,229.42179755973999,499
89.0,12.899740445312641,80.16144089112467,8.140348865635831,0.0,0.0,-1.2404742989698512,6.8998745666659795,233.88991926638423,460
90.0,12.899740445312641,80.17042400287458,12.683667926524329,0.48477433235415734,0.0,-3.1586744170841308,10.009767841794355,238.56975012087602,435
91.0,12.899740445312641,80.1794071146245,13.632668537447126,1.4839646458291686,0.27258811509955805,-4.082133317407031,11.30708798096882,240.52198393674925,426
92.0,12.899740445312641,80.18839022637441,10.336312820990567,1.7559500748925096,1.2416633547258742,-3.3412194842014107,9.992706766407542,238.5440762665208,436
93.0,12.899740445312641,80.19737333812432,74.73045936262449,0.8031662403406126,2.1937402666172323,-1.646131242778908,76.08123462680342,337.99544145726236,226
94.0,12.899740445312641,80.20635644987422,146.84165514474967,3.4184582582273695,1.982541276283437,-0.0,152.24265467926045,452.6047003453147,109
95.0,12.899740445312641,80.21533956162413,133.52993235441724,17.99793823989106,1.4416796908195013,-0.8735912277519067,152.0959590573759,452.383949780334,110
96.0,12.899740445312641,80.22432267337405,90.53746612457095,22.93081010381688,0.4310160918145306,-0.9119709239129951,112.98732139628937,393.53247385759875,158
97.0,12.899740445312641,80.23330578512396,66.46864118825346,12.648744038638766,0.29754897479059833,-0.0,79.41493420168283,343.01206059815,222
98.0,12.899740445312641,80.24228889687387,22.349989789725363,1.8605092969126638,0.25844182148142963,-0.0,24.468940908119457,260.32820877519504,371
99.0,12.899740445312641,80.25127200862377,5.588723606786222,0.0,0.0,-0.0,5.588723606786222,231.91687254931045,478
100.0,12.899740445312641,80.26025512037369,0.999140796765135,0.0,0.0,-0.0,0.999140796765135,225.01037469121422,579
101.0,12.899740445312641,80.2692382321236,0.0,0.0,0.0,-0.0,0.0,223.50684723383227,619
102.0,12.899740445312641,80.27822134387351,0.0,0.0,0.0,-0.0,0.0,223.50684723383227,619
103.0,12.908784162642213,80.13449155587494,21.351600978873286,2.2996501085637022,1.0228437954926641,-0.5579255248642985,24.116169358065356,259.7973509487437,373
104.0,12.908784162642213,80.14347466762486,17.530573531584235,2.049856462247396,0.6974306641195589,-0.0,20.277860657951187,254.021385700188,389
105.0,12.908784162642213,80.15245777937477,14.342701259257309,0.9392358616431937,0.5870529775637081,-0.0,15.868990098464211,247.38682732393764,407
106.0,12.908784162642213,80.16144089112467,15.394434292693319,0.0,0.34802116661420346,-0.49232148739377124,15.25013397191375,246.45555999760063,410
107.0,12.908784162642213,80.17042400287458,16.95244397330223,0.0,0.0,-1.0452573225185484,15.907186650783682,247.44430627522812,406
108.0,12.908784162642213,80.1794071146245,20.23195813130362,0.41248706015811104,1.2766078766647688,-1.966659817692416,19.954393250434084,253.53462534534643,390
109.0,12.908784162642213,80.18839022637441,21.34366659597505,0.4880859577825759,3.6129007840343936,-2.6088975419276808,22.83575579586434,257.87055849486103,376
110.0,12.908784162642213,80.19737333812432,21.161037713894043,0.0,5.733739751977484,-2.373103700641102,24.521673765230425,260.40756225453373,370
111.0,12.908784162642213,80.20635644987422,14.293893944378292,8.607694153366012,4.260589596523799,-1.6951125879638758,25.467065106304226,261.8302064342907,367
112.0,12.908784162642213,80.21533956162413,45.46638111713232,28.776250539753395,1.7277582867853023,-2.323943582342188,73.64644636132884,334.33152239610024,231
113.0,12.908784162642213,80.22432267337405,77.37790281370441,37.77441933535452,1.3210505008030036,-2.4260382128013926,114.04733443706054,395.1276031097946,153
114.0,12.908784162642213,80.23330578512396,60.66310000801923,23.229328829197918,2.8536425363967495,-0.979090106681512,85.76698126693239,352.5707506287306,206
115.0,12.908784162642213,80.24228889687387,22.924558734274807,5.667563935328214,3.3318422667160696,-0.0,31.92396493631909,271.54668104469965,350
116.0,12.908784162642213,80.25127200862377,4.153305798020335,0.5457684974816336,1.9271568992426764,-0.0,6.626231194744644,233.47813513691378,464
117.0,12.908784162642213,80.26025512037369,1.1191065412530556,0.0,0.2567406844481438,-0.0,1.3758472257011993,225.5772502117729,568
118.0,12.908784162642213,80.2692382321236,0.0,0.0,0.0,-0.0,0.0,223.50684723383227,619
119.0,12.908784162642213,80.27822134387351,0.0,0.0,0.0,-0.0,0.0,223.50684723383227,619
120.0,12.917827879971783,80.13449155587494,53.99397203532254,8.577094836699805,3.385006458807016,-3.4304966203068386,62.52557671052253,317.5966108359996,265
121.0,12.917827879971783,80.14347466762486,38.88218070728196,7.4989609284864045,3.252634254571097,-1.7809162479290912,47.85285964241037,295.51680681065227,297
122.0,12.917827879971783,80.15245777937477,24.25938240877722,3.9232363158291306,2.297479212461241,-1.281311521256978,29.198786415810613,267.44577680265695,357
123.0,12.917827879971783,80.16144089112467,18.14657115501137,1.6338672870187532,1.1286200049483246,-0.5028984403911956,20.40616000658725,254.21445317782786,387
124.0,12.917827879971783,80.17042400287458,16.429684451251873,0.8323188265011052,0.7836528131675599,-0.0,18.045656090920538,250.66231872195021,396
125.0,12.917827879971783,80.1794071146245,34.251482606515886,0.0,1.8260351718101104,-0.9602414704069195,35.11727630791908,276.3520411528199,335
126.0,12.917827879971783,80.18839022637441,63.61891918606132,0.0,6.54386692705204,-2.2593089275898866,67.90347718552347,325.6893852011446,247
127.0,12.917827879971783,80.19737333812432,65.90465713904089,0.0,9.371035336876812,-2.055118130713518,73.22057434520418,333.6906614967685,232
128.0,12.917827879971783,80.20635644987422,33.06930106788941,5.430133621556765,6.694010737883891,-1.5641190057175587,43.62932642161251,289.16114784327334,316
129.0,12.917827879971783,80.21533956162413,26.582158236693648,19.61555580048995,2.521437356742144,-2.272012976536401,46.44713841738934,293.40144882898784,302
130.0,12.917827879971783,80.22432267337405,34.3956650957367,27.690870388991332,2.534900545389016,-2.371822543996359,62.249613486120694,317.1813357451824,267
131.0,12.917827879971783,80.23330578512396,31.94919595465536,18.439434945618995,6.380725700604506,-0.9572412119585839,55.812115388920276,307.49405725818434,282
132.0,12.917827879971783,80.24228889687387,13.941848536523052,6.305141672294468,7.198975882554682,-0.0,27.445966091372203,264.8080970139997,360
133.0,12.917827879971783,80.25127200862377,6.7934275922926854,1.342405467161165,4.029168640888376,-0.0,12.165001700342225,241.8129900064832,423
134.0,12.917827879971783,80.26025512037369,3.2521015370959887,0.0,0.6424561128112181,-0.0,3.894557649907207,229.3674570497368,500
135.0,12.917827879971783,80.2692382321236,0.9636787938084,0.0,0.0,-0.0,0.9636787938084,224.95701074560034,581
136.0,12.917827879971783,80.27822134387351,0.0,0.0,0.0,-0.0,0.0,223.50684723383227,619
137.0,12.926871597301355,80.13449155587494,64.84635294458464,10.635311882624807,4.275688248904556,-5.3488987460958874,74.40845433001812,335.47820753534944,229
138.0,12.926871597301355,80.14347466762486,41.46980591461165,8.702457837217626,4.697757209460354,-4.036531971737723,50.83348898955191,300.00211866881597,292
139.0,12.926871597301355,80.15245777937477,20.57190070204617,5.456509371067418,4.370832484185187,-2.622188584725068,27.77705397257371,265.3063248131293,359
140.0,12.926871597301355,80.16144089112467,13.286383873194687,2.841209210411051,2.9690441962093748,-1.0292102396327238,18.067427040182388,250.69508009061258,395
141.0,12.926871597301355,80.17042400287458,13.28173189801879,1.6069936034966767,1.3793588169909992,-0.0,16.268084318506467,247.9873924493521,405
142.0,12.926871597301355,80.1794071146245,54.869823265705236,0.4048256937853274,0.8962928506882336,-0.0,56.170941810178796,308.03402657836733,280
143.0,12.926871597301355,80.18839022637441,109.20662736133119,0.0,6.185535582251223,-0.7190534696309702,114.67310947395144,396.06928215358494,151
144.0,12.926871597301355,80.19737333812432,115.34061783149231,0.0,9.810493839475651,-0.6540694104049517,124.497042260563,410.85253665782216,141
145.0,12.926871597301355,80.20635644987422,80.64657429580484,0.0,7.110767520189272,-0.0,87.75734181599411,355.5658857941578,200
146.0,12.926871597301355,80.21533956162413,38.60765171086493,3.8123273788794005,3.0712555603505702,-0.8163249007587976,44.6749097493361,290.73456296885223,309
147.0,12.926871597301355,80.22432267337405,16.537329817892854,10.512763906637897,3.1730200304027547,-0.8521847490105707,29.37092900592293,267.7048204846452,355
148.0,12.926871597301355,80.23330578512396,18.965324596466495,8.041665823951403,6.664982417764374,-0.0,33.67197283818227,274.1771190016733,343
149.0,12.926871597301355,80.24228889687387,17.033935613038953,5.832398176805674,7.458921102459388,-0.0,30.325254892304013,269.1409095504805,353
150.0,12.926871597301355,80.25127200862377,16.096547266956108,1.9791081954015342,4.0379191467765505,-0.0,22.11357460913419,256.7838055097272,380
151.0,12.926871597301355,80.26025512037369,9.783868207987915,0.0,1.059361404793203,-0.0,10.843229612781117,239.82396039976166,430
152.0,12.926871597301355,80.2692382321236,1.302421707256752,0.0,0.0,-0.0,1.302421707256752,225.46675799344777,571
153.0,12.926871597301355,80.27822134387351,0.0,0.0,0.0,-0.0,0.0,223.50684723383227,619
154.0,12.935915314630925,80.13449155587494,55.364123519423984,8.832171540169115,7.480541737216339,-8.800969880931726,62.875866915877715,318.1237346843188,264
155.0,12.935915314630925,80.14347466762486,36.796438274358316,7.373010394353351,9.076169456251208,-8.481757896325146,44.763860228637725,290.86841746504564,308
156.0,12.935915314630925,80.15245777937477,18.512768191183447,4.342584437097746,7.683410586102202,-3.9892343011020612,26.549528913281332,263.45912005755736,364
157.0,12.935915314630925,80.16144089112467,8.51995713561919,1.7500569419855336,3.9796185220098828,-24.562303573579754,-10.312670973965147,207.98812953308027,638
158.0,12.935915314630925,80.17042400287458,10.146801412657545,1.1402634223308281,1.5421819868844475,-33.90494057804234,-21.07569375616952,191.79171324233815,641
159.0,12.935915314630925,80.1794071146245,55.27694379610866,0.40152857316649226,0.8996206798137949,-17.017303825958606,39.56078922313034,283.0387300528048,327
160.0,12.935915314630925,80.18839022637441,99.45756030190446,0.9955355416294063,4.119046214284214,-0.0,104.57214205781808,380.86914028624506,172
161.0,12.935915314630925,80.19737333812432,122.00237810701103,3.449386262143853,6.497717639505338,-0.0,131.9494820086602,422.0671200498992,133
162.0,12.935915314630925,80.20635644987422,114.70412333779498,5.940571280187079,4.8467885547204554,-0.0,125.49148317270252,412.3489916329234,138
163.0,12.935915314630925,80.21533956162413,76.94733451752171,4.449472646991546,1.3225693759047328,-0.0,82.719376540418,347.9846528531249,210
164.0,12.935915314630925,80.22432267337405,39.50121886423241,6.618630680359293,3.051026240653189,-0.0,49.170875785244895,297.50018439511314,295
165.0,12.935915314630925,80.23330578512396,47.18175099548374,10.66605475064772,7.318208762551857,-0.0,65.16601450868332,321.5699955100088,253
166.0,12.935915314630925,80.24228889687387,63.62092077540861,7.88713733573815,8.230660153137784,-0.0,79.73871826428453,343.49929746202395,219
167.0,12.935915314630925,80.25127200862377,62.102607374504515,1.9465469338694266,4.620974159406053,-0.0,68.67012846777999,326.84305769339164,243
168.0,12.935915314630925,80.26025512037369,42.106881546004445,0.37403695594175257,1.3704751116777523,-0.0,43.851393613623955,289.49531908485807,315
169.0,12.935915314630925,80.2692382321236,15.044288119587586,0.0,0.5097804369843452,-0.0,15.55406855657193,246.91292696205758,408
170.0,12.935915314630925,80.27822134387351,0.0,0.0,0.0,-0.0,0.0,223.50684723383227,619
171.0,12.944959031960497,80.13449155587494,47.97770921983377,10.916505945653057,13.920292495204599,-12.206360528514308,60.60814713217711,314.7112236833856,273
172.0,12.944959031960497,80.14347466762486,50.265495861587745,11.88289255728585,16.816776450242486,-12.784962826017292,66.18020204309879,323.0961656052197,252
173.0,12.944959031960497,80.15245777937477,31.04647567993171,5.60379464346492,10.147607493573412,-21.07921139049502,25.718666426475025,262.20882123454214,365
174.0,12.944959031960497,80.16144089112467,17.594560350284095,0.9400010665717171,3.218512025319562,-60.6528256926204,-38.89975225044502,164.96970633911596,643
175.0,12.944959031960497,80.17042400287458,28.425320101932584,1.4983603299953923,0.9423020422496409,-85.2975376384946,-54.43155516431699,141.59713240433243,644
176.0,12.944959031960497,80.1794071146245,45.32042952755924,2.7863670738634783,1.745958533551963,-47.31169410295772,2.5410610320169624,227.33068772247054,534
177.0,12.944959031960497,80.18839022637441,62.784466561453996,3.7088768594685657,3.991194177133001,-3.9903291212790446,66.4942084767765,323.5686888935866,251
178.0,12.944959031960497,80.19737333812432,85.6003502711645,8.690595823623328,4.01352144273956,-0.4175997331179222,97.88686780440946,370.8090031837749,179
179.0,12.944959031960497,80.20635644987422,105.36225814915406,13.844391625177925,1.7857149037064848,-0.0,120.99236467803847,405.57862632240494,142
180.0,12.944959031960497,80.21533956162413,88.60736437927899,12.724475167227789,0.0,-0.0,101.33183954650679,375.99306695228285,175
181.0,12.944959031960497,80.22432267337405,69.18357001648988,10.3400513768144,2.772327254401147,-0.0,82.29594864770543,347.3474699205734,212
182.0,12.944959031960497,80.23330578512396,116.87352109569679,11.766139537306897,8.033557617421842,-0.0,136.67321825042552,429.17549472934286,126
183.0,12.944959031960497,80.24228889687387,155.81784436117843,10.196456457306757,10.563075418174954,-0.0,176.57737623666014,489.22408586911064,81
184.0,12.944959031960497,80.25127200862377,133.2672829809755,4.612370911049238,6.70106244593443,-0.0,144.58071633795916,441.0748591955872,122
185.0,12.944959031960497,80.26025512037369,85.59886911332143,1.291755784629557,2.5588729981733045,-0.0,89.44949789612429,358.1122767901903,195
186.0,12.944959031960497,80.2692382321236,32.027519684833976,0.0,0.9815360154513867,-0.0,33.009055700285366,273.17954776644393,344
187.0,12.944959031960497,80.27822134387351,0.4365805893420427,0.0,0.0,-0.0,0.4365805893420427,224.16382261263874,601
188.0,12.954002749290067,80.13449155587494,64.46571775765103,12.0866172793856,14.817225759543259,-9.21040069502329,82.15916010155661,347.14162772530324,213
189.0,12.954002749290067,80.14347466762486,49.68910953592223,16.019102859850072,14.797381010805204,-10.265982169821275,70.23961123675623,329.20484738778083,240
190.0,12.954002749290067,80.15245777937477,47.32115767985377,9.409121049494495,7.783373627443554,-17.63870960629532,46.8749427504965,294.04521751834176,300
191.0,12.954002749290067,80.16144089112467,36.9744106966061,1.1954295856028145,1.5221620895731176,-57.63432217017643,-17.9423197983944,196.50687830717524,640
192.0,12.954002749290067,80.17042400287458,38.54273086857184,3.534198585712004,0.6724560869996954,-80.32616785179033,-37.57678231050679,166.9605384985355,642
193.0,12.954002749290067,80.1794071146245,41.750055149983474,5.413635512631685,3.9254141941900036,-44.296938912012074,6.792165944793091,233.72783713450954,463
194.0,12.954002749290067,80.18839022637441,44.04241252078945,6.4216666086616945,7.774026834371599,-1.9594145060260169,56.278691457796725,308.1961704466202,279
195.0,12.954002749290067,80.19737333812432,49.913598527739396,10.429738939521338,6.230446137198696,-1.8365404701223795,64.73724313433704,320.9247715972667,256
196.0,12.954002749290067,80.20635644987422,68.20795513249757,16.003398631639406,1.8622503303048044,-1.3146575901192434,84.75894650432255,351.0538393500736,208
197.0,12.954002749290067,80.21533956162413,59.80925651974607,15.387845558444393,0.8060282655899831,-0.0,76.00313034378046,337.87790853853414,227
198.0,12.954002749290067,80.22432267337405,75.91766638086779,9.808487732388855,1.7797336425487922,-0.0,87.50588775580543,355.187492593732,201
199.0,12.954002749290067,80.23330578512396,159.39861428530293,12.25749353309466,5.901808477200589,-0.0,177.55791629559815,490.69962255668196,80
200.0,12.954002749290067,80.24228889687387,204.6018378034037,19.695161979206077,8.934474423941765,-0.0,233.23147420655152,574.478328461071,39
201.0,12.954002749290067,80.25127200862377,156.9620769923631,15.392623224486314,7.019362917592086,-0.0,179.3740631344415,493.4325973763262,78
202.0,12.954002749290067,80.26025512037369,81.6013328498602,5.562105213182562,2.6935944478182288,-0.0,89.85703251086099,358.72554319375826,193
203.0,12.954002749290067,80.2692382321236,30.727250291983417,0.5408477588677694,0.9377989089197662,-0.0,32.20589695977095,271.9709381061144,348
204.0,12.954002749290067,80.27822134387351,1.6822404675087865,0.0,0.23518081607327618,-0.0,1.9174212835820628,226.39222190431713,553
205.0,12.96304646661964,80.13449155587494,68.04427898338771,11.361669917738421,9.291861540731276,-2.473896286199916,86.2239141556575,353.25835256291583,204
206.0,12.96304646661964,80.14347466762486,55.856936932631186,17.579609311644596,6.613984007361972,-3.105887827311453,76.9446424243263,339.29471512789644,224
207.0,12.96304646661964,80.15245777937477,52.77686070878208,11.865881337197122,1.2218579016792608,-2.9684402966489185,62.89615965100954,318.15427160619686,263
208.0,12.96304646661964,80.16144089112467,39.11477822883752,4.457065211035589,0.24637344179786244,-21.66854384969229,22.149673031978686,256.8381271529737,379
209.0,12.96304646661964,80.17042400287458,26.47731716729163,2.9379697620907983,1.593835248993059,-28.318472276022725,2.6906499023527637,227.55579210675432,528
210.0,12.96304646661964,80.1794071146245,34.31602655480121,7.4566448402030865,6.9084441352654276,-14.698580527574538,33.98253500269519,274.64445928352444,340
211.0,12.96304646661964,80.18839022637441,51.18053556931142,10.420855742474934,12.447500812517417,-6.39752527725603,67.65136684704774,325.31000441976187,248
212.0,12.96304646661964,80.19737333812432,48.899132913547966,10.654927275552913,10.912837328541958,-7.17850515570483,63.28839236193801,318.74451139269513,262
213.0,12.96304646661964,80.20635644987422,48.96618527081422,17.774557262183286,5.589125104323551,-3.554986387973277,68.77488124934779,327.0006918164644,242
214.0,12.96304646661964,80.21533956162413,67.06173905647066,23.623338377175074,3.80823035529436,-0.588253610478879,93.90505417846121,364.817088794758,186
215.0,12.96304646661964,80.22432267337405,85.63981258489224,18.032956992601616,3.504905933183106,-0.6340153701203272,106.54366014055664,383.8359209238886,166
216.0,12.96304646661964,80.23330578512396,136.72372213938093,19.988477427187362,3.7659561954402707,-0.45758826078341674,160.02056750122517,464.3090622598809,94
217.0,12.96304646661964,80.24228889687387,173.54332504656702,29.68519170871355,5.855612307455907,-0.0,209.08412906273648,538.1409107876543,57
218.0,12.96304646661964,80.25127200862377,141.809808437244,28.321686351280487,4.4443800713603245,-4.206557342435254,170.36931751744953,479.8820724395792,84
219.0,12.96304646661964,80.26025512037369,96.51491614585427,12.385047539327068,1.890997856512814,-2.1082926364617998,108.68266890523236,387.0547449571811,164
220.0,12.96304646661964,80.2692382321236,48.62775950428886,1.9236680790066134,0.4352396072219387,-1.0396430823285492,49.947024108188856,298.6681482279638,293
221.0,12.96304646661964,80.27822134387351,5.307836361272476,0.0,0.0,-0.0,5.307836361272476,231.4941876910546,485
222.0,12.972090183949211,80.13449155587494,56.89595797440974,9.112471836403023,5.005290640058056,-0.5800799032380177,70.43364054763279,329.4968266537505,238
223.0,12.972090183949211,80.14347466762486,58.93640532579538,14.431958276811343,2.229836460876827,-2.6443992371392633,72.95380082634428,333.28921526235695,233
224.0,12.972090183949211,80.15245777937477,45.58081570132546,11.354053691411465,0.40869806026846245,-10.56161801898827,46.78194943401712,293.9052792782735,301
225.0,12.972090183949211,80.16144089112467,23.649605148543582,3.933917168957126,0.0,-16.778714521310338,10.80480779619037,239.76614246619943,431
226.0,12.972090183949211,80.17042400287458,13.287834013820842,2.0955007193103117,1.1652969096425083,-11.427508134484095,5.121123508289566,231.21321838020788,489
227.0,12.972090183949211,80.1794071146245,44.91842495227954,9.969335559863616,7.173249950759533,-6.24848214984608,55.8125283130566,307.49467863485,281
228.0,12.972090183949211,80.18839022637441,77.83474532738283,14.56783518199738,13.455458062303716,-10.536228429962687,95.32181014172124,366.94905207567666,183
229.0,12.972090183949211,80.19737333812432,72.4591290699805,13.845808432939826,12.620372871460127,-9.899242556572347,89.0260678178081,357.4750905686978,196
230.0,12.972090183949211,80.20635644987422,82.049527464016,20.4274157173622,8.737997022607303,-3.7788683042682156,107.43607189971729,385.1788403477903,165
231.0,12.972090183949211,80.21533956162413,120.72844260140246,33.0891133914892,8.778097746653032,-1.1940958852279828,161.4015578543167,466.3872047208586,90
232.0,12.972090183949211,80.22432267337405,119.15818156443393,31.37997371525165,8.36727606092036,-3.0987782889879387,155.806653051618,457.9678778156506,102
233.0,12.972090183949211,80.23330578512396,104.29738207168177,25.909906939629987,5.195475610148167,-2.671681711609029,132.7310829098509,423.2432890337496,131
234.0,12.972090183949211,80.24228889687387,121.55436730968684,39.22616311841641,3.8721549481254813,-9.31280503681102,155.3398803394177,457.2654687143287,105
235.0,12.972090183949211,80.25127200862377,189.13422150209115,46.147063177913026,2.8546299501657884,-16.45396645510131,221.68194817506867,557.0983660330487,47
236.0,12.972090183949211,80.26025512037369,213.94540131538542,26.477914705329137,0.7622097460822865,-12.82810016215029,228.35742560464655,567.1437606751247,41
237.0,12.972090183949211,80.2692382321236,148.05489193283412,7.851743026621669,0.0,-3.15341744801196,152.75321751144384,453.3730057126781,108
238.0,12.972090183949211,80.27822134387351,41.22575352526533,0.0,0.0,-0.7282349460221973,40.497518579243135,284.44833950085376,322
239.0,12.981133901278781,80.13449155587494,31.80152903513035,3.7438351886996135,2.6661438478269837,-1.7582738661727892,36.453234205484165,278.36241785588186,332
240.0,12.981133901278781,80.14347466762486,43.43877694779785,6.538185403031795,1.0921960263526036,-5.387391953383716,45.681766423798535,292.2497014364274,304
241.0,12.981133901278781,80.15245777937477,28.769729693065493,4.909449374629627,0.3880980998746255,-16.705872766723147,17.361404400846595,249.63264281729585,400
242.0,12.981133901278781,80.16144089112467,9.61595696183898,1.5460234128985877,0.0,-26.18569095294323,-15.02371057820566,200.8988610128454,639
243.0,12.981133901278781,80.17042400287458,14.433979460962991,2.0928492696249936,0.33524861949661416,-19.24805479256871,-2.3859774424841085,219.91637969503938,635
244.0,12.981133901278781,80.1794071146245,55.45891046512847,10.514512265028344,4.428229391017716,-10.367184912760772,60.03446720841375,313.84793842877525,274
245.0,12.981133901278781,80.18839022637441,92.25939633776682,15.058355243605126,9.047522167949438,-10.48507063587914,105.88020311344224,382.8375372523488,168
246.0,12.981133901278781,80.19737333812432,78.46067527273746,10.634217913597496,9.8079697899075,-7.395857600118386,91.50700537612407,361.208456027355,192
247.0,12.981133901278781,80.20635644987422,88.49886313044381,14.507980251576171,9.443828085390134,-2.060340026576837,110.39033144083328,389.62447038379884,162
248.0,12.981133901278781,80.21533956162413,142.33895713940774,30.440887927051477,10.684947076299277,-2.5941779537435465,180.87061418901493,495.6846379387876,76
249.0,12.981133901278781,80.22432267337405,134.08760771495815,34.94653201470278,10.547838718671555,-6.199855753748604,173.38212269458387,484.4158031432297,83
250.0,12.981133901278781,80.23330578512396,78.65045316729784,33.65517812579232,6.8589055435906054,-8.878112759786134,110.28642407689463,389.4681084624242,163
251.0,12.981133901278781,80.24228889687387,109.60488555119838,52.09404608116597,4.056050545394039,-17.855523453755744,147.89945872400264,446.068970453529,117
252.0,12.981133901278781,80.25127200862377,265.2915566744425,66.8523848332031,2.1302865700383666,-25.392165562787113,308.8820625148969,688.3188773176033,18
253.0,12.981133901278781,80.26025512037369,382.9023035234679,48.02624203692468,0.7646379824738622,-17.60964066540899,414.0835428774574,846.6282114919741,4
254.0,12.981133901278781,80.2692382321236,297.616350824674,19.273794005058605,0.0,-5.394632272833087,311.49551255689954,692.251650265489,17
255.0,12.981133901278781,80.27822134387351,95.15732830118625,4.375657681844349,0.0,-0.5870154454442903,98.9459705375863,372.40276258652904,177
256.0,12.990177618608353,80.13449155587494,14.58522902429184,0.0,0.4148771233920148,-1.9586117663620894,13.041494381321765,243.1319540767261,416
257.0,12.990177618608353,80.14347466762486,23.34001137865396,0.0,0.3811413578880781,-2.7511059358075185,20.97004680073452,255.0630015311735,384
258.0,12.990177618608353,80.15245777937477,11.794732227077906,0.0,0.0,-10.03303431686785,1.7616979102100565,226.1578861946964,556
259.0,12.990177618608353,80.16144089112467,6.147802460991279,0.0,0.0,-15.805620186227511,-9.657817725236232,208.9735660633545,637
260.0,12.990177618608353,80.17042400287458,7.390031268939247,0.9465246311074822,0.35717539294266454,-13.815137152491328,-5.121405859501934,215.80005119959114,636
261.0,12.990177618608353,80.1794071146245,41.96545288250454,5.794031587215405,2.44490262984521,-8.587882581740264,41.61650451782489,286.13221237295454,321
262.0,12.990177618608353,80.18839022637441,76.02316135879039,8.042169191867112,4.5383710393748125,-7.721027616977261,80.88267397305505,345.2207453537865,215
263.0,12.990177618608353,80.19737333812432,71.98846002839737,6.044870335437823,5.51224154721338,-3.1726952221938016,80.37287668885477,344.4535919986483,218
264.0,12.990177618608353,80.20635644987422,82.4507748609137,5.606604773897751,6.357556222348923,-0.0,94.41493585716037,365.5843691484602,185
265.0,12.990177618608353,80.21533956162413,122.68446289533071,18.406005520306696,7.3890896951697345,-2.207236579054298,146.27232153175285,443.6204212066204,118
266.0,12.990177618608353,80.22432267337405,101.86675964074894,26.764965055272896,7.028753090254028,-6.456303199208823,129.20417458706703,417.9359254267953,134
267.0,12.990177618608353,80.23330578512396,47.128171798763674,31.755875726215468,6.1661185224762205,-8.503081377957988,76.54708466949738,338.6964621066849,225
268.0,12.990177618608353,80.24228889687387,118.30046317840304,51.30604321256427,4.8994437757402824,-13.851888244845245,160.65406192186234,465.26235758983836,93
269.0,12.990177618608353,80.25127200862377,302.4310796940758,63.197733779983764,3.3918102359519713,-15.69738505578972,353.3232386542218,755.1948659471916,10
270.0,12.990177618608353,80.26025512037369,439.4712563185973,47.40783503339416,2.579725648075532,-10.172138190587312,479.28667880947967,944.7472208434144,2
271.0,12.990177618608353,80.2692382321236,353.41567351068943,18.713014629085496,1.1362333401721583,-0.9528164066582994,372.31210507328876,783.7696995823121,6
272.0,12.990177618608353,80.27822134387351,131.49096539330498,5.156800222664513,0.5556496121350748,-0.0,137.20341522810457,429.973345959462,125
273.0,12.999221335937923,80.13449155587494,13.06105976766215,0.0,0.0,-1.7966864735618777,11.264373294100272,240.4577060044015,427
274.0,12.999221335937923,80.14347466762486,18.67511178257531,0.0,0.0,-1.5337557865927214,17.14135599598259,249.30150948780187,402
275.0,12.999221335937923,80.15245777937477,39.29055072231787,0.6313856498008003,0.0,-0.6119310151037741,39.310005357014894,282.66134537409505,329
276.0,12.999221335937923,80.16144089112467,34.537389079931174,0.5738553622606837,0.0,-2.713150899341305,32.39809354285055,272.2601594459003,347
277.0,12.999221335937923,80.17042400287458,18.75853314712816,0.0,0.3714233278626054,-4.3514067716232105,14.778549703367553,245.74591036811478,413
278.0,12.999221335937923,80.1794071146245,44.46830875638622,1.6719878474855754,1.36137761055741,-4.826370310465041,42.67530390396416,287.725515292897,320
279.0,12.999221335937923,80.18839022637441,99.73602871573019,4.34462385127339,1.871906381878049,-3.3984889541655856,102.55406999471603,377.832304269066,174
280.0,12.999221335937923,80.19737333812432,115.01598091772428,19.429755309454585,2.611968643001983,-2.3297874128823657,134.72791745729847,426.2481664040427,128
281.0,12.999221335937923,80.20635644987422,108.32021145881234,30.45050662662867,3.0229227744702425,-0.6549659874352249,141.13867487247603,435.89520496711754,124
282.0,12.999221335937923,80.21533956162413,120.19866886282381,26.884331280362606,2.34407387342553,-0.42429385757066096,149.0027801590413,447.72927106108057,116
283.0,12.999221335937923,80.22432267337405,98.56318949588712,22.028621802211987,2.3617764343291228,-3.7956054864446576,119.15798224598356,402.818210210018,144
284.0,12.999221335937923,80.23330578512396,60.12260121926836,29.028897967974295,3.383618857356004,-5.825031911621092,86.71008613297755,353.9899540742113,202
285.0,12.999221335937923,80.24228889687387,119.77751696225084,37.95242777792006,4.591045159907499,-4.850008078415371,157.47098182166303,460.47239370768017,99
286.0,12.999221335937923,80.25127200862377,248.40957141762215,35.494967084731705,4.786484531341749,-2.30181119818228,286.38921183551327,654.4711766724705,21
287.0,12.999221335937923,80.26025512037369,325.99965976070285,20.18622077554861,4.900725633893902,-0.6560651131975265,350.43054105694785,750.841875580383,11
288.0,12.999221335937923,80.2692382321236,252.9189496649843,9.952606557530437,3.6351903296852894,-0.0,266.50674655220007,624.5516372334938,25
289.0,12.999221335937923,80.27822134387351,108.9790044887549,2.7811081769769856,1.329987524630201,-0.0,113.09010019036208,393.6871374840117,156
290.0,13.008265053267495,80.13449155587494,20.48130712391478,0.0,0.0,-2.919353565919865,17.56195355799492,249.93443328096578,399
291.0,13.008265053267495,80.14347466762486,59.21760509054201,0.8179761022455433,0.0,-1.025532780196496,59.01004841259106,312.30637212264065,275
292.0,13.008265053267495,80.15245777937477,96.19899681357472,1.9216188175380076,0.0,-0.4190419563868111,97.70157367472592,370.53016879669667,180
293.0,13.008265053267495,80.16144089112467,96.31977591526984,2.495137564662576,0.9644307047827954,-3.0724076616347507,96.70693652308046,369.0334185163829,181
294.0,13.008265053267495,80.17042400287458,62.03326302477244,3.3754130727469853,2.771576086263618,-6.23956804650268,61.94068413728036,316.7164525576713,268
295.0,13.008265053267495,80.1794071146245,80.34137013492642,4.936205706121786,2.8258709014970798,-5.665024351342716,82.43842239120258,347.56186731681373,211
296.0,13.008265053267495,80.18839022637441,145.8778373397048,13.124095183452084,1.7126194210750207,-2.868315919711513,157.8462360245204,461.03708388880455,97
297.0,13.008265053267495,80.19737333812432,155.0317220473621,47.91539170532002,1.7504215015058406,-2.2064284311429407,202.49110682304504,528.2195963977305,61
298.0,13.008265053267495,80.20635644987422,142.47750689288534,74.43215703057062,1.753498781884898,-3.414394730437494,215.2487679749034,547.4175852056112,53
299.0,13.008265053267495,80.21533956162413,194.07696279925165,69.400420638637,1.3052440001442829,-4.011632270799305,260.77099516723365,615.920361517464,27
300.0,13.008265053267495,80.22432267337405,204.92620073661817,50.27835634372214,1.0144005020128706,-3.9298908082082504,252.28906677414489,603.1565826067782,30
301.0,13.008265053267495,80.23330578512396,148.67605155737016,39.91423175718625,1.909796241083634,-4.38671035274571,186.11336920289432,503.57404265653696,72
302.0,13.008265053267495,80.24228889687387,150.03503776024803,29.15426170429169,2.7738886096002036,-2.8450778058986717,179.11811026824122,493.0474342808209,79
303.0,13.008265053267495,80.25127200862377,188.09477125093665,16.454148083723187,4.01877649803513,-0.5288257429326333,208.03887008976233,536.5679837577206,58
304.0,13.008265053267495,80.26025512037369,189.89098719022616,6.315018107752648,4.349523386764682,-0.0,200.55552868474348,525.3068989217923,63
305.0,13.008265053267495,80.2692382321236,153.17911570299256,4.887361981790292,3.6998764516639273,-0.0,161.76635413644678,466.93615760948967,88
306.0,13.008265053267495,80.27822134387351,86.15384941407689,2.0380040157703663,1.4627606120802659,-0.0,89.65461404192752,358.4209397515727,194
307.0,13.017308770597067,80.13449155587494,24.144956843085737,0.0,0.7208665079936408,-3.4837144306846652,21.382108920394714,255.68308101652931,381
308.0,13.017308770597067,80.14347466762486,62.0329838405175,0.9149301101357067,0.3659350311772839,-0.948423652048219,62.365425329782276,317.3556117705424,266
309.0,13.017308770597067,80.15245777937477,103.7311695994764,2.1493201137922187,0.49512657551005057,-0.4314048737759406,105.94421141500273,382.9338582505587,167
310.0,13.017308770597067,80.16144089112467,114.19231545913826,5.881000837638758,2.841044834840009,-4.9208426691705816,117.99351846244643,401.06590134890104,146
311.0,13.017308770597067,80.17042400287458,88.23838786483157,11.719682860096066,5.432293593263428,-10.149304112696957,95.24106020549411,366.8275379240252,184
312.0,13.017308770597067,80.1794071146245,95.68844773592656,12.807737089416712,5.372811707744003,-10.125215183951486,103.7437813491358,379.62260618999704,173
313.0,13.017308770597067,80.18839022637441,133.690554369911,18.67844207938547,3.331310098792517,-5.232809473469214,150.46749707461979,449.93340696164046,113
314.0,13.017308770597067,80.19737333812432,129.0335490264891,53.553634683073376,3.025646597910514,-6.1718785840921075,179.4409517233809,493.533252689753,77
315.0,13.017308770597067,80.20635644987422,158.3120539064675,86.45679495974507,4.759845106233857,-11.295150634351888,238.23354333809453,582.0055441521398,38
316.0,13.017308770597067,80.21533956162413,275.7941437442311,86.01110957997862,4.778843240999521,-12.94185541310705,353.6422411521022,755.6749074149102,9
317.0,13.017308770597067,80.22432267337405,335.52827370653495,72.27631089875413,2.824002696739696,-8.444930555741767,402.18365674628694,828.7210200372152,5
318.0,13.017308770597067,80.23330578512396,268.3033064744748,49.573490775902876,2.2081092783510723,-4.302217588197913,315.7826889405309,698.7030807628711,15
319.0,13.017308770597067,80.24228889687387,200.0822643999961,23.815274541248748,2.1192143857370276,-2.170280151606244,223.84647317537562,560.3555874183508,45
320.0,13.017308770597067,80.25127200862377,173.62912815643827,11.464621977764386,1.867861869953783,-0.45450531539576033,186.50710668876067,504.1665468590649,71
321.0,13.017308770597067,80.26025512037369,154.81621196053788,4.910461877725687,1.8460150165194191,-0.0,161.572688854783,466.6447261421071,89
322.0,13.017308770597067,80.2692382321236,144.55518462459497,4.398950133571968,1.9692067188584812,-0.0,150.92334147702542,450.6193709194027,111
323.0,13.017308770597067,80.27822134387351,109.53071953571299,2.784291983131528,1.1340189103302496,-0.0,113.44903042917477,394.2272630309685,155
324.0,13.026352487926637,80.13449155587494,28.731696905394582,0.35104631560849453,2.2768417882166245,-1.9935188842683427,29.36606612495136,267.69750272213724,356
325.0,13.026352487926637,80.14347466762486,41.44065162173694,1.6087204827577088,1.4945323089740823,-0.0,44.54390441346873,290.53742346641394,310
326.0,13.026352487926637,80.15245777937477,70.99166295638503,2.493427889750596,2.5170315556829492,-1.4274604412824026,74.57466196053616,335.7283201690437,228
327.0,13.026352487926637,80.16144089112467,87.970401563717,7.084067734930355,5.168802863198259,-4.801389298176003,95.42188286366961,367.0996435495425,182
328.0,13.026352487926637,80.17042400287458,76.94298815025068,13.331495051680767,6.425781274972984,-8.728419571599696,87.97184490530474,355.88867441966073,199
329.0,13.026352487926637,80.1794071146245,69.31277782743507,14.892628564556452,5.278765713232387,-8.902801856456232,80.58137024876767,344.7673373616955,217
330.0,13.026352487926637,80.18839022637441,71.45245676242084,12.109239437530192,3.5740117156600286,-5.30194412956114,81.83376378604993,346.6519647103616,214
331.0,13.026352487926637,80.19737333812432,68.42735237370896,26.72369595221289,5.157446330600523,-7.321314335332659,92.98718032118971,363.4358534860919,188
332.0,13.026352487926637,80.20635644987422,116.55852409505185,46.61930833909567,7.7797255275859065,-15.361992142434296,155.5955658192991,457.65022944144556,104
333.0,13.026352487926637,80.21533956162413,246.21588998637412,56.450125164786684,7.394561977031854,-16.753626214067474,293.3069509141252,664.8811315871052,20
334.0,13.026352487926637,80.22432267337405,309.87324837753505,51.4136872996713,5.739959551962679,-9.45792631672987,357.5689689124392,761.5839274693864,7
335.0,13.026352487926637,80.23330578512396,280.7662252974684,36.46195191966181,5.377266295817578,-2.2296213265515044,320.3758221863963,705.6149213892687,14
336.0,13.026352487926637,80.24228889687387,221.83306533319626,14.379841320390554,4.702017034862407,-1.2977625324998419,239.61716115594936,584.087640475704,37
337.0,13.026352487926637,80.25127200862377,206.98213386153387,9.905540659756062,2.5024143517096604,-0.0,219.3900888729996,553.6495293923333,51
338.0,13.026352487926637,80.26025512037369,189.08763754245868,11.694702559966201,1.1115084998771365,-0.0,201.89384860230203,527.3208300407349,62
339.0,13.026352487926637,80.2692382321236,202.7198085730795,10.799559113622085,1.2309033992590588,-0.0,214.75027108596063,546.6674369158292,54
340.0,13.026352487926637,80.27822134387351,184.5076465375745,6.103337459873827,1.4918373482697695,-0.0,192.10282134571807,512.5870924494858,67
341.0,13.035396205256209,80.13449155587494,52.513529501558665,1.7681049472911494,3.7944839865596327,-0.45793616960170735,57.61818226580774,310.2118635454065,277
342.0,13.035396205256209,80.14347466762486,54.73241791224111,5.364837522635612,4.040948616622123,-0.48216818977809905,63.656035861720746,319.2977488325444,260
343.0,13.035396205256209,80.15245777937477,61.6405150901728,6.147819340434752,4.733470955606683,-1.9114397060946902,70.61036568011953,329.7627662390057,237
344.0,13.035396205256209,80.16144089112467,74.19606320436345,4.12788211015665,5.928457033079721,-3.433202982095656,80.81919936550418,345.12522746921184,216
345.0,13.035396205256209,80.17042400287458,65.3798050432665,7.099142556204317,5.887544384228865,-4.359013960528209,74.00747802317147,334.87481020730974,230
346.0,13.035396205256209,80.1794071146245,53.9083790394742,6.853167442990957,5.08705002117636,-4.252082285974028,61.59651421766749,316.19853864021513,269
347.0,13.035396205256209,80.18839022637441,45.13934985479957,5.280996305286281,5.585560773451281,-3.040661786496192,52.96524514704094,303.21002883083213,289
348.0,13.035396205256209,80.19737333812432,48.94428575720865,11.433246402494163,6.974242680033262,-3.2749425130855636,64.0768323266505,319.93097193887695,257
349.0,13.035396205256209,80.20635644987422,77.25848794193499,17.45392779404011,6.8463523878099,-9.332836385944018,92.22593173784098,362.2903110853976,190
350.0,13.035396205256209,80.21533956162413,143.8677006013717,21.779050684642375,5.653724508818225,-10.498944245567776,160.80153154926452,465.4842728941148,92
351.0,13.035396205256209,80.22432267337405,198.3125627696072,27.535831820527427,5.243448785878325,-6.655858086195735,224.4359852898172,561.2426972765329,43
352.0,13.035396205256209,80.23330578512396,194.94785813029375,23.853187425098508,6.979185608647433,-3.2777332150693597,222.50249794897033,558.3331460752651,46
353.0,13.035396205256209,80.24228889687387,226.0809535699832,17.367040862532328,7.620986721553712,-4.107012994994098,246.96196815907513,595.1402559170158,34
354.0,13.035396205256209,80.25127200862377,256.7820375889721,19.37012934018391,5.634131992419898,-2.6116190958808008,279.1746798256951,643.6146016992111,23
355.0,13.035396205256209,80.26025512037369,222.66256851516033,22.530896995216384,2.899639774864814,-0.0,248.09310528524153,596.8424141441261,32
356.0,13.035396205256209,80.2692382321236,228.1414756577003,17.847738909778982,1.7548502574909848,-0.0,247.74406482497025,596.317170937709,33
357.0,13.035396205256209,80.27822134387351,233.21170682818052,8.815252978789104,1.180058937962326,-0.0,243.20701874493193,589.4897314228471,36
358.0,13.044439922585779,80.13449155587494,55.80191969557292,3.4379712898884183,4.071372586031856,-0.0,63.31126357149319,318.77892845549655,261
359.0,13.044439922585779,80.14347466762486,56.505848885691215,7.677933680322278,4.648952920850666,-0.0,68.83273548686415,327.0877520535335,241
360.0,13.044439922585779,80.15245777937477,52.1164398619905,7.835950373942328,5.024938262231993,-0.9406247192253498,64.03670377893947,319.87058568150087,258
361.0,13.044439922585779,80.16144089112467,49.3608510154783,3.877369831547799,3.8908927780309943,-1.4428852177597866,55.68622840729731,307.3046199596476,283
362.0,13.044439922585779,80.17042400287458,41.2440705475313,0.827486342566649,4.5569524650627695,-2.158430636350002,44.47007871881072,290.4263290547574,311
363.0,13.044439922585779,80.1794071146245,37.50468921181376,0.394946010769425,5.706609813944029,-4.079180812056539,39.52706422447067,282.98797998669886,328
364.0,13.044439922585779,80.18839022637441,51.46142141292047,1.7500567365092978,9.038810968742636,-4.3530297710978525,57.89725934707456,310.6318244315691,276
365.0,13.044439922585779,80.19737333812432,65.09279160096757,7.171173742839438,10.334189560882908,-2.9438562949749745,79.65429860971494,343.372261043334,220
366.0,13.044439922585779,80.20635644987422,73.89961854464799,9.888335042906807,8.510386845285852,-3.4694302367264838,88.82891019611417,357.17840375678026,197
367.0,13.044439922585779,80.21533956162413,91.98970438890002,12.732218043797076,4.013590416584312,-3.927133160092553,104.80837968918885,381.2246354941105,170
368.0,13.044439922585779,80.22432267337405,133.14596594934653,21.16241298827381,2.9959278357233003,-4.298921106003945,153.0053856673397,453.7524734988943,107
369.0,13.044439922585779,80.23330578512396,168.6302501155355,27.578973455341462,7.543408250950392,-10.294533387838584,193.45809843398877,514.6265410649091,66
370.0,13.044439922585779,80.24228889687387,204.7704172758854,27.193327287523577,11.25932209853535,-14.932270463190715,228.29079619875358,567.0434953856345,42
371.0,13.044439922585779,80.25127200862377,235.9661291896065,33.1561424953141,10.763325255778097,-11.430833646758341,268.4547632939404,627.483052573683,24
372.0,13.044439922585779,80.26025512037369,203.88010307083937,34.706569474876055,8.054805371519814,-3.1145866091589642,243.52689130807627,589.9710821825275,35
373.0,13.044439922585779,80.2692382321236,203.23382370125844,20.884528780205727,4.4375704077776685,-0.0,228.55592288924183,567.4424634391104,40
374.0,13.044439922585779,80.27822134387351,208.63231708503798,9.54552064694891,1.8274879519799863,-0.0,220.00532568396687,554.5753502987324,49
375.0,13.05348363991535,80.13449155587494,26.85103557331714,1.859006620704311,2.6668868725518076,-0.0,31.376929066573258,270.72349030621854,351
376.0,13.05348363991535,80.14347466762486,47.96423058104085,5.680739715968059,3.023446024350708,-0.0,56.668416321359615,308.7826363732327,278
377.0,13.05348363991535,80.15245777937477,55.822793818355166,6.356169143715232,2.684329158771737,-0.0,64.86329212084213,321.1144526840557,255
378.0,13.05348363991535,80.16144089112467,61.14843415907322,2.5564199050978194,1.3270616388902496,-0.0,65.03191570306129,321.3682008911647,254
379.0,13.05348363991535,80.17042400287458,53.00479869024234,0.0,2.218065023735008,-2.06839614157964,53.15446757239771,303.49477459739217,288
380.0,13.05348363991535,80.1794071146245,42.269682864167855,0.39172759904975485,5.139140846952441,-4.878509186565758,42.92204212360429,288.0968120002436,318
381.0,13.05348363991535,80.18839022637441,47.675025960396745,2.8775583637688973,9.169354040625011,-5.723812799139864,53.99812556565079,304.7643283595873,285
382.0,13.05348363991535,80.19737333812432,94.7342868833674,5.438847769679685,11.76313746254519,-7.294986099457551,104.64128601613473,380.9731895255292,171
383.0,13.05348363991535,80.20635644987422,124.5388335644025,6.476461038549438,9.959416226424818,-7.091135879830334,133.88357494954641,424.97758257046286,130
384.0,13.05348363991535,80.21533956162413,116.51921963779895,10.175141737395201,5.151013958759009,-7.059793665973357,124.78558166797978,411.28673664544397,140
385.0,13.05348363991535,80.22432267337405,110.73511962873421,23.559521209325716,3.7980660443347176,-5.83470117147937,132.25800571091528,422.53139281215203,132
386.0,13.05348363991535,80.23330578512396,130.313489661354,33.06297566767958,7.375209592705275,-13.137759751975413,157.61391516976346,460.68748272630535,98
387.0,13.05348363991535,80.24228889687387,154.21065912802382,41.06320063462748,11.065898966018665,-19.55720074423321,186.78255798443675,504.5810515890903,70
388.0,13.05348363991535,80.25127200862377,173.1635403771126,52.75799955358557,11.617556967079906,-16.325759433154907,221.21333746462318,556.3931910744651,48
389.0,13.05348363991535,80.26025512037369,148.5471394201669,52.98085114700199,9.171973574281225,-8.049339561025594,202.65062458042453,528.459641973826,60
390.0,13.05348363991535,80.2692382321236,127.41349882274017,32.575509972534235,5.939832205460661,-3.0678384700543986,162.86100253068068,468.58340684827397,86
391.0,13.05348363991535,80.27822134387351,160.6460002143789,10.86837919443703,3.1078278943208124,-1.0425032597933885,173.57970404334336,484.71312758828117,82
392.0,13.062527357244923,80.13449155587494,10.70658637074798,0.7929488471802184,0.8152535199359848,-0.0,12.314788737864182,242.0383925967921,422
393.0,13.062527357244923,80.14347466762486,63.54147240556388,3.8258871482740227,1.10266494677045,-0.0,68.47002450060835,326.54193716068227,245
394.0,13.062527357244923,80.15245777937477,144.34556932441873,5.405428220207382,0.8699832218189513,-0.0,150.62098076644506,450.16437235277135,112
395.0,13.062527357244923,80.16144089112467,216.68311301125283,2.5358547388555266,0.3556298983505086,-0.0,219.57459764845888,553.9271819623507,50
396.0,13.062527357244923,80.17042400287458,205.54146164442693,0.0,0.3629879733533657,-0.6252158866216843,205.27923373115863,532.4152266578365,59
397.0,13.062527357244923,80.1794071146245,116.16117221569223,1.0129018247359252,2.402944058504731,-2.5715482561024405,117.00546984283044,399.5790656260172,147
398.0,13.062527357244923,80.18839022637441,55.54917780290207,5.278858156657886,5.0273629424149835,-4.690554708524859,61.16484419345008,315.5489527800031,270
399.0,13.062527357244923,80.19737333812432,118.24495195566828,9.97921916671918,7.601073709385591,-9.4015223981495,126.42372243362357,413.7518442941122,136
400.0,13.062527357244923,80.20635644987422,178.24970721262608,10.561669481750078,8.485958183140127,-13.979504512147173,183.3178303653691,499.3672587738197,74
401.0,13.062527357244923,80.21533956162413,153.24811950270592,13.750094332268132,7.110870566332231,-11.966635504416828,162.14244889688945,467.502112678819,87
402.0,13.062527357244923,80.22432267337405,95.45319802544626,22.76911902701977,4.981365645677573,-6.633211331436938,116.57047136670666,398.924471043463,149
403.0,13.062527357244923,80.23330578512396,80.89177913045471,33.93361531578757,5.6479853636182575,-8.019518075391268,112.45386173446929,392.72971287381245,159
404.0,13.062527357244923,80.24228889687387,107.21394039139585,43.49362585281759,6.267988518700169,-11.244416581175392,145.73113818173823,442.80603745924526,119
405.0,13.062527357244923,80.25127200862377,143.12582587264222,55.43958136275108,6.1229221884038125,-11.014823027984672,193.67350639581244,514.9506913610327,65
406.0,13.062527357244923,80.26025512037369,134.4926239440951,57.70717615424387,6.4362791250879265,-9.33616951890656,189.29990970452036,508.3692138213679,69
407.0,13.062527357244923,80.2692382321236,124.30660854500829,36.64421765552932,7.990717462014112,-7.579846798234813,161.3616968643169,466.32722108978555,91
408.0,13.062527357244923,80.27822134387351,119.58991794650254,13.953352919693627,6.210048078640091,-3.58846878640232,136.16485015843392,428.4104920518013,127
409.0,13.071571074574493,80.13449155587494,10.89149116825674,0.7739169419015948,0.0,-0.0,11.665408110158335,241.06119137829637,424
410.0,13.071571074574493,80.14347466762486,69.8141482128847,2.9455824214316015,0.0,-0.0,72.7597306343163,332.99717447759645,234
411.0,13.071571074574493,80.15245777937477,206.06073103455688,5.560982880066141,0.20373790405384118,-0.0,211.82545181867687,542.266109204581,55
412.0,13.071571074574493,80.16144089112467,336.2612722734873,5.243013420934133,0.0,-0.0,341.5042856944214,737.4094643800661,12
413.0,13.071571074574493,80.17042400287458,334.146934640951,3.05408306552461,0.0,-0.0,337.20101770647557,730.9338189081794,13
414.0,13.071571074574493,80.1794071146245,208.88531426111507,2.438193127980293,0.8320319402377694,-0.5601659387521629,211.595373390581,541.9198824914757,56
415.0,13.071571074574493,80.18839022637441,114.03360187217535,7.4015743754900845,2.288880000614979,-3.1549434676573203,120.5691127806231,404.9417082311676,143
416.0,13.071571074574493,80.19737333812432,147.6806853442333,14.144172196906284,4.3253220359458835,-8.982350607104799,157.16782896998066,460.01620311095564,101
417.0,13.071571074574493,80.20635644987422,174.1673859290271,17.003920312588946,7.448957271783312,-13.062341584765985,185.55792192863336,502.7381942649156,73
418.0,13.071571074574493,80.21533956162413,127.04907551701908,20.50163321816077,7.905455154261684,-10.29035547451132,145.1658084149302,441.9553176911975,120
419.0,13.071571074574493,80.22432267337405,65.64502857062419,25.818074017600466,6.066299145445468,-4.739551339027227,92.7898503946429,363.13890738631613,189
420.0,13.071571074574493,80.23330578512396,48.97636524807284,28.31813204337921,2.90814070284555,-1.9182328747751687,78.28440511952242,341.3108173680664,223
421.0,13.071571074574493,80.24228889687387,85.45551054435312,30.50891874700765,1.7605745087412707,-1.6261135269645082,116.09889027313754,398.21482619174736,150
422.0,13.071571074574493,80.25127200862377,125.7733189575195,35.75125054016064,1.0484700445167514,-2.6596329113817188,159.9134066308152,464.1478043955838,95
423.0,13.071571074574493,80.26025512037369,131.807024542404,33.27601450982687,6.0068034362814,-6.361392295180949,164.7284501933313,471.3935801943224,85
424.0,13.071571074574493,80.2692382321236,105.6412751098624,25.36456277887377,11.650734441847,-8.096185151649046,134.56038717893412,425.99606342288223,129
425.0,13.071571074574493,80.27822134387351,72.98980891314318,13.166667427215708,10.39130068314881,-11.7477970905041,84.79997993300361,351.1155872907965,207
426.0,13.080614791904065,80.13449155587494,12.383043794833,0.0,0.0,-0.0,12.383043794833,242.14110419919098,421
427.0,13.080614791904065,80.14347466762486,42.72330221270439,1.4618390981020806,0.0,-0.0,44.18514131080647,289.9975494293466,313
428.0,13.080614791904065,80.15245777937477,138.52092716624543,5.060815985603902,0.0,-0.0,143.58174315184934,439.5715839621393,123
429.0,13.080614791904065,80.16144089112467,241.24431174920466,10.237939958201242,0.0,-0.4582676813222516,251.02398402608367,601.2528602748221,31
430.0,13.080614791904065,80.17042400287458,254.45905604549228,10.221708458222732,0.0,-0.0,264.680764503715,621.8038621897036,26
431.0,13.080614791904065,80.1794071146245,186.20431953610853,5.634861276274928,0.5282610511648265,-1.1690439120036813,191.19839795154462,511.226097672132,68
432.0,13.080614791904065,80.18839022637441,150.35699922164403,6.871065445475994,0.9455369160203144,-4.602558386125204,153.57104319701514,454.6036864911928,106
433.0,13.080614791904065,80.19737333812432,150.49429546150043,13.070227141504635,3.010379421351926,-8.723230064408321,157.85167195994867,461.0452639953515,96
434.0,13.080614791904065,80.20635644987422,133.63380778951316,18.359074139940606,5.719959019403805,-8.305498731111417,149.40734221774616,448.33806430168,114
435.0,13.080614791904065,80.21533956162413,80.56930399017516,23.235527521586977,6.582708578436572,-4.605382872389898,105.7821572178088,382.689995788077,169
436.0,13.080614791904065,80.22432267337405,46.50340232836028,23.149308554552178,3.894080586780634,-1.2200355579461721,72.32675591174691,332.3456252806834,235
437.0,13.080614791904065,80.23330578512396,43.358163392533264,19.402643432160442,1.040598847084928,-0.0,63.80140567177863,319.51650428883653,259
438.0,13.080614791904065,80.24228889687387,69.40564137438264,17.241378435378937,0.0,-0.0,86.64701980976157,353.8950505842344,203
439.0,13.080614791904065,80.25127200862377,95.50868489295591,14.951269555917685,0.5582381879751116,-0.0,111.01819263684871,390.56928872240553,161
440.0,13.080614791904065,80.26025512037369,102.00405202035147,13.031969158915897,5.294623537269452,-3.5668846425922016,116.76376007394462,399.21533583396604,148
441.0,13.080614791904065,80.2692382321236,91.14212910770942,13.368179168940063,11.510298201171025,-84.06568884780427,31.95491763001624,271.59325928973203,349
442.0,13.080614791904065,80.27822134387351,67.64439208167607,17.280102069598943,11.337853944177317,-189.5014114765952,-93.23906338114287,83.198802213548,645
443.0,13.089658509233635,80.13449155587494,19.602042982795243,0.0,0.0,-0.0,19.602042982795243,253.0044014732694,393
444.0,13.089658509233635,80.14347466762486,47.753323780651286,0.35928969745353634,0.0,-0.0,48.11261347810482,295.90768968260716,296
445.0,13.089658509233635,80.15245777937477,80.12167354995866,5.558631796085837,0.0,-1.2262895884286986,84.45401575761579,350.5949733406403,209
446.0,13.089658509233635,80.16144089112467,102.15544780495352,13.906624283833589,0.0,-1.9320619388096703,114.13001014997745,395.25201520950236,152
447.0,13.089658509233635,80.17042400287458,98.48898850785879,15.679035254337393,0.0,-1.1784370167464604,112.98958674544973,393.5358828012373,157
448.0,13.089658509233635,80.1794071146245,84.34044006541735,8.736552570596736,0.0,-1.322563872675076,91.75442876333902,361.58078378884824,191
449.0,13.089658509233635,80.18839022637441,111.80750744308762,6.098158957494667,0.2206144075846256,-4.361413049452623,113.76486775871427,394.70254148878576,154
450.0,13.089658509233635,80.19737333812432,114.35776860776585,9.747048474729972,1.2980377089048432,-6.645338759456742,118.75751603194394,402.2155804800422,145
451.0,13.089658509233635,80.20635644987422,89.2103124432104,12.592135943696249,3.520683264799186,-5.239823914927913,100.08330773677793,374.11425081003364,176
452.0,13.089658509233635,80.21533956162413,52.044539749120844,14.771279193350598,3.504736903187241,-2.02270970592638,68.2978461397323,326.28283965011883,246
453.0,13.089658509233635,80.22432267337405,31.33094439535238,12.09992663085635,1.8709416751910786,-0.0,45.301812701399804,291.67793932240846,307
454.0,13.089658509233635,80.23330578512396,34.15740526514744,7.781497816899513,0.8845140406665024,-0.0,42.82341712271345,287.94839908656434,319
455.0,13.089658509233635,80.24228889687387,54.55162407501818,5.840190310967012,0.33359069086877974,-0.0,60.725405076853974,314.88767583105954,272
456.0,13.089658509233635,80.25127200862377,81.88636336167659,6.575988777234235,0.0,-0.0,88.46235213891082,356.6267997130717,198
457.0,13.089658509233635,80.26025512037369,106.45561305679479,7.33935097430127,1.604131517955201,-3.637469677108114,111.76162587194314,391.6880222235435,160
458.0,13.089658509233635,80.2692382321236,149.0310817356572,10.052947076875789,5.7704121572267635,-154.9866626276878,9.867778342071972,238.35608142454845,438
459.0,13.089658509233635,80.27822134387351,177.85354238880836,19.933484926378892,7.485624574060966,-353.79990912771905,-148.5272572384708,0.0,646
460.0,13.098702226563207,80.13449155587494,25.262831271279712,0.0,0.0,-0.0,25.262831271279712,261.52287119217067,369
461.0,13.098702226563207,80.14347466762486,53.40445474110314,0.0,0.0,-0.46688464039077837,52.93757010071236,303.1683828564369,290
462.0,13.098702226563207,80.15245777937477,77.34617121645654,4.099538437516664,0.0,-1.9000193515284556,79.54569030244475,343.20882504651627,221
463.0,13.098702226563207,80.16144089112467,60.31461126231808,11.202550639805029,0.0,-2.9934969871339003,68.52366491498921,326.6226563507184,244
464.0,13.098702226563207,80.17042400287458,37.39163135550588,12.157344484125176,0.0,-1.8258789841107386,47.72309685552032,295.3215371212679,299
465.0,13.098702226563207,80.1794071146245,27.657873424060725,9.154174908928093,0.0,-0.43115906168093354,36.38088927130788,278.2535517228116,333
466.0,13.098702226563207,80.18839022637441,39.84087525766175,7.224903237395654,0.0,-1.3897725017092228,45.67600599334818,292.24103302315024,305
467.0,13.098702226563207,80.19737333812432,47.430351842376055,7.271800879515393,1.577536939201946,-2.620468990827446,53.65922067026595,304.2543373580167,286
468.0,13.098702226563207,80.20635644987422,36.90964725528478,4.957920692624036,3.16845291062642,-1.9802890545785152,43.055731803956725,288.2979909590342,317
469.0,13.098702226563207,80.21533956162413,26.697815571108528,5.1039833174287885,3.011751637359625,-0.665257909154585,34.14829261674236,274.89389472325115,338
470.0,13.098702226563207,80.22432267337405,20.866488659003892,3.933675550732547,1.906125562618758,-0.0,26.7062897723552,263.695016996831,362
471.0,13.098702226563207,80.23330578512396,22.50790634103087,1.504915703045181,1.3064648425384793,-0.0,25.31928688661453,261.60782675404346,368
472.0,13.098702226563207,80.24228889687387,57.602568984452134,2.745338631751703,0.49274516235079,-0.0,60.84065277855463,315.06110292408596,271
473.0,13.098702226563207,80.25127200862377,120.60848494271222,5.168923857104914,0.0,-0.0,125.77740879981714,412.77925835061507,137
474.0,13.098702226563207,80.26025512037369,180.49160043279554,3.856335991713016,0.0,-2.2656097631628467,182.08232666134572,497.5080475908607,75
475.0,13.098702226563207,80.2692382321236,262.4801631643127,5.291653545781627,1.0530308570356615,-111.57477239977831,157.2500751673517,460.1399688669061,100
476.0,13.098702226563207,80.27822134387351,314.01998768767794,12.75618499574775,2.8758379247209755,-258.4795450031294,71.1724656050173,330.60862567504546,236
477.0,13.107745943892779,80.13449155587494,28.84879591113301,2.869555591009665,0.728616336993805,-0.0,32.44696783913648,272.3337064841796,346
478.0,13.107745943892779,80.14347466762486,41.176634940318635,3.0212148092150866,1.4741321436443724,-1.561350853180645,44.11063103999746,289.88542485353,314
479.0,13.107745943892779,80.15245777937477,49.50124342002096,2.747429837557636,1.4909501557260931,-2.7904400913498772,50.94918332195482,300.1762178608362,291
480.0,13.107745943892779,80.16144089112467,35.63283797332741,5.231932321511503,0.49993257905677346,-1.7044790148364406,39.66022385905924,283.188361321809,326
481.0,13.107745943892779,80.17042400287458,12.449604679656023,5.007390891677719,0.0,-1.0396631723782332,16.41733239895551,248.2119840060608,404
482.0,13.107745943892779,80.1794071146245,5.673123652323907,4.5504756202000465,0.0,-0.0,10.223599272523954,238.89152802084183,433
483.0,13.107745943892779,80.18839022637441,7.788476018892925,5.645538710202933,0.0,-0.0,13.434014729095857,243.7226267050185,415
484.0,13.107745943892779,80.19737333812432,15.020378703285044,4.733430773781754,1.2983831013994367,-0.0,21.052192578466233,255.18661617360178,383
485.0,13.107745943892779,80.20635644987422,15.094052664337385,1.5756827179014037,3.0151121262646368,-0.0,19.684847508503424,253.12900741309375,391
486.0,13.107745943892779,80.21533956162413,16.952399197749806,0.0,2.7022208626679216,-0.0,19.654620060417727,253.0835205324553,392
487.0,13.107745943892779,80.22432267337405,13.80989149275943,0.0,1.4192138645261783,-0.0,15.229105357285608,246.4239157092416,411
488.0,13.107745943892779,80.23330578512396,14.439531736830013,2.8287789211164442,0.7091625003176356,-0.0,17.977473158264093,250.55971565368824,398
489.0,13.107745943892779,80.24228889687387,63.7344217648357,6.323868509319982,0.26747664182191694,-0.0,70.3257669159776,329.3344962117885,239
490.0,13.107745943892779,80.25127200862377,141.39992754363715,7.9302047616738145,0.0,-0.0,149.33013230531097,448.221877250061,115
491.0,13.107745943892779,80.26025512037369,211.37819995880344,5.680817737756037,0.0,-0.4145800897356999,216.64443760682377,549.5178173448858,52
492.0,13.107745943892779,80.2692382321236,263.4764238752663,2.968718451817396,0.0,-9.852288122609979,256.59285420447367,609.6330097461613,29
493.0,13.107745943892779,80.27822134387351,284.8133319186247,2.8094328227606633,0.27340313757681806,-63.468162757398375,224.42800512156379,561.2306885565182,44
494.0,13.116789661222349,80.13449155587494,27.13094331062558,6.237905219907058,2.287728537035811,-1.555902946165971,34.10067412140248,274.8222374398587,339
495.0,13.116789661222349,80.14347466762486,20.18948189011859,7.00258105744878,4.113943151747787,-4.397055000725102,26.90895109859005,263.99998589563893,361
496.0,13.116789661222349,80.15245777937477,18.22652957558167,5.360391191908161,4.3477198754350574,-4.811623035510872,23.123017607414013,258.302835930154,374
497.0,13.116789661222349,80.16144089112467,16.078955227510086,4.040473426584276,2.308761965026021,-2.038785777369907,20.38940484175048,254.18923966391017,388
498.0,13.116789661222349,80.17042400287458,6.306529987924305,1.9590053013023119,0.3499520611634428,-0.0,8.61548735039006,236.4716083885941,447
499.0,13.116789661222349,80.1794071146245,3.311591191179727,0.0,0.0,-0.0,3.311591191179727,228.49019722783055,514
500.0,13.116789661222349,80.18839022637441,20.385505673895214,2.7038428512107187,0.0,-0.0,23.089348525105933,258.2521700081148,375
501.0,13.116789661222349,80.19737333812432,41.67961756170784,2.5943142107537023,0.6866373871050906,-0.6452815218116487,44.31528763775499,290.1933962776367,312
502.0,13.116789661222349,80.20635644987422,37.482561696088595,0.5078228142348449,1.4166840120451079,-0.9177536263353019,38.48931489603324,281.4263536230902,330
503.0,13.116789661222349,80.21533956162413,17.38934893071108,0.0,1.1337608444350897,-0.505428341502012,18.01768143364416,250.62022188688744,397
504.0,13.116789661222349,80.22432267337405,8.442039720965829,0.0,0.2232828197759693,-0.0,8.665322540741798,236.5466013998697,446
505.0,13.116789661222349,80.23330578512396,11.11052138882387,2.4310282051743544,0.9123753752541713,-0.0,14.453924969252395,245.25740844459438,414
506.0,13.116789661222349,80.24228889687387,39.58608915249681,5.942731367379212,0.6160701785994102,-0.0,46.14489069847543,292.94662029452155,303
507.0,13.116789661222349,80.25127200862377,91.5878887523535,7.243167598885454,0.0,-0.0,98.83105635123896,372.2298373742113,178
508.0,13.116789661222349,80.26025512037369,119.93652091105608,5.1777662918891725,0.0,-0.0,125.11428720294525,411.7813794413483,139
509.0,13.116789661222349,80.2692382321236,143.97144211614219,1.8762231960188205,0.0,-1.1684957228419357,144.6791695893191,441.2230136570679,121
510.0,13.116789661222349,80.27822134387351,128.49670027683402,1.010322779371979,0.0,-3.0472232113382223,126.45979984486779,413.8061343186738,135
511.0,13.12583337855192,80.13449155587494,12.849991016316338,4.985102185835296,2.2403289017409387,-1.6103257794710137,18.465096324421555,251.29350094355624,394
512.0,13.12583337855192,80.14347466762486,10.343273958405291,6.7665256155874385,4.438079314100718,-4.5506912287881995,16.99718765930525,249.08456203316757,403
513.0,13.12583337855192,80.15245777937477,10.314781805319644,6.993343176750704,4.828036639306904,-4.979736451347398,17.156425170029856,249.3241858883787,401
514.0,13.12583337855192,80.16144089112467,9.036955616522013,6.071491007197862,2.43980262934701,-2.1100887142502187,15.438160538816666,246.7385062119591,409
515.0,13.12583337855192,80.17042400287458,4.517177290522994,2.97094776114343,0.2874570495181443,-0.0,7.775582101184568,235.2077018322126,452
516.0,13.12583337855192,80.1794071146245,3.155704854135732,0.6536658251071847,0.0,-0.0,3.8093706792429165,229.23926595813126,503
517.0,13.12583337855192,80.18839022637441,33.39432568741278,1.9757091475742152,0.0,-0.49423788685625,34.87579694813075,275.9886580850798,336
518.0,13.12583337855192,80.19737333812432,66.3361334362601,2.3123695713465984,0.0,-1.815246681892467,66.83325632571423,324.0788950145805,250
519.0,13.12583337855192,80.20635644987422,56.52898035400867,1.0479932496468178,0.23091458384038893,-2.581706914809633,55.22618127268623,306.6123316447103,284
520.0,13.12583337855192,80.21533956162413,23.906478445497044,0.0,0.0,-1.421837266946635,22.484641178550408,257.3421940546051,378
521.0,13.12583337855192,80.22432267337405,6.169425493235596,0.0,1.503324257805561,-0.0,7.672749751041157,235.0529576135316,454
522.0,13.12583337855192,80.23330578512396,3.578135802209722,0.40412171683780074,3.467313677602414,-0.0,7.449571196649936,234.71711397116167,456
523.0,13.12583337855192,80.24228889687387,7.231632739118119,2.10130017386973,3.491123626494001,-0.0,12.82405653948185,242.80474917573653,420
524.0,13.12583337855192,80.25127200862377,21.118245993344754,2.875277260793501,1.6204853271987285,-0.0,25.614008581336982,262.0513299737459,366
525.0,13.12583337855192,80.26025512037369,30.51127835376981,1.7319065305182013,0.5345484230695527,-0.0,32.777733307357565,272.83144910967775,345
526.0,13.12583337855192,80.2692382321236,32.25338566217342,1.532354740962465,0.0,-0.0,33.78574040313589,274.3483187547222,342
527.0,13.12583337855192,80.27822134387351,35.213408583689954,1.9620718786034095,0.0,-0.8570935291164024,36.31838693317696,278.1594969290981,334
528.0,13.13487709588149,80.13449155587494,1.8043478342277233,1.4646089364155417,0.5522794913693101,-0.0,3.821236262012575,229.2571215291877,502
529.0,13.13487709588149,80.14347466762486,2.471759996613125,2.7786150819131725,1.8014035866525304,-1.7307964802093116,5.320982184969516,231.51396979478054,484
530.0,13.13487709588149,80.15245777937477,4.91738755827233,4.266806704531463,2.303060202578642,-1.893975185590889,9.593279279791545,237.9430096347662,439
531.0,13.13487709588149,80.16144089112467,4.434240023266662,5.139787195183585,0.7812711295937769,-0.0,10.355298348044023,239.08971147686458,432
532.0,13.13487709588149,80.17042400287458,1.4373010520410765,2.4150293340898816,0.0,-0.0,3.852330386130958,229.3039126016037,501
533.0,13.13487709588149,80.1794071146245,1.2345177094323887,0.4957501741350929,0.0,-0.0,1.7302678835674816,226.11058964930828,557
534.0,13.13487709588149,80.18839022637441,23.271635570023644,1.4983474505056966,0.0,-0.5109713345767578,24.259011685952583,260.01230299829484,372
535.0,13.13487709588149,80.19737333812432,45.68888962902702,1.753655447137218,0.0,-1.8766162985310366,45.565928777633204,292.07538658293333,306
536.0,13.13487709588149,80.20635644987422,38.53715447825239,0.7948004079801936,0.0,-2.668954523061437,36.66300036317114,278.67807825002546,331
537.0,13.13487709588149,80.21533956162413,14.179544700189641,0.0,0.21489114122297048,-1.4699196869423543,12.924516154470258,242.95592285414313,417
538.0,13.13487709588149,80.22432267337405,3.379561701049978,0.0,2.4131299346104584,-0.0,5.792691635660436,232.22380780091197,474
539.0,13.13487709588149,80.23330578512396,1.8816237664941755,0.0,5.3178091624913995,-0.0,7.1994329289855745,234.34070080217387,457
540.0,13.13487709588149,80.24228889687387,1.3108756429938533,0.0,5.271676198839581,-0.0,6.582551841833434,233.41240555542208,466
541.0,13.13487709588149,80.25127200862377,1.0385992675530704,0.338380530186538,3.0010429683846023,-0.0,4.378022766124211,230.09498522121382,497
542.0,13.13487709588149,80.26025512037369,2.6535706836190167,0.454509285373032,0.9546517288600486,-0.0,4.062731697852097,229.6205287884976,498
543.0,13.13487709588149,80.2692382321236,4.538130280751375,0.45076739895768053,0.23611038473687784,-0.0,5.225008064445933,231.36954597996638,487
544.0,13.13487709588149,80.27822134387351,19.94139521319628,1.4003060894834647,0.0,-0.7149254319042986,20.626775870775447,254.54644043169134,386
545.0,13.143920813211063,80.13449155587494,0.748672198878533,0.0,0.0,-0.0,0.748672198878533,224.63346443456797,589
546.0,13.143920813211063,80.14347466762486,2.313678904772333,0.0,0.2845300410766914,-0.0,2.5982089458490245,227.4166850692477,531
547.0,13.143920813211063,80.15245777937477,3.166494438553328,1.539558297322473,0.3333603364575387,-0.0,5.03941307233334,231.09025884896604,491
548.0,13.143920813211063,80.16144089112467,1.9470070412225589,1.803576447943801,0.0,-0.0,3.7505834891663596,229.1508017950137,506
549.0,13.143920813211063,80.17042400287458,0.6977018350086508,0.8212129398834289,0.0,-0.0,1.5189147748920797,225.79254117893714,560
550.0,13.143920813211063,80.1794071146245,0.46844854728324237,0.0,0.0,-0.0,0.46844854728324237,224.21177816598055,597
551.0,13.143920813211063,80.18839022637441,5.800000722082077,0.4175941969851557,0.0,-0.0,6.217594919067232,232.86321093148402,468
552.0,13.143920813211063,80.19737333812432,13.102395093332321,0.4887465326006477,0.0,-0.7129643438513507,12.878177282081618,242.88619117347707,418
553.0,13.143920813211063,80.20635644987422,10.561096523767947,0.0,0.0,-1.0139765277870492,9.547119995980898,237.87354820265662,440
554.0,13.143920813211063,80.21533956162413,3.6221772443134608,0.0,0.0,-0.5584570995461466,3.063720144767314,228.11719581964294,517
555.0,13.143920813211063,80.22432267337405,4.0878588814118935,0.0,1.3421348969457132,-0.0,5.429993778357606,231.67801266477701,483
556.0,13.143920813211063,80.23330578512396,3.873497944844616,0.0,3.2645523067560838,-0.0,7.138050251600699,234.24833089679657,458
557.0,13.143920813211063,80.24228889687387,2.2088895787202905,0.0,3.3922050241898134,-0.0,5.601094602910104,231.93548867669475,477
558.0,13.143920813211063,80.25127200862377,1.0229238018662852,0.0,1.6507129762766446,-0.0,2.6736367781429298,227.53019041030862,529
559.0,13.143920813211063,80.26025512037369,0.5060210460201306,0.0,0.6265497138647265,-0.0,1.1325707598848571,225.21116282221388,577
560.0,13.143920813211063,80.2692382321236,1.363846263754512,0.0,0.0,-0.0,1.363846263754512,225.55919091936863,570
561.0,13.143920813211063,80.27822134387351,10.875538280628685,0.36726828105573267,0.0,-0.0,11.242806561684418,240.42525194541582,428
562.0,13.152964530540633,80.13449155587494,1.5112086139484067,0.0,0.0,-0.0,1.5112086139484067,225.7809447907131,561
563.0,13.152964530540633,80.14347466762486,2.892534621081927,0.0,0.0,-0.0,2.892534621081927,227.85959235074185,519
564.0,13.152964530540633,80.15245777937477,2.7543687554439176,0.0,0.0,-0.0,2.7543687554439176,227.65167753700163,526
565.0,13.152964530540633,80.16144089112467,1.1801721532355747,0.0,0.0,-0.0,1.1801721532355747,225.28279437018406,574
566.0,13.152964530540633,80.17042400287458,0.0,0.0,0.0,-0.0,0.0,223.50684723383227,619
567.0,13.152964530540633,80.1794071146245,1.2023839538717107,0.0,0.0,-0.0,1.2023839538717107,225.31621914098957,573
568.0,13.152964530540633,80.18839022637441,4.9125705568471165,0.0,0.0,-0.0,4.9125705568471165,230.89938364357522,495
569.0,13.152964530540633,80.19737333812432,7.874572167717549,0.0,0.0,-0.0,7.874572167717549,235.3566641041189,451
570.0,13.152964530540633,80.20635644987422,6.858307392872976,0.0,0.0,-0.0,6.858307392872976,233.82736813512636,462
571.0,13.152964530540633,80.21533956162413,5.038323927070152,0.0,0.0,-0.0,5.038323927070152,231.08861988095114,492
572.0,13.152964530540633,80.22432267337405,5.730828786055994,0.0,0.27787604885612016,-0.0,6.008704834912114,232.54886887066647,472
573.0,13.152964530540633,80.23330578512396,6.455037712527244,0.0,0.6369524286081014,-0.0,7.091990141135346,234.17901870276057,459
574.0,13.152964530540633,80.24228889687387,4.380855907131338,0.0,0.5654550051166071,-0.0,4.946310912247945,230.95015681881858,494
575.0,13.152964530540633,80.25127200862377,1.8346529038607255,0.0,0.2366074670363017,-0.0,2.0712603708970274,226.62372210183233,549
576.0,13.152964530540633,80.26025512037369,0.8447872927385591,0.0,0.0,-0.0,0.8447872927385591,224.7781003889353,584
577.0,13.152964530540633,80.2692382321236,0.49485551973685327,0.0,0.0,-0.0,0.49485551973685327,224.25151591693506,595
578.0,13.152964530540633,80.27822134387351,1.215396043008471,0.0,0.0,-0.0,1.215396043008471,225.33579999822047,572
579.0,13.162008247870205,80.13449155587494,2.247345658804899,0.0,0.0,-0.0,2.247345658804899,226.88869883590993,545
580.0,13.162008247870205,80.14347466762486,2.805412966743198,0.0,0.0,-0.0,2.805412966743198,227.72848990766786,524
581.0,13.162008247870205,80.15245777937477,1.5906275947985726,0.0,0.0,-0.0,1.5906275947985726,225.90045609355664,559
582.0,13.162008247870205,80.16144089112467,0.45672720701873837,0.0,0.0,-0.0,0.45672720701873837,224.194139653989,598
583.0,13.162008247870205,80.17042400287458,0.0,0.0,0.0,-0.0,0.0,223.50684723383227,619
584.0,13.162008247870205,80.1794071146245,0.5838089896851295,0.0,0.0,-0.0,0.5838089896851295,224.3853749135146,590
585.0,13.162008247870205,80.18839022637441,2.6042444506760773,0.0,0.0,-0.0,2.6042444506760773,227.42576742005951,530
586.0,13.162008247870205,80.19737333812432,5.522253472642719,0.0,0.0,-0.0,5.522253472642719,231.8168469351986,480
587.0,13.162008247870205,80.20635644987422,8.27550851973776,0.0,0.0,-0.0,8.27550851973776,235.96000130732057,448
588.0,13.162008247870205,80.21533956162413,8.856738231334887,0.0,0.0,-0.0,8.856738231334887,236.8346476367086,444
589.0,13.162008247870205,80.22432267337405,8.046120949778581,0.0,0.0,-0.0,8.046120949778581,235.61481421163555,450
590.0,13.162008247870205,80.23330578512396,6.1808997660667355,0.0,0.0,-0.0,6.1808997660667355,232.80799131652313,469
591.0,13.162008247870205,80.24228889687387,3.692926393298177,0.0,0.0,-0.0,3.692926393298177,229.06403822071928,508
592.0,13.162008247870205,80.25127200862377,2.248294142454017,0.0,0.0,-0.0,2.248294142454017,226.89012613345793,544
593.0,13.162008247870205,80.26025512037369,2.51545791931732,0.0,0.0,-0.0,2.51545791931732,227.29215963607575,536
594.0,13.162008247870205,80.2692382321236,1.4735219870887635,0.0,0.0,-0.0,1.4735219870887635,225.724233185659,563
595.0,13.162008247870205,80.27822134387351,5.445515285482337,0.0,0.0,-0.0,5.445515285482337,231.70136974539824,482
596.0,13.171051965199776,80.13449155587494,2.7663818362495074,0.0,0.0,-0.0,2.7663818362495074,227.66975506611206,525
597.0,13.171051965199776,80.14347466762486,2.2054377620604435,0.0,0.0,-0.0,2.2054377620604435,226.82563497780262,546
598.0,13.171051965199776,80.15245777937477,0.4336084085928721,0.0,0.0,-0.0,0.4336084085928721,224.15935001440317,602
599.0,13.171051965199776,80.16144089112467,0.0,0.0,0.0,-0.0,0.0,223.50684723383227,619
600.0,13.171051965199776,80.17042400287458,0.0,0.0,0.0,-0.0,0.0,223.50684723383227,619
601.0,13.171051965199776,80.1794071146245,0.0,0.0,0.0,-0.0,0.0,223.50684723383227,619
602.0,13.171051965199776,80.18839022637441,0.5713979697833151,0.0,0.0,-0.0,0.5713979697833151,224.3666985575326,592
603.0,13.171051965199776,80.19737333812432,3.1921945997189276,0.0,0.0,-0.0,3.1921945997189276,228.3105268008393,516
604.0,13.171051965199776,80.20635644987422,6.625534594139294,0.0,0.0,-0.0,6.625534594139294,233.47708687810945,465
605.0,13.171051965199776,80.21533956162413,7.691617694168824,0.0,0.0,-0.0,7.691617694168824,235.08135047933052,453
606.0,13.171051965199776,80.22432267337405,5.526858313362106,0.0,0.0,-0.0,5.526858313362106,231.82377639347004,479
607.0,13.171051965199776,80.23330578512396,2.3281869074644934,0.0,0.0,-0.0,2.3281869074644934,227.01035039637293,540
608.0,13.171051965199776,80.24228889687387,1.3751731369088247,0.0,0.0,-0.0,1.3751731369088247,225.57623582920408,569
609.0,13.171051965199776,80.25127200862377,1.8201115486530637,0.0,0.0,-0.0,1.8201115486530637,226.24578822969391,555
610.0,13.171051965199776,80.26025512037369,2.75256588471734,0.0,0.0,-0.0,2.75256588471734,227.6489645403466,527
611.0,13.171051965199776,80.2692382321236,1.612448336758073,0.0,0.0,-0.0,1.612448336758073,225.9332923912864,558
612.0,13.171051965199776,80.27822134387351,6.861360830059072,0.0,0.0,-0.0,6.861360830059072,233.83196300970616,461
613.0,13.180095682529346,80.13449155587494,2.496927077224618,0.0,0.0,-0.0,2.496927077224618,227.26427404679245,538
614.0,13.180095682529346,80.14347466762486,1.4627265467195119,0.0,0.0,-0.0,1.4627265467195119,225.70798798672183,564
615.0,13.180095682529346,80.15245777937477,0.452264430023121,0.0,0.0,-0.0,0.452264430023121,224.18742397610777,599
616.0,13.180095682529346,80.16144089112467,0.9595960770065532,0.0,0.0,-0.0,0.9595960770065532,224.95086699005338,582
617.0,13.180095682529346,80.17042400287458,0.7887724422081859,0.0,0.0,-0.0,0.7887724422081859,224.69380809893346,587
618.0,13.180095682529346,80.1794071146245,0.0,0.4416604465061742,0.3404864863026046,-0.0,0.7821469328087788,224.68383789720272,588
619.0,13.180095682529346,80.18839022637441,0.0,0.0,0.22890775923567197,-0.0,0.22890775923567197,223.8513123005505,604
620.0,13.180095682529346,80.19737333812432,0.0,0.0,0.0,-0.0,0.0,223.50684723383227,619
621.0,13.180095682529346,80.20635644987422,2.5076661547339913,0.0,0.0,-0.0,2.5076661547339913,227.28043442974803,537
622.0,13.180095682529346,80.21533956162413,2.829603492947925,0.0,0.0,-0.0,2.829603492947925,227.7648923050828,523
623.0,13.180095682529346,80.22432267337405,0.7977768151390425,0.0,0.0,-0.0,0.7977768151390425,224.7073580630445,586
624.0,13.180095682529346,80.23330578512396,0.0,0.0,0.0,-0.0,0.0,223.50684723383227,619
625.0,13.180095682529346,80.24228889687387,0.0,0.0,0.0,-0.0,0.0,223.50684723383227,619
626.0,13.180095682529346,80.25127200862377,1.507231514216142,0.0,0.0,-0.0,1.507231514216142,225.77495996988745,562
627.0,13.180095682529346,80.26025512037369,1.8490107298863323,0.0,0.0,-0.0,1.8490107298863323,226.2892763072709,554
628.0,13.180095682529346,80.2692382321236,1.457236823972619,0.0,0.0,-0.0,1.457236823972619,225.6997269399203,566
629.0,13.180095682529346,80.27822134387351,5.065173442739494,0.0,0.0,-0.0,5.065173442739494,231.12902357996634,490
630.0,13.189139399858918,80.13449155587494,3.4023364829894183,0.0,0.0,-0.0,3.4023364829894183,228.6267525945073,512
631.0,13.189139399858918,80.14347466762486,3.8076091099050853,0.0,0.0,-0.0,3.8076091099050853,229.23661511264876,504
632.0,13.189139399858918,80.15245777937477,2.8830383296013196,0.0,0.0,-0.0,2.8830383296013196,227.84530213756005,520
633.0,13.189139399858918,80.16144089112467,2.564151578775917,0.0,0.0,-0.0,2.564151578775917,227.36543484837156,532
634.0,13.189139399858918,80.17042400287458,2.107706275820427,1.0063906952163886,0.6650460843584765,-0.0,3.779143055395292,229.1937788130027,505
635.0,13.189139399858918,80.1794071146245,0.6712106691782764,1.7230276404282296,1.1540715827676211,-0.0,3.548309892374127,228.84641635938226,511
636.0,13.189139399858918,80.18839022637441,0.0,1.1428940408793722,0.7758892221559077,-0.0,1.91878326303528,226.39427143878808,552
637.0,13.189139399858918,80.19737333812432,0.0,0.0,0.0,-0.0,0.0,223.50684723383227,619
638.0,13.189139399858918,80.20635644987422,1.9935848268106773,0.0,0.0,-0.0,1.9935848268106773,226.506834358204,551
639.0,13.189139399858918,80.21533956162413,3.7221623829104926,0.0,0.0,-0.0,3.7221623829104926,229.1080331344173,507
640.0,13.189139399858918,80.22432267337405,2.065524055642904,0.0,0.0,-0.0,2.065524055642904,226.6150899775945,550
641.0,13.189139399858918,80.23330578512396,0.5630927426167562,0.0,0.0,-0.0,0.5630927426167562,224.35420068223303,593
642.0,13.189139399858918,80.24228889687387,0.9285583474378659,0.0,0.0,-0.0,0.9285583474378659,224.90416078130642,583
643.0,13.189139399858918,80.25127200862377,2.294190215391079,0.0,0.0,-0.0,2.294190215391079,226.95919148047435,541
644.0,13.189139399858918,80.26025512037369,2.196006187272694,0.0,0.0,-0.0,2.196006187272694,226.81144215162072,548
645.0,13.189139399858918,80.2692382321236,2.3692712371594715,0.0,0.0,-0.0,2.3692712371594715,227.07217493398016,539
646.0,13.189139399858918,80.27822134387351,3.265060012526106,0.0,0.0,-0.0,3.265060012526106,228.4201761607731,515
