CellID,Lat,Lon,tourist_places,offices,schools,hardware_shops,hotels,RawScore,Score_0_1000,Rank
1.0,12.854521858664786,80.13449155587494,2.1714305529163647,0.9604105895191112,-1.6105512701396945,-0.0,-0.0,1.5212898722957815,323.36281871822234,483
2.0,12.854521858664786,80.14347466762486,3.0719841162967545,0.0,-0.8330419521148936,-0.0,-0.7539187059227417,1.485023458259119,323.2381106341786,485
3.0,12.854521858664786,80.15245777937477,2.183965641935353,0.0,-0.0,-0.0,-1.2214526820831888,0.9625129598521642,321.44137156085264,500
4.0,12.854521858664786,80.16144089112467,1.5865371719646575,0.0,-0.0,-0.0,-0.7646754913907574,0.8218616805739001,320.9577187922231,506
5.0,12.854521858664786,80.17042400287458,0.0,0.0,-0.0,-0.0,-0.0,0.0,318.131610993703,569
6.0,12.854521858664786,80.1794071146245,0.0,0.0,-0.0,-0.0,-0.0,0.0,318.131610993703,569
7.0,12.854521858664786,80.18839022637441,1.8730066480564491,0.0,-0.0,-0.0,-0.0,1.8730066480564491,324.5722552284554,474
8.0,12.854521858664786,80.19737333812432,10.229210278182938,0.0,-0.0,-0.0,-0.0,10.229210278182938,353.3064483455153,330
9.0,12.854521858664786,80.20635644987422,14.069353573035686,0.0,-0.0,-0.0,-0.0,14.069353573035686,366.511418439071,292
10.0,12.854521858664786,80.21533956162413,11.15730637485173,1.1754389252364652,-0.0,-0.0,-0.49261111782394534,11.84013418226425,358.84587756548757,308
11.0,12.854521858664786,80.22432267337405,10.069362476470346,2.5022127402547367,-0.0,-0.0,-1.1041612809464052,11.467413935778678,357.5642171350808,313
12.0,12.854521858664786,80.23330578512396,13.09029821393791,1.4246017617265607,-0.0,-0.0,-0.956332123344694,13.558567852319776,364.75499695987526,296
13.0,12.854521858664786,80.24228889687387,9.371745263175212,0.0,-0.0,-0.0,-0.0,9.371745263175212,350.35791257222166,339
14.0,12.854521858664786,80.25127200862377,3.533227550444301,0.0,-0.0,-0.0,-0.0,3.533227550444301,330.28120035925633,441
15.0,12.854521858664786,80.26025512037369,0.0,0.0,-0.0,-0.0,-0.0,0.0,318.131610993703,569
16.0,12.854521858664786,80.2692382321236,0.0,0.0,-0.0,-0.0,-0.0,0.0,318.131610993703,569
17.0,12.854521858664786,80.27822134387351,0.0,0.0,-0.0,-0.0,-0.0,0.0,318.131610993703,569
18.0,12.863565575994357,80.13449155587494,3.3207494088244642,0.0,-1.834807372436422,-0.0,-0.0,1.4859420363880422,323.24126931753744,484
19.0,12.863565575994357,80.14347466762486,2.543568074534872,0.0,-0.9490586365055167,-0.0,-0.0,1.5945094380293554,323.6145963477372,481
20.0,12.863565575994357,80.15245777937477,0.7529254625525436,0.0,-0.0,-0.0,-0.0,0.7529254625525436,320.72067016475256,507
21.0,12.863565575994357,80.16144089112467,0.0,0.0,-0.0,-0.0,-0.0,0.0,318.131610993703,569
22.0,12.863565575994357,80.17042400287458,0.0,0.0,-0.0,-0.0,-0.0,0.0,318.131610993703,569
23.0,12.863565575994357,80.1794071146245,0.0,0.0,-0.0,-0.0,-0.0,0.0,318.131610993703,569
24.0,12.863565575994357,80.18839022637441,1.0403689930679978,0.0,-0.0,-0.0,-0.0,1.0403689930679978,321.7090924533506,498
25.0,12.863565575994357,80.19737333812432,4.198894571965681,0.0,-0.0,-0.0,-0.0,4.198894571965681,332.5702068979546,426
26.0,12.863565575994357,80.20635644987422,7.935780590249337,0.44417292961962085,-0.0,-0.22879715671563783,-0.0,8.15115636315332,346.16071505021273,356
27.0,12.863565575994357,80.21533956162413,7.527269125919609,0.6674609573880641,-0.0,-0.6506703812632092,-1.6918232598925944,5.85223644215187,338.2554973347713,393
28.0,12.863565575994357,80.22432267337405,8.859392671102096,0.38763359887173565,-0.0,-0.7151320699288884,-3.7318021317410404,4.800092068303903,334.6375242738733,416
29.0,12.863565575994357,80.23330578512396,10.574798299787863,0.0,-0.0,-0.30375698408126695,-3.1817730345188853,7.089268281187712,342.509236631724,372
30.0,12.863565575994357,80.24228889687387,10.755516130446713,0.0,-0.0,-0.0,-0.0,10.755516130446713,355.1162383730182,323
31.0,12.863565575994357,80.25127200862377,5.494700434482197,0.0,-0.0,-0.0,-0.0,5.494700434482197,337.0260504297624,403
32.0,12.863565575994357,80.26025512037369,0.0,0.0,-0.0,-0.0,-0.0,0.0,318.131610993703,569
33.0,12.863565575994357,80.2692382321236,0.0,0.0,-0.0,-0.0,-0.0,0.0,318.131610993703,569
34.0,12.863565575994357,80.27822134387351,0.0,0.0,-0.0,-0.0,-0.0,0.0,318.131610993703,569
35.0,12.872609293323928,80.13449155587494,2.5685832185111366,0.0,-0.7682048612591331,-0.0,-0.0,1.8003783572520033,324.3225107959223,475
36.0,12.872609293323928,80.14347466762486,3.3097853620830113,0.0,-0.3973652415330345,-0.0,-0.0,2.9124201205499767,328.14645097201355,452
37.0,12.872609293323928,80.15245777937477,3.2385174572171547,0.0,-0.0,-0.0,-0.0,3.2385174572171547,329.26779078869436,446
38.0,12.872609293323928,80.16144089112467,2.1764243413704185,0.0,-0.0,-0.0,-0.0,2.1764243413704185,325.6156073271745,470
39.0,12.872609293323928,80.17042400287458,0.5462439459927826,0.0,-0.0,-0.0,-0.0,0.5462439459927826,320.00996146575153,517
40.0,12.872609293323928,80.1794071146245,0.0,0.0,-0.0,-0.0,-0.0,0.0,318.131610993703,569
41.0,12.872609293323928,80.18839022637441,0.0,0.0,-0.0,-0.21290638589561767,-0.0,-0.21290638589561767,317.3994970483076,617
42.0,12.872609293323928,80.19737333812432,2.4194648576512687,0.3515283066107603,-0.0,-0.0,-0.0,2.770993164262029,327.66013090924184,459
43.0,12.872609293323928,80.20635644987422,8.926291925797138,1.3667566044741175,-0.0,-0.4395443665100019,-0.0,9.853504163761253,352.01452051262584,335
44.0,12.872609293323928,80.21533956162413,13.866948968080788,2.0538022384088532,-0.0,-1.2499621657034499,-3.704356691647646,10.966432349138545,355.8415087981621,321
45.0,12.872609293323928,80.22432267337405,12.677193179494072,1.1927862576771369,-0.0,-1.3737908330318627,-8.176701273974244,4.319487330165101,332.984885112608,424
46.0,12.872609293323928,80.23330578512396,10.849833130320825,0.0,-0.0,-0.5835444689567695,-6.976580213309532,3.2897084480545224,329.4438195071989,445
47.0,12.872609293323928,80.24228889687387,9.502681023655168,0.0,-0.0,-0.0,-2.300942365097096,7.201738658558071,342.8959846917709,371
48.0,12.872609293323928,80.25127200862377,5.246819530301675,0.0,-0.0,-0.0,-0.0,5.246819530301675,336.1736707982901,410
49.0,12.872609293323928,80.26025512037369,0.0,0.0,-0.0,-0.0,-0.0,0.0,318.131610993703,569
50.0,12.872609293323928,80.2692382321236,0.0,0.0,-0.0,-0.0,-0.0,0.0,318.131610993703,569
51.0,12.872609293323928,80.27822134387351,0.0,0.0,-0.0,-0.0,-0.0,0.0,318.131610993703,569
52.0,12.8816530106535,80.13449155587494,1.2369654100309342,0.0,-0.0,-0.0,-0.0,1.2369654100309342,322.38512186349664,494
53.0,12.8816530106535,80.14347466762486,4.453585025383561,0.0,-0.0,-0.0,-0.0,4.453585025383561,333.44600229470586,419
54.0,12.8816530106535,80.15245777937477,7.423021938330551,0.0,-0.0,-0.0,-0.0,7.423021938330551,343.6569039771309,368
55.0,12.8816530106535,80.16144089112467,5.5537671570151765,0.0,-0.0,-0.0,-0.0,5.5537671570151765,337.2291611588901,401
56.0,12.8816530106535,80.17042400287458,2.250570941374767,0.0,-0.0,-0.7170036988827502,-0.0,1.533567242492017,323.40503649339917,482
57.0,12.8816530106535,80.1794071146245,2.711654268474459,0.9533564467273046,-0.0,-1.1748887934025793,-0.0,2.490121921799184,326.69430852395925,465
58.0,12.8816530106535,80.18839022637441,2.7252605903740426,1.1281040659594852,-0.0,-0.8908370891033044,-0.0,2.9625275672302234,328.3187537440908,450
59.0,12.8816530106535,80.19737333812432,3.0321641605910585,0.9135116141286013,-0.0,-0.36766255224018224,-0.0,3.5780132224794774,330.4352033259262,439
60.0,12.8816530106535,80.20635644987422,8.578420557004886,1.5456125296856258,-0.0,-0.31033090809782277,-0.0,9.813702178592688,351.87765478042263,336
61.0,12.8816530106535,80.21533956162413,15.636732682294799,2.3225321248884705,-0.0,-0.8824760123959093,-2.9933807104686556,14.083408084318705,366.5597472088387,291
62.0,12.8816530106535,80.22432267337405,14.437616990753074,1.3488827336189453,-0.0,-0.969896036727899,-6.611737319685792,8.204866367958328,346.3454058163426,354
63.0,12.8816530106535,80.23330578512396,9.865567772689598,0.0,-0.0,-0.4119949178026468,-5.645210519071494,3.808362335815458,331.22729698471113,433
64.0,12.8816530106535,80.24228889687387,7.353023537448111,0.0,-0.0,-0.0,-1.8631812452003607,5.489842292247751,337.009344901351,404
65.0,12.8816530106535,80.25127200862377,3.6106444540681113,0.0,-0.0,-0.0,-0.0,3.6106444540681113,330.5474112317669,438
66.0,12.8816530106535,80.26025512037369,0.0,0.0,-0.0,-0.0,-0.0,0.0,318.131610993703,569
67.0,12.8816530106535,80.2692382321236,0.0,0.0,-0.0,-0.0,-0.0,0.0,318.131610993703,569
68.0,12.8816530106535,80.27822134387351,0.0,0.0,-0.0,-0.0,-0.0,0.0,318.131610993703,569
69.0,12.89069672798307,80.13449155587494,1.8281639531501046,0.0,-0.6371452896890248,-0.0,-0.5899688300467509,0.6010498334143288,320.1984206061493,516
70.0,12.89069672798307,80.14347466762486,6.403573135433988,0.0,-0.0,-0.0,-0.9690018587107845,5.4345712767232035,336.81928634077065,405
71.0,12.89069672798307,80.15245777937477,9.758309209795963,0.0,-0.0,-0.0,-0.6152179515357735,9.143091258260188,349.5716478250905,343
72.0,12.89069672798307,80.16144089112467,6.908471231688276,0.0,-0.0,-0.5743346256461667,-0.0,6.33413660604211,339.91259103249337,383
73.0,12.89069672798307,80.17042400287458,3.9489442162484236,0.6409195671086022,-0.0,-1.683860153616066,-0.0,2.90600362974096,328.12438680337897,453
74.0,12.89069672798307,80.1794071146245,5.948212632824734,1.9620267038317063,-0.0,-2.2837364041963983,-0.0,5.626502932460042,337.4792751951992,398
75.0,12.89069672798307,80.18839022637441,5.971343142106296,2.321646789492752,-0.0,-1.6873651817906383,-0.0,6.605624749808409,340.8461480755324,380
76.0,12.89069672798307,80.19737333812432,5.327181576573862,1.0618843787100738,-0.292880038821589,-0.5653828578902782,-0.0,5.530803058572069,337.1501952948888,402
77.0,12.89069672798307,80.20635644987422,7.952160348987265,1.975007995608624,-0.7754619431520626,-0.0,-0.0,9.151706401443827,349.6012724248403,342
78.0,12.89069672798307,80.21533956162413,17.52959729513057,4.04471691923682,-0.49093453178177954,-0.22896983088981593,-1.3651919191151012,19.489217932580694,385.14852161041625,253
79.0,12.89069672798307,80.22432267337405,27.4657474655904,3.9675552981518964,-0.0,-0.25165123580985016,-6.743656530528963,24.437994997403486,402.16571292935765,223
80.0,12.89069672798307,80.23330578512396,19.631837514119287,1.2325501737714268,-0.0,-0.0,-6.01234781861857,14.852039869272142,369.20281517634686,285
81.0,12.89069672798307,80.24228889687387,10.223303629587312,0.0,-0.0,-0.0,-1.0335848385079216,9.18971879107939,349.7319843357721,341
82.0,12.89069672798307,80.25127200862377,4.980699055392755,0.0,-0.0,-0.0,-0.0,4.980699055392755,335.258571375525,413
83.0,12.89069672798307,80.26025512037369,0.8905257228327677,0.0,-0.0,-0.0,-0.0,0.8905257228327677,321.1938314981594,503
84.0,12.89069672798307,80.2692382321236,0.0,0.0,-0.0,-0.0,-0.0,0.0,318.131610993703,569
85.0,12.89069672798307,80.27822134387351,0.0,0.0,-0.0,-0.0,-0.0,0.0,318.131610993703,569
86.0,12.899740445312641,80.13449155587494,2.5808147151185756,0.0,-0.6646725512057211,-0.0,-1.6093467980220175,0.3067953658908371,319.18657778019247,520
87.0,12.899740445312641,80.14347466762486,7.323140934196267,0.0,-0.0,-0.0,-2.643245149104777,4.679895785091491,334.2242094042683,417
88.0,12.899740445312641,80.15245777937477,9.617778628029304,0.0,-0.0,-0.0,-1.6782201021438958,7.939558525885409,345.43310076646213,358
89.0,12.899740445312641,80.16144089112467,6.764602431838487,0.0,-0.0,-0.6202371494849256,-0.4118926720785088,5.732472610275052,337.8436695208606,396
90.0,12.899740445312641,80.17042400287458,3.7954702527363517,0.48477433235415734,-0.0,-1.5793372085420654,-0.0,2.700907376548444,327.4191292955829,461
91.0,12.899740445312641,80.1794071146245,7.266588444387436,1.4839646458291686,-0.36345082013274405,-2.0410666587035156,-0.0,6.346035611380344,339.9535077373062,382
92.0,12.899740445312641,80.18839022637441,10.897678862108497,1.7559500748925096,-1.6555511396344988,-1.6706097421007053,-0.9009400667855505,8.426527988480254,347.10762608916536,349
93.0,12.899740445312641,80.19737333812432,11.6154866145573,0.8031662403406126,-2.9249870221563095,-0.823065621389454,-0.8098051237987243,7.8607950875534245,345.1622596108643,360
94.0,12.899740445312641,80.20635644987422,12.541027379927971,3.4184582582273695,-2.643388368377916,-0.0,-0.0,13.316097269777424,363.921221617343,299
95.0,12.899740445312641,80.21533956162413,32.911492435278205,17.99793823989106,-1.9222395877593352,-0.43679561387595334,-4.367841322421009,44.18255415111297,470.0606567156083,137
96.0,12.899740445312641,80.22432267337405,48.53032045951573,22.93081010381688,-0.5746881224193742,-0.45598546195649753,-10.209063954741977,60.22139302421475,525.2128662538694,81
97.0,12.899740445312641,80.23330578512396,37.432038414426316,12.648744038638766,-0.39673196638746444,-0.0,-9.23030231370852,40.4537481729691,457.23853846495336,147
98.0,12.899740445312641,80.24228889687387,13.221882457113557,1.8605092969126638,-0.34458909530857285,-0.0,-3.2282071025257313,11.509595556191917,357.7092656380367,312
99.0,12.899740445312641,80.25127200862377,4.981686965644787,0.0,-0.0,-0.0,-0.0,4.981686965644787,335.26196846889667,412
100.0,12.899740445312641,80.26025512037369,0.9828371323235465,0.0,-0.0,-0.0,-0.0,0.9828371323235465,321.511259601234,499
101.0,12.899740445312641,80.2692382321236,0.0,0.0,-0.0,-0.0,-0.0,0.0,318.131610993703,569
102.0,12.899740445312641,80.27822134387351,0.0,0.0,-0.0,-0.0,-0.0,0.0,318.131610993703,569
103.0,12.908784162642213,80.13449155587494,13.339322474832297,2.2996501085637022,-1.363791727323552,-0.27896276243214924,-2.2786792258744755,11.717538867765823,358.4243132286224,310
104.0,12.908784162642213,80.14347466762486,17.996973555614556,2.049856462247396,-0.9299075521594119,-0.0,-3.6414118076224837,15.475510658080053,371.3467229652695,277
105.0,12.908784162642213,80.15245777937477,15.894949465104371,0.9392358616431937,-0.7827373034182774,-0.0,-2.2537900664152057,13.797657956914083,365.5771479679027,293
106.0,12.908784162642213,80.16144089112467,9.037476457774646,0.0,-0.46402822215227124,-0.24616074369688562,-0.41294710587703987,7.914340386048451,345.3463840070098,359
107.0,12.908784162642213,80.17042400287458,7.766485312399542,0.0,-0.0,-0.5226286612592742,-0.0,7.243856651140268,343.040814399869,369
108.0,12.908784162642213,80.1794071146245,10.191441571801063,0.41248706015811104,-1.7021438355530252,-0.983329908846208,-1.058127888271013,6.860326999288928,341.72198403500295,375
109.0,12.908784162642213,80.18839022637441,14.767301164753402,0.4880859577825759,-4.817201045379192,-1.3044487709638404,-2.4602038187905073,6.6735334874024375,341.07966354101575,377
110.0,12.908784162642213,80.19737333812432,16.332539765955215,0.0,-7.644986335969978,-1.186551850320551,-2.211349420165534,5.28965215949915,336.3209579030029,408
111.0,12.908784162642213,80.20635644987422,16.531712941531772,8.607694153366012,-5.680786128698399,-0.8475562939819379,-0.7684170835295314,17.842647588687914,379.4865161906748,261
112.0,12.908784162642213,80.21533956162413,35.103409805034794,28.776250539753395,-2.3036777157137363,-1.161971791171094,-3.7221950357865436,56.69181580211682,513.0758291482043,89
113.0,12.908784162642213,80.22432267337405,49.35202274142489,37.77441933535452,-1.761400667737338,-1.2130191064006963,-9.092367997715362,75.05965430492603,576.2366904728224,44
114.0,12.908784162642213,80.23330578512396,34.067634947610664,23.229328829197918,-3.804856715195666,-0.489545053340756,-8.402926273221828,44.59963573505033,471.49486096779026,135
115.0,12.908784162642213,80.24228889687387,12.66872107072145,5.667563935328214,-4.4424563556214265,-0.0,-2.7281570016706365,11.1656716487576,356.52662619897814,316
116.0,12.908784162642213,80.25127200862377,5.683640503546819,0.5457684974816336,-2.5695425323235686,-0.0,-0.0,3.659866468704884,330.7166692988016,435
117.0,12.908784162642213,80.26025512037369,3.0000845841025776,0.0,-0.34232091259752506,-0.0,-0.0,2.6577636715050525,327.27077250494256,462
118.0,12.908784162642213,80.2692382321236,0.0,0.0,-0.0,-0.0,-0.0,0.0,318.131610993703,569
119.0,12.908784162642213,80.27822134387351,0.0,0.0,-0.0,-0.0,-0.0,0.0,318.131610993703,569
120.0,12.917827879971783,80.13449155587494,39.40589659129344,8.577094836699805,-4.5133419450760215,-1.7152483101534193,-2.3781042295093355,39.376296943254474,453.53354357981016,153
121.0,12.917827879971783,80.14347466762486,40.568553693631564,7.4989609284864045,-4.336845672761463,-0.8904581239645456,-3.6346968209553108,39.20551400443665,452.9462780987013,154
122.0,12.917827879971783,80.15245777937477,33.97273350282602,3.9232363158291306,-3.063305616614988,-0.640655760628489,-2.151710637650062,32.040297803761604,428.3074929339402,192
123.0,12.917827879971783,80.16144089112467,21.295358038530214,1.6338672870187532,-1.5048266732644329,-0.2514492201955978,-0.0,21.172949432088934,390.9383118316264,246
124.0,12.917827879971783,80.17042400287458,15.851922519848143,0.8323188265011052,-1.0448704175567465,-0.0,-0.4886018336084934,15.15076909518401,370.23004520172753,282
125.0,12.917827879971783,80.1794071146245,13.569004792773065,0.0,-2.4347135624134806,-0.48012073520345977,-1.5488534980494215,9.105316997106701,349.4417547584681,344
126.0,12.917827879971783,80.18839022637441,13.75865511375209,0.0,-8.725155902736054,-1.1296544637949433,-2.468960791755394,1.4348839554656982,323.06569763183563,488
127.0,12.917827879971783,80.19737333812432,15.290862734215455,0.0,-12.494713782502416,-1.027559065356759,-2.219229118267552,-0.45063923191127153,316.5820131991761,620
128.0,12.917827879971783,80.20635644987422,14.401428671145922,5.430133621556765,-8.925347650511855,-0.7820595028587793,-0.7711844944264782,9.352970644905573,350.2933529311528,340
129.0,12.917827879971783,80.21533956162413,18.32551693466961,19.61555580048995,-3.361916475656192,-1.1360064882682006,-1.3298912213311453,32.113258549904025,428.5583805693327,191
130.0,12.917827879971783,80.22432267337405,26.299328441329347,27.690870388991332,-3.3798673938520216,-1.1859112719981795,-6.581225739771353,42.84319442469912,465.45504599386413,141
131.0,12.917827879971783,80.23330578512396,20.515324745513958,18.439434945618995,-8.507634267472675,-0.47862060597929196,-7.385439290725284,22.5830655269557,395.78723007020244,233
132.0,12.917827879971783,80.24228889687387,11.058552566293836,6.305141672294468,-9.598634510072909,-0.0,-2.946095532540529,4.818964195974864,334.7024192172028,415
133.0,12.917827879971783,80.25127200862377,15.640183726053412,1.342405467161165,-5.372224854517834,-0.0,-0.0,11.61036433869674,358.0557758219467,311
134.0,12.917827879971783,80.26025512037369,11.620405946004066,0.0,-0.8566081504149574,-0.0,-0.0,10.76379779558911,355.14471625317356,322
135.0,12.917827879971783,80.2692382321236,3.4701280365530374,0.0,-0.0,-0.0,-0.0,3.4701280365530374,330.06422220769394,442
136.0,12.917827879971783,80.27822134387351,0.0,0.0,-0.0,-0.0,-0.0,0.0,318.131610993703,569
137.0,12.926871597301355,80.13449155587494,54.062199904978776,10.635311882624807,-5.700917665206076,-2.6744493730479437,-4.143371842281179,52.17877290706839,497.55698209373963,107
138.0,12.926871597301355,80.14347466762486,58.34975231676191,8.702457837217626,-6.263676279280472,-2.0182659858688616,-3.7687323430479607,55.00153554578223,507.2635199397061,94
139.0,12.926871597301355,80.15245777937477,44.46399400737341,5.456509371067418,-5.82777664558025,-1.311094292362534,-2.3405461510605017,40.44108628943754,457.1949984768528,148
140.0,12.926871597301355,80.16144089112467,25.58555747379937,2.841209210411051,-3.958725594945833,-0.5146051198163619,-0.7262260842764724,23.227209885171753,398.0022273588652,229
141.0,12.926871597301355,80.17042400287458,17.329610732281868,1.6069936034966767,-1.8391450893213321,-0.0,-1.8718149744566515,15.225644272000562,370.487515924744,280
142.0,12.926871597301355,80.1794071146245,12.776222327713352,0.4048256937853274,-1.1950571342509781,-0.0,-1.8653991276201585,10.120591759627542,352.9329455413224,332
143.0,12.926871597301355,80.18839022637441,9.10732623247354,0.0,-8.247380776334964,-0.3595267348154851,-1.6293770139056725,-1.128958292582582,314.2495005239175,624
144.0,12.926871597301355,80.19737333812432,9.683514774327735,0.0,-13.080658452634202,-0.32703470520247585,-0.8184910413606431,-4.542669424869586,302.5108881991353,632
145.0,12.926871597301355,80.20635644987422,13.978369985717991,0.0,-9.481023360252363,-0.0,-0.0,4.497346625465628,333.5964838199928,418
146.0,12.926871597301355,80.21533956162413,13.03550151854022,3.8123273788794005,-4.095007413800761,-0.4081624503793988,-1.9130416893631208,10.43161734387634,354.0024586357533,328
147.0,12.926871597301355,80.22432267337405,15.895036579656079,10.512763906637897,-4.23069337387034,-0.42609237450528537,-8.058568071321709,13.692446666596641,365.21536148352635,295
148.0,12.926871597301355,80.23330578512396,17.59701298905604,8.041665823951403,-8.886643223685832,-0.0,-12.408744726941686,4.343290862379929,333.06673750895976,422
149.0,12.926871597301355,80.24228889687387,21.980713730941325,5.832398176805674,-9.945228136612517,-0.0,-7.797424909755886,10.070458861378597,352.76055524980177,333
150.0,12.926871597301355,80.25127200862377,23.08897548512607,1.9791081954015342,-5.383892195702067,-0.0,-0.8454582002339084,18.838733284591626,382.91172218302864,255
151.0,12.926871597301355,80.26025512037369,15.932385350362761,0.0,-1.412481873057604,-0.0,-0.0,14.519903477305157,368.0607090656753,289
152.0,12.926871597301355,80.2692382321236,4.160854868356544,0.0,-0.0,-0.0,-0.0,4.160854868356544,332.43940106339113,429
153.0,12.926871597301355,80.27822134387351,0.0,0.0,-0.0,-0.0,-0.0,0.0,318.131610993703,569
154.0,12.935915314630925,80.13449155587494,52.47616742475971,8.832171540169115,-9.974055649621786,-4.400484940465863,-10.998721399198317,35.93507697564285,441.7003375589394,174
155.0,12.935915314630925,80.14347466762486,63.02541030217764,7.373010394353351,-12.10155927500161,-4.240878948162573,-9.09120853569741,44.96477393766939,472.75044928191954,133
156.0,12.935915314630925,80.15245777937477,47.86915894515647,4.342584437097746,-10.244547448136268,-1.9946171505510306,-2.951132396947253,37.02144638661967,445.4359990905627,165
157.0,12.935915314630925,80.16144089112467,23.76784781576276,1.7500569419855336,-5.30615802934651,-12.281151786789877,-2.078624035230468,5.85197090638144,338.25458424595195,394
158.0,12.935915314630925,80.17042400287458,14.253711135366107,1.1402634223308281,-2.0562426491792634,-16.95247028902117,-2.635345502966601,-6.250083883470101,296.63966019226774,637
159.0,12.935915314630925,80.1794071146245,8.740803193831916,0.40152857316649226,-1.1994942397517265,-8.508651912979303,-2.626312897994763,-3.1921272837273844,307.1549515099429,629
160.0,12.935915314630925,80.18839022637441,9.151814682420007,0.9955355416294063,-5.492061619045619,-0.0,-1.0120174773736212,3.643271127630173,330.6596034640767,437
161.0,12.935915314630925,80.19737333812432,11.356836569813167,3.449386262143853,-8.663623519340451,-0.0,-0.0,6.142599312616568,339.2539582583271,388
162.0,12.935915314630925,80.20635644987422,17.545680559605877,5.940571280187079,-6.462384739627274,-0.0,-0.0,17.02386710016568,376.67100358243044,268
163.0,12.935915314630925,80.21533956162413,17.10134092501544,4.449472646991546,-1.7634258345396436,-0.0,-1.1266086135114008,18.66077912395594,382.29979726544354,259
164.0,12.935915314630925,80.22432267337405,18.773104509979653,6.618630680359293,-4.068034987537586,-0.0,-7.235320508347122,14.088379694454236,366.576842915461,290
165.0,12.935915314630925,80.23330578512396,24.935366475481224,10.66605475064772,-9.757611683402475,-0.0,-12.517972395047828,13.325837147678648,363.95471380409896,298
166.0,12.935915314630925,80.24228889687387,25.23803771856496,7.88713733573815,-10.974213537517045,-0.0,-9.587229657177708,12.56373185960836,361.33408827936967,303
167.0,12.935915314630925,80.25127200862377,20.049771539326787,1.9465469338694266,-6.161298879208071,-0.0,-2.648856499223131,13.186163094765012,363.4744213905209,300
168.0,12.935915314630925,80.26025512037369,13.00683485251704,0.37403695594175257,-1.8273001489036695,-0.0,-0.4966056495503883,11.056966010004736,356.15282381752627,319
169.0,12.935915314630925,80.2692382321236,3.229133145147615,0.0,-0.6797072493124602,-0.0,-0.0,2.5494258958351548,326.8982350817582,463
170.0,12.935915314630925,80.27822134387351,0.0,0.0,-0.0,-0.0,-0.0,0.0,318.131610993703,569
171.0,12.944959031960497,80.13449155587494,43.16538115932238,10.916505945653057,-18.560389993606133,-6.103180264257154,-14.70973660742082,14.708580239691324,368.70950542908133,288
172.0,12.944959031960497,80.14347466762486,60.80263979605939,11.88289255728585,-22.422368600323317,-6.392481413008646,-12.028748857082018,31.841933482931257,427.6253842929152,193
173.0,12.944959031960497,80.15245777937477,45.855769894440186,5.60379464346492,-13.53014332476455,-10.53960569524751,-5.146838201053574,22.242977316839475,394.61778031300844,237
174.0,12.944959031960497,80.16144089112467,21.479795254950123,0.9400010665717171,-4.291349367092749,-30.3264128463102,-1.6519562911366406,-13.849922183017748,270.50635480340355,639
175.0,12.944959031960497,80.17042400287458,12.372442513659207,1.4983603299953923,-1.2564027229995212,-42.6487688192473,-1.3635721453182796,-31.397940843910504,210.1645800761844,643
176.0,12.944959031960497,80.1794071146245,19.54402617207664,2.7863670738634783,-2.3279447114026173,-23.65584705147886,-1.3588986914964898,-5.012297208437852,300.8959951180792,633
177.0,12.944959031960497,80.18839022637441,27.526172964398857,3.7088768594685657,-5.3215922361773345,-1.9951645606395223,-0.5236529438148709,23.394640083235693,398.57796388441517,228
178.0,12.944959031960497,80.19737333812432,25.934843243268677,8.690595823623328,-5.351361923652746,-0.2087998665589611,-0.0,29.0652772766803,418.0773910675646,203
179.0,12.944959031960497,80.20635644987422,19.405526090052206,13.844391625177925,-2.3809532049419797,-0.0,-0.0,30.86896451028815,424.2796689903297,197
180.0,12.944959031960497,80.21533956162413,12.40580059910042,12.724475167227789,-0.0,-0.0,-0.0,25.13027576632821,404.5462352557635,220
181.0,12.944959031960497,80.22432267337405,15.128853630298869,10.3400513768144,-3.6964363392015294,-0.0,-2.8235040303044467,18.94896463760729,383.29077098620616,254
182.0,12.944959031960497,80.23330578512396,25.795418481455044,11.766139537306897,-10.711410156562456,-0.0,-6.393009145588604,20.45713871661088,388.47687787857467,247
183.0,12.944959031960497,80.24228889687387,25.88593541100255,10.196456457306757,-14.084100557566604,-0.0,-5.441915289355652,16.556376021387052,375.0634579154367,271
184.0,12.944959031960497,80.25127200862377,15.441275316165394,4.612370911049238,-8.934749927912573,-0.0,-2.4851938367939264,8.633702462508133,347.82002990424,347
185.0,12.944959031960497,80.26025512037369,9.188940375304254,1.291755784629557,-3.4118306642310725,-0.0,-0.4126986629607407,6.656166832741998,341.01994541650635,378
186.0,12.944959031960497,80.2692382321236,3.550653543406362,0.0,-1.3087146872685156,-0.0,-0.0,2.2419388561378466,325.8408898600834,468
187.0,12.944959031960497,80.27822134387351,0.6528711754510869,0.0,-0.0,-0.0,-0.0,0.6528711754510869,320.37661689187655,515
188.0,12.954002749290067,80.13449155587494,24.56160699196446,12.0866172793856,-19.756301012724347,-4.605200347511645,-8.40129935720438,3.885423553909689,331.49228477349266,431
189.0,12.954002749290067,80.14347466762486,38.019470510858994,16.019102859850072,-19.729841347740273,-5.132991084910637,-7.951990269252284,21.223750668805877,391.11300031589775,245
190.0,12.954002749290067,80.15245777937477,31.202308539824127,9.409121049494495,-10.377831503258072,-8.81935480314766,-2.718306949351361,18.695936333561523,382.42069116594894,258
191.0,12.954002749290067,80.16144089112467,13.201508162198918,1.1954295856028145,-2.0295494527641567,-28.817161085088216,-0.43874944636935087,-16.888522236419988,260.0576241830552,640
192.0,12.954002749290067,80.17042400287458,12.641376154708595,3.534198585712004,-0.8966081159995939,-40.163083925895165,-0.0,-24.88411730147416,232.56344346960603,641
193.0,12.954002749290067,80.1794071146245,34.28616327894807,5.413635512631685,-5.233885592253338,-22.148469456006037,-0.0,12.317443743320379,360.4871857134316,305
194.0,12.954002749290067,80.18839022637441,58.73473581094659,6.4216666086616945,-10.365369112495465,-0.9797072530130084,-0.0,53.81132605409981,503.17078705554553,98
195.0,12.954002749290067,80.19737333812432,55.149277518921764,10.429738939521338,-8.307261516264928,-0.9182702350611898,-0.0,56.35348470711699,511.9124215229782,90
196.0,12.954002749290067,80.20635644987422,31.26834477657431,16.003398631639406,-2.4830004404064057,-0.6573287950596217,-0.0,44.13141417274769,469.88480341195583,138
197.0,12.954002749290067,80.21533956162413,13.374746668611214,15.387845558444393,-1.0747043541199774,-0.0,-0.0,27.68788787293563,413.3410089882791,211
198.0,12.954002749290067,80.22432267337405,17.684745841610866,9.808487732388855,-2.3729781900650564,-0.0,-0.48035339870172655,24.63990198523294,402.8600036188591,221
199.0,12.954002749290067,80.23330578512396,34.118256933006734,12.25749353309466,-7.869077969600786,-0.0,-1.5850476744397233,36.921624822060885,445.0927460727762,167
200.0,12.954002749290067,80.24228889687387,43.267824100476936,19.695161979206077,-11.912632565255688,-0.0,-1.8230058909004778,49.22734762352685,487.4080163885355,117
201.0,12.954002749290067,80.25127200862377,31.964589192473294,15.392623224486314,-9.359150556789448,-0.0,-0.4851680232632477,37.51289383690692,447.12592271718773,163
202.0,12.954002749290067,80.26025512037369,14.92430633429501,5.562105213182562,-3.5914592637576384,-0.0,-0.0,16.894952283719935,376.2277085892295,269
203.0,12.954002749290067,80.2692382321236,6.115750319416403,0.5408477588677694,-1.250398545226355,-0.0,-0.0,5.406199533057817,336.7217253911296,407
204.0,12.954002749290067,80.27822134387351,0.5546962895404207,0.0,-0.3135744214310349,-0.0,-0.0,0.2411218681093858,318.96074855780245,522
205.0,12.96304646661964,80.13449155587494,24.05399418436344,11.361669917738421,-12.389148720975035,-1.236948143099958,-4.622486425682026,17.167080812344835,377.1634677018938,265
206.0,12.96304646661964,80.14347466762486,24.09135118407927,17.579609311644596,-8.818645343149296,-1.5529439136557266,-7.22643946799765,24.072931770921183,400.9103824331188,226
207.0,12.96304646661964,80.15245777937477,21.439658805968428,11.865881337197122,-1.629143868905681,-1.4842201483244593,-4.922537438631899,25.26963868730351,405.0254577905309,219
208.0,12.96304646661964,80.16144089112467,13.446038834767357,4.457065211035589,-0.3284979223971499,-10.834271924846146,-1.0554553738575962,5.684878824702055,337.68001038970976,397
209.0,12.96304646661964,80.17042400287458,16.66027801046525,2.9379697620907983,-2.1251136653240787,-14.159236138011362,-0.7827918087222745,2.531106160498334,326.83523963115385,464
210.0,12.96304646661964,80.1794071146245,48.21661957013734,7.4566448402030865,-9.21125884702057,-7.349290263787269,-2.764916580933688,36.347798718598895,443.11954977427513,171
211.0,12.96304646661964,80.18839022637441,80.5327364302334,10.420855742474934,-16.596667750023222,-3.198762638628015,-4.421800024296889,66.73636175976023,547.6156675838722,64
212.0,12.96304646661964,80.19737333812432,75.34331838378287,10.654927275552913,-14.550449771389278,-3.589252577852415,-3.0421490044285724,64.81639430566551,541.013540823159,68
213.0,12.96304646661964,80.20635644987422,49.72835610472452,17.774557262183286,-7.452166805764734,-1.7774931939866385,-0.7158845026001298,57.5573688645563,516.0521770150194,87
214.0,12.96304646661964,80.21533956162413,35.86956399879586,23.623338377175074,-5.077640473725814,-0.2941268052394395,-0.0,54.121135097005684,504.2361168706513,97
215.0,12.96304646661964,80.22432267337405,34.055555631281,18.032956992601616,-4.673207910910808,-0.3170076850601636,-0.0,47.098297027911656,480.08692254278,125
216.0,12.96304646661964,80.23330578512396,45.47967182148931,19.988477427187362,-5.021274927253694,-0.22879413039170837,-0.4069480929162338,59.81113209811504,523.8021159657324,83
217.0,12.96304646661964,80.24228889687387,56.29768698744447,29.68519170871355,-7.807483076607875,-0.0,-0.9954300769938416,77.1799655425563,583.5277325856172,38
218.0,12.96304646661964,80.25127200862377,51.22708374124979,28.321686351280487,-5.9258400951471,-2.103278671217627,-2.557282532841158,68.9623687933244,555.270162234022,60
219.0,12.96304646661964,80.26025512037369,34.60277372485509,12.385047539327068,-2.521330475350419,-1.0541463182308999,-2.3455687025055125,41.06677576809533,459.3465355990751,146
220.0,12.96304646661964,80.2692382321236,13.111234014015952,1.9236680790066134,-0.5803194762959183,-0.5198215411642746,-1.434368232447501,12.500392843114874,361.11628655835773,304
221.0,12.96304646661964,80.27822134387351,0.49092273106982254,0.0,-0.0,-0.0,-0.5699622149159977,-0.07903948384617521,317.85982060978745,615
222.0,12.972090183949211,80.13449155587494,34.25909215007419,9.112471836403023,-6.6737208534107415,-0.29003995161900886,-6.236084169900839,30.171719011546625,421.88207461641946,200
223.0,12.972090183949211,80.14347466762486,30.236286452155902,14.431958276811343,-2.973115281169103,-1.3221996185696316,-10.66186023979082,29.71106958943769,420.2980551214398,201
224.0,12.972090183949211,80.15245777937477,23.546421553337968,11.354053691411465,-0.5449307470246166,-5.280809009494135,-8.769533455179305,20.305202033051373,387.95441837421015,249
225.0,12.972090183949211,80.16144089112467,16.132788169119742,3.933917168957126,-0.0,-8.389357260655169,-4.138278461870163,7.539069615551536,344.0559531764626,367
226.0,12.972090183949211,80.17042400287458,19.332737201285106,2.0955007193103117,-1.5537292128566778,-5.713754067242047,-2.997166580736035,11.16358805976066,356.519461432385,317
227.0,12.972090183949211,80.1794071146245,54.9969125552279,9.969335559863616,-9.564333267679377,-3.12424107492304,-6.873394369944339,45.40427940254476,474.26176177054793,130
228.0,12.972090183949211,80.18839022637441,96.19990667173998,14.56783518199738,-17.940610749738287,-5.268114214981344,-10.108170431175562,77.45084645784218,584.4592015727405,36
229.0,12.972090183949211,80.19737333812432,86.07003785106575,13.845808432939826,-16.827163828613504,-4.949621278286173,-7.948273149769944,70.19078802733594,559.4942856591072,57
230.0,12.972090183949211,80.20635644987422,57.384347193514145,20.4274157173622,-11.650662696809738,-1.8894341521341078,-3.173608879997567,61.09805718193494,528.2274214659898,77
231.0,12.972090183949211,80.21533956162413,57.16928634537848,33.0891133914892,-11.70413032887071,-0.5970479426139914,-1.041477661535221,76.91574380384776,582.619162282423,39
232.0,12.972090183949211,80.22432267337405,55.47063886951692,31.37997371525165,-11.156368081227146,-1.5493891444939694,-3.6048147927233662,70.5400405663241,560.6952484821921,56
233.0,12.972090183949211,80.23330578512396,50.72107651661861,25.909906939629987,-6.92730081353089,-1.3358408558045145,-3.063476085559944,65.30436570135325,542.6915114590995,66
234.0,12.972090183949211,80.24228889687387,52.309654986175644,39.22616311841641,-5.162873264167309,-4.65640251840551,-4.364880757413164,77.35166156460608,584.1181378549696,37
235.0,12.972090183949211,80.25127200862377,62.068130325570536,46.147063177913026,-3.806173266887718,-8.226983227550654,-7.047512680602239,89.13452432844295,624.6354671487722,26
236.0,12.972090183949211,80.26025512037369,57.801906558787024,26.477914705329137,-1.0162796614430487,-6.414050081075145,-7.931315019168491,68.91817650242947,555.1181997068906,61
237.0,12.972090183949211,80.2692382321236,30.73886364971482,7.851743026621669,-0.0,-1.57670872400598,-3.5160054141506603,33.49789253817985,433.3196743549606,185
238.0,12.972090183949211,80.27822134387351,4.615340460531238,0.0,-0.0,-0.36411747301109865,-1.064432462605296,3.186790524914843,329.08991914650875,448
239.0,12.981133901278781,80.13449155587494,26.732451921963346,3.7438351886996135,-3.5548584637693117,-0.8791369330863946,-4.023492400513453,22.018799313293805,393.84690703949764,239
240.0,12.981133901278781,80.14347466762486,25.918682001008435,6.538185403031795,-1.4562613684701382,-2.693695976691858,-6.860824924184723,21.446085134693515,391.87753427918716,243
241.0,12.981133901278781,80.15245777937477,18.836027729583275,4.909449374629627,-0.5174641331661674,-8.352936383361573,-6.52730289969473,8.347773687990431,346.83681635555433,350
242.0,12.981133901278781,80.16144089112467,9.649905801396061,1.5460234128985877,-0.0,-13.092845476471615,-3.8230465401081273,-5.719962802285092,298.4625695176552,635
243.0,12.981133901278781,80.17042400287458,14.694576288435911,2.0928492696249936,-0.44699815932881887,-9.624027396284355,-4.007154420543903,2.7092455819038284,327.44780159864496,460
244.0,12.981133901278781,80.1794071146245,61.46209101515954,10.514512265028344,-5.904305854690288,-5.183592456380386,-9.722564701279941,51.16614026783725,494.0748766903477,113
245.0,12.981133901278781,80.18839022637441,111.01644041979137,15.058355243605126,-12.063362890599251,-5.24253531793957,-13.637900588002244,95.13099686685543,645.2553332466598,22
246.0,12.981133901278781,80.19737333812432,101.38127756167282,10.634217913597496,-13.07729305321,-3.697928800059193,-9.91433419228498,85.32593942971614,611.5390158382532,29
247.0,12.981133901278781,80.20635644987422,61.90858127894221,14.507980251576171,-12.591770780520179,-1.0301700132884184,-5.233143157450553,57.561477579259225,516.0663055124762,86
248.0,12.981133901278781,80.21533956162413,56.30131336495985,30.440887927051477,-14.24659610173237,-1.2970889768717733,-6.5115441784877,64.68697203491949,540.5685008641209,69
249.0,12.981133901278781,80.22432267337405,64.79061836674698,34.94653201470278,-14.063784958228739,-3.099927876874302,-10.269901486981903,72.30353605936482,566.7593204341258,50
250.0,12.981133901278781,80.23330578512396,52.94485349380087,33.65517812579232,-9.145207391454141,-4.439056379893067,-10.11375786877186,62.90200997947413,534.4306125744102,73
251.0,12.981133901278781,80.24228889687387,44.46657009408603,52.09404608116597,-5.408067393858719,-8.927761726877872,-11.320414398294833,70.90437265622057,561.9480648439289,54
252.0,12.981133901278781,80.25127200862377,62.3344531904021,66.8523848332031,-2.8403820933844885,-12.696082781393557,-16.433077731753553,97.21729541707361,652.4294170884755,20
253.0,12.981133901278781,80.26025512037369,75.67475327813713,48.02624203692468,-1.0195173099651496,-8.804820332704494,-15.83497274765107,98.0416849247411,655.2642172400172,19
254.0,12.981133901278781,80.2692382321236,51.93015503361303,19.273794005058605,-0.0,-2.6973161364165437,-7.487967650023083,61.01866525223201,527.954419138498,78
255.0,12.981133901278781,80.27822134387351,15.432444907698537,4.375657681844349,-0.0,-0.29350772272214515,-0.7305564095512848,18.78403845726946,382.723644941216,256
256.0,12.990177618608353,80.13449155587494,10.52903153469822,0.0,-0.5531694978560198,-0.9793058831810447,-0.49690359056865274,8.499652563092502,347.3590770759431,348
257.0,12.990177618608353,80.14347466762486,14.329469846408308,0.0,-0.5081884771841042,-1.3755529679037592,-1.296034853310164,11.14969354801028,356.4716828475665,318
258.0,12.990177618608353,80.15245777937477,10.27570718448494,0.0,-0.0,-5.016517158433925,-1.5811223080254866,3.6780677180255283,330.77925731557343,434
259.0,12.990177618608353,80.16144089112467,3.419620349776681,0.0,-0.0,-7.9028100931137555,-1.6640583199304628,-6.147248063267538,296.99327822838137,636
260.0,12.990177618608353,80.17042400287458,4.522719967116891,0.9465246311074822,-0.47623385725688605,-6.907568576245664,-3.434731847766975,-5.349289683045153,299.73719056125253,634
261.0,12.990177618608353,80.1794071146245,41.874542555794754,5.794031587215405,-3.259870173126947,-4.293941290870132,-9.051997595353818,31.062765083659265,424.94608442824057,196
262.0,12.990177618608353,80.18839022637441,93.63093323588159,8.042169191867112,-6.051161385833083,-3.8605138084886303,-12.870219562856144,78.89120767057084,589.4121226690687,34
263.0,12.990177618608353,80.19737333812432,95.53844516154611,6.044870335437823,-7.349655396284507,-1.5863476110969008,-8.565014132315795,84.08229835728673,607.2625495952981,30
264.0,12.990177618608353,80.20635644987422,52.586954007139376,5.606604773897751,-8.476741629798564,-0.0,-4.840326099877236,44.87649105136132,472.4468739244496,134
265.0,12.990177618608353,80.21533956162413,36.3567992367665,18.406005520306696,-9.852119593559646,-1.103618289527149,-7.364814875667738,36.44225199831866,443.4443430536326,170
266.0,12.990177618608353,80.22432267337405,44.902498884108056,26.764965055272896,-9.371670787005371,-3.2281515996044114,-12.621198435645923,46.44644311712525,477.84541467799806,127
267.0,12.990177618608353,80.23330578512396,47.26440123531267,31.755875726215468,-8.221491363301627,-4.251540688978994,-12.98503715171482,53.562207757532704,502.3141524449737,100
268.0,12.990177618608353,80.24228889687387,44.04728492054468,51.30604321256427,-6.532591700987044,-6.925944122422623,-14.232765260625765,67.66202704907353,550.7987213200201,63
269.0,12.990177618608353,80.25127200862377,57.64295357492881,63.197733779983764,-4.522413647935962,-7.84869252789486,-20.051615761840974,88.41796541724078,622.1714604005401,27
270.0,12.990177618608353,80.26025512037369,81.69500296140444,47.40783503339416,-3.4396341974340428,-5.086069095293656,-18.846521331121163,101.73061337094973,667.9492099783727,17
271.0,12.990177618608353,80.2692382321236,71.03172041350336,18.713014629085496,-1.5149777868962109,-0.4764082033291497,-7.924203002715675,79.82914604964783,592.6373794614158,33
272.0,12.990177618608353,80.27822134387351,30.73390845585316,5.156800222664513,-0.7408661495134331,-0.0,-0.9858364270657095,34.16400610193854,435.6102164032574,182
273.0,12.999221335937923,80.13449155587494,5.2504898844672425,0.0,-0.0,-0.8983432367809389,-0.0,4.352146647686304,333.0971895965895,421
274.0,12.999221335937923,80.14347466762486,8.408731841893509,0.0,-0.0,-0.7668778932963607,-0.0,7.641853948597149,344.4093941654415,364
275.0,12.999221335937923,80.15245777937477,10.107244797582942,0.6313856498008003,-0.0,-0.30596550755188706,-0.0,10.432664939831854,354.0060609683228,327
276.0,12.999221335937923,80.16144089112467,6.780941929397526,0.5738553622606837,-0.0,-1.3565754496706526,-0.0,5.998221841987558,338.75749236227716,392
277.0,12.999221335937923,80.17042400287458,2.2864115100319555,0.0,-0.4952311038168072,-2.1757033858116053,-1.5432916934607204,-1.9278146730571772,311.5025002681321,627
278.0,12.999221335937923,80.1794071146245,17.898925028315787,1.6719878474855754,-1.81517014740988,-2.4131851552325205,-5.605797503628523,9.736760069530439,351.61307656781685,338
279.0,12.999221335937923,80.18839022637441,62.27444091913803,4.34462385127339,-2.4958751758373987,-1.6992444770827928,-9.19218719540281,53.23175792208843,501.1778458388345,103
280.0,12.999221335937923,80.19737333812432,80.43430603057985,19.429755309454585,-3.4826248573359773,-1.1648937064411828,-8.971818682224427,86.24472409403285,614.6984094033271,28
281.0,12.999221335937923,80.20635644987422,49.65636317010403,30.45050662662867,-4.030563699293657,-0.32748299371761247,-6.971317191558555,68.77750591216288,554.6344805342223,62
282.0,12.999221335937923,80.21533956162413,23.391515300300433,26.884331280362606,-3.1254318312340397,-0.21214692878533048,-9.223715727488042,37.71455209315563,447.8193581018652,161
283.0,12.999221335937923,80.22432267337405,30.591388332922133,22.028621802211987,-3.1490352457721635,-1.8978027432223288,-10.580813531588722,36.99235861455091,445.33597595841275,166
284.0,12.999221335937923,80.23330578512396,50.19253250590913,29.028897967974295,-4.511491809808006,-2.912515955810546,-8.771547139237166,63.02587556902771,534.8565449628886,71
285.0,12.999221335937923,80.24228889687387,61.74944071615688,37.95242777792006,-6.121393546543332,-2.4250040392076855,-10.708951805060103,80.44651910326581,594.7603191758061,32
286.0,12.999221335937923,80.25127200862377,63.80800934161985,35.494967084731705,-6.381979375122333,-1.15090559909114,-16.661601345673056,75.10849010646504,576.4046204820182,43
287.0,12.999221335937923,80.26025512037369,79.07404026844506,20.18622077554861,-6.53430084519187,-0.32803255659876324,-14.345466318945864,78.05246132325718,586.5279541415033,35
288.0,12.999221335937923,80.2692382321236,75.809287956992,9.952606557530437,-4.846920439580386,-0.0,-6.234259239916062,74.68071483502598,574.9336442104589,45
289.0,12.999221335937923,80.27822134387351,38.05003786967312,2.7811081769769856,-1.773316699506935,-0.0,-0.0,39.05782934714317,452.4384398923897,156
290.0,13.008265053267495,80.13449155587494,6.499122828968658,0.0,-0.0,-1.4596767829599324,-2.1449572647342503,2.8944887812744753,328.08479108573067,454
291.0,13.008265053267495,80.14347466762486,16.05546425248442,0.8179761022455433,-0.0,-0.512766390098248,-2.5670775881348695,13.793596376496845,365.56318154951043,294
292.0,13.008265053267495,80.15245777937477,24.340343643225065,1.9216188175380076,-0.0,-0.20952097819340554,-1.5757999112989167,24.47664157127075,402.29860558802994,222
293.0,13.008265053267495,80.16144089112467,22.291933957637703,2.495137564662576,-1.2859076063770605,-1.5362038308173753,-0.0,21.964960085105847,393.6617719173174,240
294.0,13.008265053267495,80.17042400287458,13.211710615824396,3.3754130727469853,-3.695434781684824,-3.11978402325134,-0.9785131791693044,8.793391704465913,348.3691478674007,346
295.0,13.008265053267495,80.1794071146245,22.768325332739174,4.936205706121786,-3.767827868662773,-2.832512175671358,-4.0220652132223655,17.082125781304462,376.8713357271082,266
296.0,13.008265053267495,80.18839022637441,54.43201587050521,13.124095183452084,-2.283492561433361,-1.4341579598557566,-7.489470949857692,56.34898958281049,511.89696429196465,91
297.0,13.008265053267495,80.19737333812432,74.67896138898013,47.91539170532002,-2.3338953353411207,-1.1032142155714704,-10.919478004385184,108.23776553900237,690.3251327436834,13
298.0,13.008265053267495,80.20635644987422,61.81839733030371,74.43215703057062,-2.3379983758465306,-1.707197365218747,-13.21305538625711,118.99230323355195,727.3063956087689,9
299.0,13.008265053267495,80.21533956162413,58.53668648893587,69.400420638637,-1.7403253335257105,-2.0058161353996526,-14.962655457769966,109.22831020087753,693.7312849708478,12
300.0,13.008265053267495,80.22432267337405,70.27453832948336,50.27835634372214,-1.3525340026838275,-1.9649454041041252,-11.926538082953348,105.3088771834642,680.2536640060233,15
301.0,13.008265053267495,80.23330578512396,78.09074262140174,39.91423175718625,-2.546394988111512,-2.193355176372855,-8.200130524531513,105.06509368957211,679.4153739999022,16
302.0,13.008265053267495,80.24228889687387,79.88118257608016,29.15426170429169,-3.6985181461336047,-1.4225389029493358,-7.7951602253579955,96.11922700593091,648.6535266030206,21
303.0,13.008265053267495,80.25127200862377,73.66795778791538,16.454148083723187,-5.35836866404684,-0.26441287146631665,-11.898071998098425,72.60125233802698,567.7830672722629,49
304.0,13.008265053267495,80.26025512037369,69.13587646539787,6.315018107752648,-5.799364515686243,-0.0,-11.23938148205599,58.41214857540828,518.9914789242757,84
305.0,13.008265053267495,80.2692382321236,58.64338347624048,4.887361981790292,-4.9331686022185695,-0.0,-6.925920992396344,51.67165586341586,495.81317596954113,110
306.0,13.008265053267495,80.27822134387351,29.216906216245995,2.0380040157703663,-1.950347482773688,-0.0,-2.983787215159551,26.320775534083122,408.63996630237835,216
307.0,13.017308770597067,80.13449155587494,10.168446920878324,0.0,-0.9611553439915211,-1.7418572153423326,-7.11127378919136,0.35416057235311005,319.3494509041324,519
308.0,13.017308770597067,80.14347466762486,23.669150074816955,0.9149301101357067,-0.4879133749030452,-0.4742118260241095,-7.333057702511162,16.288897281514345,374.1436878731532,272
309.0,13.017308770597067,80.15245777937477,37.74795111914702,2.1493201137922187,-0.6601687673467341,-0.2157024368879703,-3.5183131012129643,35.503086927491566,440.2148680781006,175
310.0,13.017308770597067,80.16144089112467,36.00814721220773,5.881000837638758,-3.7880597797866784,-2.4604213345852908,-1.746254144233582,33.89441279124094,434.6831750582232,184
311.0,13.017308770597067,80.17042400287458,27.856775994947924,11.719682860096066,-7.243058124351237,-5.074652056348478,-4.790365139173824,22.468383535170453,395.39287700691347,235
312.0,13.017308770597067,80.1794071146245,29.99684510343107,12.807737089416712,-7.163748943658671,-5.062607591975743,-8.996173055312967,21.582052601900408,392.34508098260574,242
313.0,13.017308770597067,80.18839022637441,52.67364431541589,18.67844207938547,-4.441746798390023,-2.616404736734607,-10.015612759643048,54.27832210003368,504.7766304699386,96
314.0,13.017308770597067,80.19737333812432,74.02657773439317,53.553634683073376,-4.034195463880685,-3.0859392920460538,-14.035026440830453,106.42505122070938,684.091813691943,14
315.0,13.017308770597067,80.20635644987422,98.65335034608057,86.45679495974507,-6.346460141645142,-5.647575317175944,-21.932757957891617,151.18335188911294,838.0006593740428,5
316.0,13.017308770597067,80.21533956162413,140.46014782427181,86.01110957997862,-6.371790987999361,-6.470927706553525,-29.128144994297386,184.50039371540015,952.5668375454583,3
317.0,13.017308770597067,80.22432267337405,146.27390594588817,72.27631089875413,-3.7653369289862613,-4.222465277870883,-21.709839787768374,188.85257485001677,967.5325347373786,2
318.0,13.017308770597067,80.23330578512396,116.65177311874336,49.573490775902876,-2.9441457044680965,-2.1511087940989566,-11.778641732076128,149.35136766400308,831.7010775493575,6
319.0,13.017308770597067,80.24228889687387,87.06555197756852,23.815274541248748,-2.825619180982703,-1.085140075803122,-12.701246277287332,94.26882098474411,642.2905983749365,23
320.0,13.017308770597067,80.25127200862377,70.29202958793005,11.464621977764386,-2.4904824932717107,-0.22725265769788017,-16.972017713446032,62.0668987012788,531.5589438353448,74
321.0,13.017308770597067,80.26025512037369,65.86221187742431,4.910461877725687,-2.4613533553592255,-0.0,-15.127970010784441,53.18335038900635,501.0113885018106,104
322.0,13.017308770597067,80.2692382321236,59.76296466908774,4.398950133571968,-2.625608958477975,-0.0,-9.551067609519528,51.985238234662205,496.8914810004301,108
323.0,13.017308770597067,80.27822134387351,31.674347378328417,2.784291983131528,-1.5120252137736663,-0.0,-5.343553991572458,27.60306015611382,413.04931480456514,212
324.0,13.026352487926637,80.13449155587494,8.316505837144135,0.35104631560849453,-3.0357890509554992,-0.9967594421341713,-8.55244628675148,-3.91744262708852,304.6608343163688,631
325.0,13.026352487926637,80.14347466762486,19.545420107819773,1.6087204827577088,-1.9927097452987763,-0.0,-7.324834337720491,11.836596507558214,358.8337126838394,309
326.0,13.026352487926637,80.15245777937477,31.840125761182698,2.493427889750596,-3.3560420742439323,-0.7137302206412013,-3.403517152954511,26.860264203093653,410.49508763330493,213
327.0,13.026352487926637,80.16144089112467,32.535794415753315,7.084067734930355,-6.891737150931013,-2.4006946490880017,-2.541986611145113,27.785443739519543,413.67647102752596,209
328.0,13.026352487926637,80.17042400287458,24.79050387964939,13.331495051680767,-8.567708366630646,-4.364209785799848,-9.101374451834795,16.088706327064862,373.45529804925025,273
329.0,13.026352487926637,80.1794071146245,32.2121269463372,14.892628564556452,-7.0383542843098486,-4.451400928228116,-13.571721415052231,22.043278883303458,393.9310841040134,238
330.0,13.026352487926637,80.18839022637441,42.391382885774334,12.109239437530192,-4.765348954213372,-2.65097206478057,-10.872926251857466,36.21137505245312,442.6504343550869,173
331.0,13.026352487926637,80.19737333812432,62.370279594376946,26.72369595221289,-6.876595107467365,-3.6606571676663293,-12.39224873522844,66.1644745362277,545.6491384458175,65
332.0,13.026352487926637,80.20635644987422,111.12251932666969,46.61930833909567,-10.372967370114543,-7.680996071217148,-25.189531157309222,114.49833306712445,711.853133297295,11
333.0,13.026352487926637,80.21533956162413,180.31747542310157,56.450125164786684,-9.859415969375805,-8.376813107033737,-36.46102197560684,182.07034953587186,944.2107273035042,4
334.0,13.026352487926637,80.22432267337405,190.04313292435683,51.4136872996713,-7.6532794026169055,-4.728963158364935,-30.780124630362025,198.29445303268426,1000.0,1
335.0,13.026352487926637,80.23330578512396,138.80930197968806,36.46195191966181,-7.169688394423438,-1.1148106632757522,-26.055052749245263,140.93170209240537,802.7486600133469,7
336.0,13.026352487926637,80.24228889687387,86.21407620253251,14.379841320390554,-6.269356046483209,-0.6488812662499209,-33.443041798145856,60.23263841204408,525.2515353863926,80
337.0,13.026352487926637,80.25127200862377,73.67169900550594,9.905540659756062,-3.3365524689462136,-0.0,-33.9626405648851,46.27804663143069,477.26635541204905,128
338.0,13.026352487926637,80.26025512037369,84.21043293878184,11.694702559966201,-1.4820113331695153,-0.0,-21.140964267447707,73.28215989813083,570.1244809324508,48
339.0,13.026352487926637,80.2692382321236,93.05331864613726,10.799559113622085,-1.6412045323454116,-0.0,-12.995310029985648,89.21636319742828,624.9168836831213,25
340.0,13.026352487926637,80.27822134387351,61.666133211769065,6.103337459873827,-1.9891164643596928,-0.0,-5.486980716842249,60.29337349044095,525.4603830340664,79
341.0,13.035396205256209,80.13449155587494,4.743056400597814,1.7681049472911494,-5.05931198207951,-0.22896808480085368,-4.81452461740872,-3.5916433364001206,305.78114925248286,630
342.0,13.035396205256209,80.14347466762486,10.876065108728804,5.364837522635612,-5.387931488829498,-0.24108409488904953,-3.0370911926532767,7.574795854992592,344.17880378050296,366
343.0,13.035396205256209,80.15245777937477,19.844992792461372,6.147819340434752,-6.311294607475578,-0.9557198530473451,-0.4675198738270213,18.258277798546178,380.9157296521915,260
344.0,13.035396205256209,80.16144089112467,19.44669383967538,4.12788211015665,-7.904609377439628,-1.716601491047828,-3.4058067387857127,10.547558342558862,354.4011410032242,326
345.0,13.035396205256209,80.17042400287458,18.762590724407705,7.099142556204317,-7.8500591789718195,-2.1795069802641045,-9.354626503016835,6.477540618359264,340.40570953056664,381
346.0,13.035396205256209,80.1794071146245,28.371970213746806,6.853167442990957,-6.7827333615684795,-2.126041142987014,-12.956458310596037,13.359904841586236,364.0718612240426,297
347.0,13.035396205256209,80.18839022637441,44.257235754233136,5.280996305286281,-7.447414364601707,-1.520330893248096,-9.416147675867059,31.154339125802558,425.26097697130507,195
348.0,13.035396205256209,80.19737333812432,59.955382021824946,11.433246402494163,-9.298990240044349,-1.6374712565427818,-7.616271934549266,52.83589499318271,499.8166054537807,106
349.0,13.035396205256209,80.20635644987422,89.64060125724137,17.45392779404011,-9.1284698504132,-4.666418192972009,-19.98321911641846,73.31642189147783,570.242296483266,47
350.0,13.035396205256209,80.21533956162413,137.35621585274373,21.779050684642375,-7.538299345090967,-5.249472122783888,-29.720259951518265,116.627235117993,719.1737163472841,10
351.0,13.035396205256209,80.22432267337405,152.20667242424483,27.535831820527427,-6.991265047837766,-3.3279290430978676,-31.80578061223124,137.61752954160536,791.3523276220905,8
352.0,13.035396205256209,80.23330578512396,125.41682325698198,23.853187425098508,-9.30558081152991,-1.6388666075346798,-49.04795500511197,89.2776082579039,625.1274849888182,24
353.0,13.035396205256209,80.24228889687387,104.70805154174698,17.367040862532328,-10.161315628738283,-2.053506497497049,-64.4913450254631,45.368925252580866,474.1401906579329,131
354.0,13.035396205256209,80.25127200862377,92.73383860180292,19.37012934018391,-7.512175989893198,-1.3058095479404004,-57.87281857294468,45.41316383120855,474.29231235311636,129
355.0,13.035396205256209,80.26025512037369,94.0176160555956,22.530896995216384,-3.866186366486419,-0.0,-37.19737368146663,75.48495300285893,577.6991506353273,42
356.0,13.035396205256209,80.2692382321236,104.61639092573833,17.847738909778982,-2.339800343321313,-0.0,-20.874270299390297,99.25005919280571,659.419412722697,18
357.0,13.035396205256209,80.27822134387351,76.5549254275852,8.815252978789104,-1.5734119172831014,-0.0,-7.500004956773221,76.29676153231799,580.4906890051502,40
358.0,13.044439922585779,80.13449155587494,4.873309079945935,3.4379712898884183,-5.4284967813758085,-0.0,-2.173093258867768,0.709690329590777,320.57199898404,511
359.0,13.044439922585779,80.14347466762486,6.636996945431442,7.677933680322278,-6.1986038944675546,-0.0,-0.0,8.116326731286167,346.0409475801311,357
360.0,13.044439922585779,80.15245777937477,10.345610346979246,7.835950373942328,-6.699917682975991,-0.4703123596126749,-0.0,11.011330678332907,355.9958991551722,320
361.0,13.044439922585779,80.16144089112467,11.105876441228347,3.877369831547799,-5.187857037374659,-0.7214426088798933,-2.0299449727068932,7.0440016538147,342.35357982029774,373
362.0,13.044439922585779,80.17042400287458,13.947441289832494,0.827486342566649,-6.075936620083693,-1.079215318175001,-5.966590591972665,1.6531851021677841,323.8163623576686,478
363.0,13.044439922585779,80.1794071146245,32.49551344577173,0.394946010769425,-7.6088130852587055,-2.0395904060282697,-8.028919834744443,15.213136130509731,370.44450460416806,281
364.0,13.044439922585779,80.18839022637441,55.14166460900388,1.7500567365092978,-12.051747958323515,-2.1765148855489262,-6.10777965815392,36.55567884348682,443.83438008695356,169
365.0,13.044439922585779,80.19737333812432,66.68604351605188,7.171173742839438,-13.778919414510545,-1.4719281474874872,-7.293372059112562,51.312997637780725,494.57987013179593,112
366.0,13.044439922585779,80.20635644987422,71.5919877148848,9.888335042906807,-11.347182460381136,-1.7347151183632419,-13.681973549423322,54.716451629623904,506.283211576716,95
367.0,13.044439922585779,80.21533956162413,81.34448067470575,12.732218043797076,-5.351453888779083,-1.9635665800462765,-16.59202721051666,70.16965103916081,559.4216026170201,58
368.0,13.044439922585779,80.22432267337405,92.13144385481586,21.16241298827381,-3.9945704476310673,-2.1494605530019726,-24.062586476812186,83.08723936564445,603.8408740959561,31
369.0,13.044439922585779,80.23330578512396,105.27107967818178,27.578973455341462,-10.057877667933857,-5.147266693919292,-52.492091999028446,65.15281677264164,542.1703853141378,67
370.0,13.044439922585779,80.24228889687387,116.88922531470678,27.193327287523577,-15.0124294647138,-7.4661352315953575,-76.63657358185674,44.967414324064464,472.75952868878153,132
371.0,13.044439922585779,80.25127200862377,103.85229860346938,33.1561424953141,-14.351100341037464,-5.7154168233791705,-69.09688049713354,47.84504343723329,482.65473401371634,121
372.0,13.044439922585779,80.26025512037369,85.6098275648164,34.706569474876055,-10.739740495359753,-1.5572933045794821,-45.00980858217331,63.0095546575799,534.8004227999847,72
373.0,13.044439922585779,80.2692382321236,88.81552403979885,20.884528780205727,-5.916760543703559,-0.0,-28.09412927349169,75.68916300280932,578.4013606142529,41
374.0,13.044439922585779,80.27822134387351,75.57878713967685,9.54552064694891,-2.4366506026399817,-0.0,-11.41272126839587,71.27493591558991,563.222308116127,51
375.0,13.05348363991535,80.13449155587494,6.586961404363696,1.859006620704311,-3.55584916340241,-0.0,-1.2386433756163093,3.6514754860492875,330.687815512233,436
376.0,13.05348363991535,80.14347466762486,4.4029226914105015,5.680739715968059,-4.031261365800944,-0.0,-0.0,6.0524010415776175,338.94379653255083,390
377.0,13.05348363991535,80.15245777937477,3.85059283490532,6.356169143715232,-3.579105545028983,-0.0,-0.0,6.627656433591569,340.9219076769664,379
378.0,13.05348363991535,80.16144089112467,2.9593519470040444,2.5564199050978194,-1.7694155185203329,-0.0,-0.9130371055859435,2.833319227995587,327.87444942406233,457
379.0,13.05348363991535,80.17042400287458,8.2274634806208,0.0,-2.957420031646677,-1.03419807078982,-3.556716128781005,0.6791292494032977,320.46690963738905,512
380.0,13.05348363991535,80.1794071146245,24.88376840748775,0.39172759904975485,-6.8521877959365876,-2.439254593282879,-4.085272464729187,11.898781152588853,359.04754490697763,307
381.0,13.05348363991535,80.18839022637441,48.99047711131138,2.8775583637688973,-12.225805387500015,-2.861906399569932,-2.729348085172283,34.050975602838044,435.2215422716743,183
382.0,13.05348363991535,80.19737333812432,61.08295783801911,5.438847769679685,-15.684183283393587,-3.6474930497287756,-7.143013832226467,40.04711544234997,455.8402643291721,150
383.0,13.05348363991535,80.20635644987422,59.98676505169568,6.476461038549438,-13.27922163523309,-3.545567939915167,-11.238918925154781,38.39951758994208,450.1747256508591,158
384.0,13.05348363991535,80.21533956162413,64.8777873737601,10.175141737395201,-6.8680186116786786,-3.5298968329866787,-11.304483626437262,53.350530040052675,501.58626347985546,101
385.0,13.05348363991535,80.22432267337405,67.63415780464693,23.559521209325716,-5.064088059112957,-2.917350585739685,-13.327064703530652,69.88517566558936,558.4433868287189,59
386.0,13.05348363991535,80.23330578512396,82.09061409711825,33.06297566767958,-9.8336127902737,-6.568879875987706,-37.43157871612593,61.31951838241049,528.9889525612181,76
387.0,13.05348363991535,80.24228889687387,101.04259433125044,41.06320063462748,-14.754531954691553,-9.778600372116605,-63.78550442456857,53.78715821450119,503.0876819277881,99
388.0,13.05348363991535,80.25127200862377,94.17433916269323,52.75799955358557,-15.490075956106542,-8.162879716577454,-69.99251252558335,53.28687051801144,501.36735964732105,102
389.0,13.05348363991535,80.26025512037369,77.39571918152568,52.98085114700199,-12.229298099041632,-4.024669780512797,-57.26821450484704,56.8543879441262,513.6348604416868,88
390.0,13.05348363991535,80.2692382321236,79.74803232737229,32.575509972534235,-7.919776273947548,-1.5339192350271993,-60.83816936020213,42.031677430729644,462.66451011721,145
391.0,13.05348363991535,80.27822134387351,84.95989135174982,10.86837919443703,-4.1437705257610835,-0.5212516298966943,-46.745606207680424,44.41764218284864,470.8690459318605,136
392.0,13.062527357244923,80.13449155587494,6.997420428765955,0.7929488471802184,-1.0870046932479798,-0.0,-0.0,6.703364582698194,341.18224271345616,376
393.0,13.062527357244923,80.14347466762486,3.055152214676642,3.8258871482740227,-1.4702199290272664,-0.0,-0.0,5.410819433923399,336.73761168705164,406
394.0,13.062527357244923,80.15245777937477,1.7940726814592798,5.405428220207382,-1.159977629091935,-0.0,-0.0,6.039523272574726,338.89951418642517,391
395.0,13.062527357244923,80.16144089112467,1.2648272533942093,2.5358547388555266,-0.4741731978006782,-0.0,-0.9560124945153727,2.370496299933685,326.2829559681121,466
396.0,13.062527357244923,80.17042400287458,2.777964327387912,0.0,-0.48398396447115427,-0.31260794331084213,-3.554689124213229,-1.573316704607313,312.72150037104,626
397.0,13.062527357244923,80.1794071146245,9.975476623762974,1.0129018247359252,-3.2039254113396414,-1.2857741280512203,-5.115673962764461,1.3830049463435765,322.8873030482639,489
398.0,13.062527357244923,80.18839022637441,25.997346352889885,5.278858156657886,-6.703150589886645,-2.3452773542624294,-4.617696508338597,17.610080057060102,378.68679413238766,264
399.0,13.062527357244923,80.19737333812432,38.613020678891374,9.97921916671918,-10.134764945847454,-4.70076119907475,-6.041953991494033,27.71475970919432,413.4334122573526,210
400.0,13.062527357244923,80.20635644987422,50.693128651822846,10.561669481750078,-11.314610910853503,-6.9897522560735865,-9.601737521717427,33.34869744492841,432.80664226391053,186
401.0,13.062527357244923,80.21533956162413,59.23452977905536,13.750094332268132,-9.481160755109642,-5.983317752208414,-9.858927857437122,47.661217746568305,482.02261886558847,122
402.0,13.062527357244923,80.22432267337405,64.61449688063944,22.76911902701977,-6.64182086090343,-3.316605665718469,-6.439280136047693,70.9859092449896,562.2284419375829,53
403.0,13.062527357244923,80.23330578512396,68.14368837933236,33.93361531578757,-7.53064715149101,-4.009759037695634,-19.695954807998415,70.84094269793486,561.7299504044702,55
404.0,13.062527357244923,80.24228889687387,71.30098066164216,43.49362585281759,-8.357318024933559,-5.622208290587696,-43.18167167765115,57.633408521287336,516.3136519954983,85
405.0,13.062527357244923,80.25127200862377,74.02643043301305,55.43958136275108,-8.163896251205083,-5.507411513992336,-62.902137008636345,52.89256702193036,500.0114816308642,105
406.0,13.062527357244923,80.26025512037369,89.66401110661918,57.70717615424387,-8.581705500117236,-4.66808475945328,-85.90494266554298,48.21645433574956,483.9318920338095,119
407.0,13.062527357244923,80.2692382321236,109.36313588704621,36.64421765552932,-10.65428994935215,-3.7899233991174066,-95.24459947058222,36.31854072352374,443.01894130206466,172
408.0,13.062527357244923,80.27822134387351,109.62026145528598,13.953352919693627,-8.280064104853455,-1.79423439320116,-78.24589594402016,35.25341993290483,439.35634667831727,177
409.0,13.071571074574493,80.13449155587494,5.346441991374759,0.7739169419015948,-0.0,-0.0,-0.0,6.1203589332763535,339.1774810225816,389
410.0,13.071571074574493,80.14347466762486,1.3922126570255091,2.9455824214316015,-0.0,-0.0,-0.0,4.337795078457111,333.04783934376917,423
411.0,13.071571074574493,80.15245777937477,1.9229856002015033,5.560982880066141,-0.2716505387384549,-0.0,-0.0,7.212317941529189,342.9323633121813,370
412.0,13.071571074574493,80.16144089112467,5.963869735945428,5.243013420934133,-0.0,-0.0,-1.008071710183648,10.198811446695913,353.2019169179503,331
413.0,13.071571074574493,80.17042400287458,7.662489670859385,3.05408306552461,-0.0,-0.0,-3.748067877358345,6.96850485902565,342.09397156070884,374
414.0,13.071571074574493,80.1794071146245,10.11262208575637,2.438193127980293,-1.109375920317026,-0.28008296937608146,-5.393884580370962,5.767471743672592,337.9640198500877,395
415.0,13.071571074574493,80.18839022637441,18.436301385714618,7.4015743754900845,-3.051840000819972,-1.5774717338286601,-5.7472490205481215,15.46131500600795,371.2979088594725,278
416.0,13.071571074574493,80.19737333812432,32.97816551812698,14.144172196906284,-5.767096047927844,-4.491175303552399,-6.0897500963857505,30.774316267167272,423.95420529695815,198
417.0,13.071571074574493,80.20635644987422,40.0088967254861,17.003920312588946,-9.931943029044417,-6.5311707923829925,-9.06125566710745,31.488447549540187,426.40986424053114,194
418.0,13.071571074574493,80.21533956162413,51.78446408757456,20.50163321816077,-10.540606872348912,-5.14517773725566,-9.736350883676394,46.86396181245436,479.2811220102508,126
419.0,13.071571074574493,80.22432267337405,62.38940912351153,25.818074017600466,-8.088398860593957,-2.3697756695136136,-6.498416273555991,71.25089233744843,563.1396302820145,52
420.0,13.071571074574493,80.23330578512396,57.98013569405959,28.31813204337921,-3.8775209371274,-0.9591164373875843,-7.578988975129386,73.88264138779444,572.1893362005784,46
421.0,13.071571074574493,80.24228889687387,45.69113977390859,30.50891874700765,-2.3474326783216943,-0.8130567634822541,-21.394044826612983,51.645524252499314,495.72331808816676,111
422.0,13.071571074574493,80.25127200862377,62.69326940619548,35.75125054016064,-1.3979600593556685,-1.3298164556908594,-48.44409372270082,47.272649708608775,480.68646317383474,123
423.0,13.071571074574493,80.26025512037369,111.2352755420414,33.27601450982687,-8.0090712483752,-3.1806961475904747,-82.22282839378121,51.0986942621214,493.84295240523016,114
424.0,13.071571074574493,80.2692382321236,142.48043649937483,25.36456277887377,-15.534312589129334,-4.048092575824523,-110.07254502734091,38.19004908595383,449.45443343301025,159
425.0,13.071571074574493,80.27822134387351,137.10802073336205,13.166667427215708,-13.855067577531747,-5.87389854525205,-87.38392695220458,43.161795085589404,466.55060724661274,140
426.0,13.080614791904065,80.13449155587494,4.292144463164072,0.0,-0.0,-0.0,-0.0,4.292144463164072,332.89086212614694,425
427.0,13.080614791904065,80.14347466762486,0.0,1.4618390981020806,-0.0,-0.0,-0.0,1.4618390981020806,323.15838736371563,487
428.0,13.080614791904065,80.15245777937477,2.6635242855966688,5.060815985603902,-0.0,-0.0,-0.0,7.724340271200571,344.69303707651864,362
429.0,13.080614791904065,80.16144089112467,9.945564346828167,10.237939958201242,-0.0,-0.2291338406611258,-0.0,19.95437046436828,386.7480257954371,251
430.0,13.080614791904065,80.17042400287458,17.673683579922063,10.221708458222732,-0.0,-0.0,-1.4523489205511408,26.443043117593653,409.0604036818459,215
431.0,13.080614791904065,80.1794071146245,26.959832083497286,5.634861276274928,-0.7043480682197687,-0.5845219560018406,-2.0900570218161274,29.215766313734477,418.59487259914494,202
432.0,13.080614791904065,80.18839022637441,42.77548064518889,6.871065445475994,-1.260715888027086,-2.301279193062602,-2.782469658895784,43.30208135067941,467.03300485337223,139
433.0,13.080614791904065,80.19737333812432,49.07211307284524,13.070227141504635,-4.013839228469235,-4.361615032204161,-5.131106038745097,48.635779914931376,485.3738126360903,118
434.0,13.080614791904065,80.20635644987422,44.25221627519041,18.359074139940606,-7.62661202587174,-4.152749365555708,-8.536985267291008,42.29494375641257,463.5697950741394,143
435.0,13.080614791904065,80.21533956162413,44.3019551968663,23.235527521586977,-8.776944771248763,-2.302691436194949,-9.248050780327125,47.20979573068244,480.470329338441,124
436.0,13.080614791904065,80.22432267337405,47.94248927603978,23.149308554552178,-5.192107449040845,-0.6100177789730861,-5.150592768883974,60.13907983369405,524.9298186861946,82
437.0,13.080614791904065,80.23330578512396,38.56786515701661,19.402643432160442,-1.3874651294465705,-0.0,-0.5186174054886864,56.06442605424181,510.9184453680737,93
438.0,13.080614791904065,80.24228889687387,28.201042093747038,17.241378435378937,-0.0,-0.0,-5.038195070113812,40.40422545901217,457.06824639339726,149
439.0,13.080614791904065,80.25127200862377,51.77957332610129,14.951269555917685,-0.7443175839668155,-0.0,-26.43116271701084,39.55536258104132,454.1492904960588,151
440.0,13.080614791904065,80.26025512037369,103.78865842642963,13.031969158915897,-7.0594980496926025,-1.7834423212961008,-65.73605175136059,42.24163546299623,463.3864856592942,144
441.0,13.080614791904065,80.2692382321236,138.7360187186427,13.368179168940063,-15.347064268228035,-42.032844423902134,-97.37047884444979,-2.6461896489971934,309.03224867987444,628
442.0,13.080614791904065,80.27822134387351,165.8441447107126,17.280102069598943,-15.117138592236422,-94.7507057382976,-98.94599252241346,-25.689590072635923,229.79369165627628,642
443.0,13.089658509233635,80.13449155587494,3.211068379825028,0.0,-0.0,-0.0,-0.0,3.211068379825028,329.173402580175,447
444.0,13.089658509233635,80.14347466762486,1.2631594119547944,0.35928969745353634,-0.0,-0.0,-0.0,1.6224491094083309,323.71067154510746,480
445.0,13.089658509233635,80.15245777937477,1.29805220985504,5.558631796085837,-0.0,-0.6131447942143493,-0.0,6.243539211726528,339.60105685508523,385
446.0,13.089658509233635,80.16144089112467,7.281622232627373,13.906624283833589,-0.0,-0.9660309694048351,-0.0,20.222215547056127,387.66905556829465,250
447.0,13.089658509233635,80.17042400287458,19.77737147181194,15.679035254337393,-0.0,-0.5892185083732302,-0.0,34.8671882177761,438.0282248203924,179
448.0,13.089658509233635,80.1794071146245,40.0062721575529,8.736552570596736,-0.0,-0.661281936337538,-0.0,48.0815427918121,483.46797629781145,120
449.0,13.089658509233635,80.18839022637441,58.07941249056853,6.098158957494667,-0.2941525434461675,-2.1807065247263115,-0.0,61.70271237989071,530.3066287228182,75
450.0,13.089658509233635,80.19737333812432,61.406724219415196,9.747048474729972,-1.7307169452064575,-3.322669379728371,-1.9154539392230343,64.18493242998733,538.8421543556988,70
451.0,13.089658509233635,80.20635644987422,51.9169715401518,12.592135943696249,-4.6942443530655815,-2.6199119574639567,-5.357064912574873,51.837886260743645,496.3847867811208,109
452.0,13.089658509233635,80.21533956162413,39.35109979136219,14.771279193350598,-4.672982537582988,-1.01135485296319,-6.066005741492679,42.372035852673925,463.83488904262373,142
453.0,13.089658509233635,80.22432267337405,30.931648702884576,12.09992663085635,-2.4945889002547714,-0.0,-2.9408973787460857,37.59608905474007,447.4120032821724,162
454.0,13.089658509233635,80.23330578512396,22.08425714741938,7.781497816899513,-1.1793520542220033,-0.0,-0.0,28.686402910096888,416.774568673761,207
455.0,13.089658509233635,80.24228889687387,18.879454408212073,5.840190310967012,-0.44478758782503963,-0.0,-1.5004650622446816,22.774392069109364,396.44513814114055,232
456.0,13.089658509233635,80.25127200862377,37.11828443881298,6.575988777234235,-0.0,-0.0,-7.1235356479065,36.570737568140714,443.886162011073,168
457.0,13.089658509233635,80.26025512037369,66.26071251485186,7.33935097430127,-2.138842023940268,-1.818734838554057,-34.781184451813225,34.861302174845584,438.00798468483,180
458.0,13.089658509233635,80.2692382321236,103.6858388406926,10.052947076875789,-7.693882876302352,-77.4933313138439,-70.27548037174591,-41.723908644323785,174.6570259246915,645
459.0,13.089658509233635,80.27822134387351,178.4828953608454,19.933484926378892,-9.980832765414622,-176.89995456385952,-104.05158990324988,-92.51599694529973,0.0,646
460.0,13.098702226563207,80.13449155587494,4.052740800415833,0.0,-0.0,-0.0,-0.0,4.052740800415833,332.0676328963639,430
461.0,13.098702226563207,80.14347466762486,3.1141626801532007,0.0,-0.0,-0.23344232019538919,-0.0,2.8807203599578117,328.03744608379657,456
462.0,13.098702226563207,80.15245777937477,2.1388785681997615,4.099538437516664,-0.0,-0.9500096757642278,-0.0,5.2884073299521965,336.31667734999303,409
463.0,13.098702226563207,80.16144089112467,2.2669524500629437,11.202550639805029,-0.0,-1.4967484935669502,-0.0,11.972754596301023,359.301914871048,306
464.0,13.098702226563207,80.17042400287458,12.534093714834293,12.157344484125176,-0.0,-0.9129394920553693,-0.0,23.7784987069041,399.89792547347594,227
465.0,13.098702226563207,80.1794071146245,29.024502611938324,9.154174908928093,-0.0,-0.21557953084046677,-0.0,37.96309799002595,448.67402442107465,160
466.0,13.098702226563207,80.18839022637441,43.7394644284929,7.224903237395654,-0.0,-0.6948862508546114,-0.0,50.269481415033944,490.9915664005312,115
467.0,13.098702226563207,80.19737333812432,52.21834456097909,7.271800879515393,-2.1033825856025947,-1.310234495413723,-0.0,56.07652835947817,510.96006115332926,92
468.0,13.098702226563207,80.20635644987422,51.26387325760458,4.957920692624036,-4.224603880835226,-0.9901445272892576,-1.6881073744589705,49.31893816764516,487.72296567637994,116
469.0,13.098702226563207,80.21533956162413,40.33284369481372,5.1039833174287885,-4.015668849812833,-0.3326289545772925,-2.0247164389616836,39.06381276889069,452.459014881177,155
470.0,13.098702226563207,80.22432267337405,23.738732092086284,3.933675550732547,-2.541500750158344,-0.0,-0.9405302512625802,24.190376641397908,401.31423611336174,225
471.0,13.098702226563207,80.23330578512396,16.02276987722591,1.504915703045181,-1.741953123384639,-0.0,-0.0,15.785732456886453,372.4134721100471,276
472.0,13.098702226563207,80.24228889687387,20.82957894081856,2.745338631751703,-0.6569935498010534,-0.0,-0.5652702490906638,22.352653773678547,394.9949210135829,236
473.0,13.098702226563207,80.25127200862377,32.89357743035336,5.168923857104914,-0.0,-0.0,-1.0040620889901446,37.05843919846813,445.5632050140474,164
474.0,13.098702226563207,80.26025512037369,35.42855566859288,3.856335991713016,-0.0,-1.1328048815814233,-3.442787676264433,34.709299102460044,437.4852968914681,181
475.0,13.098702226563207,80.2692382321236,64.30643672187499,5.291653545781627,-1.4040411427142152,-55.787386199889156,-24.723105240146758,-12.316442315093518,275.77947985114633,638
476.0,13.098702226563207,80.27822134387351,149.3148208286105,12.75618499574775,-3.834450566294634,-129.2397725015647,-62.91431048702195,-33.91752773052302,201.50056237392073,644
477.0,13.107745943892779,80.13449155587494,6.406886223527216,2.869555591009665,-0.9714884493250733,-0.0,-0.0,8.304953365211807,346.68957156850536,351
478.0,13.107745943892779,80.14347466762486,15.149964888904748,3.0212148092150866,-1.9655095248591632,-0.7806754265903225,-0.0,15.424994746670349,371.1730156194244,279
479.0,13.107745943892779,80.15245777937477,15.448627829903277,2.747429837557636,-1.9879335409681242,-1.3952200456749386,-0.0,14.812904080817848,369.0682402721188,287
480.0,13.107745943892779,80.16144089112467,6.689594043210512,5.231932321511503,-0.666576772075698,-0.8522395074182203,-0.0,10.402710085228097,353.9030562289607,329
481.0,13.107745943892779,80.17042400287458,3.754797044811637,5.007390891677719,-0.0,-0.5198315861891166,-0.0,8.24235635030024,346.47432134308775,352
482.0,13.107745943892779,80.1794071146245,10.44675910629062,4.5504756202000465,-0.0,-0.0,-0.0,14.997234726490667,369.70209179185196,284
483.0,13.107745943892779,80.18839022637441,16.829880652109463,5.645538710202933,-0.0,-0.0,-0.0,22.475419362312394,395.4170708663242,234
484.0,13.107745943892779,80.19737333812432,29.49710292714459,4.733430773781754,-1.7311774685325823,-0.0,-0.0,32.499356232393765,429.8860415337822,189
485.0,13.107745943892779,80.20635644987422,41.88509115517498,1.5756827179014037,-4.020149501686182,-0.0,-0.0,39.4406243713902,453.75474411830737,152
486.0,13.107745943892779,80.21533956162413,36.08031191481441,0.0,-3.6029611502238956,-0.0,-0.0,32.47735076459051,429.8103720803463,190
487.0,13.107745943892779,80.22432267337405,18.665165242883354,0.0,-1.8922851527015712,-0.0,-0.0,16.772880090181783,375.8079430906122,270
488.0,13.107745943892779,80.23330578512396,14.161244789181868,2.8287789211164442,-0.9455500004235142,-0.0,-0.0,16.0444737098748,373.30319685345967,274
489.0,13.107745943892779,80.24228889687387,22.8496923616528,6.323868509319982,-0.3566355224292226,-0.0,-0.0,28.81692534854356,417.2233917420399,205
490.0,13.107745943892779,80.25127200862377,27.238016109330218,7.9302047616738145,-0.0,-0.0,-0.0,35.16822087100403,439.0633755629146,178
491.0,13.107745943892779,80.26025512037369,22.362012408264818,5.680817737756037,-0.0,-0.20729004486784994,-0.0,27.835540101153004,413.84873568183,208
492.0,13.107745943892779,80.2692382321236,30.56542074290869,2.968718451817396,-0.0,-4.926144061304989,-2.428258881227167,26.179736252193933,408.15497932237173,218
493.0,13.107745943892779,80.27822134387351,82.06938505665296,2.8094328227606633,-0.36453751676909074,-31.734081378699187,-17.278988941324922,35.50121004262043,440.20841409795213,176
494.0,13.116789661222349,80.13449155587494,15.241386020167205,6.237905219907058,-3.050304716047748,-0.7779514730829855,-0.0,17.65103505094353,378.8276246764294,262
495.0,13.116789661222349,80.14347466762486,31.009163168468223,7.00258105744878,-5.485257535663715,-2.198527500362551,-0.0,30.32795918989074,422.4193324018806,199
496.0,13.116789661222349,80.15245777937477,35.78862383998612,5.360391191908161,-5.7969598339134105,-2.405811517755436,-0.0,32.946243680225436,431.42273819604276,187
497.0,13.116789661222349,80.16144089112467,21.903188568184476,4.040473426584276,-3.078349286701361,-1.0193928886849535,-0.0,21.845919819382438,393.25243220572037,241
498.0,13.116789661222349,80.17042400287458,4.795374675960487,1.9590053013023119,-0.4666027482179237,-0.0,-0.0,6.287777229044875,339.75317662011327,384
499.0,13.116789661222349,80.1794071146245,1.198119668122686,0.0,-0.0,-0.0,-0.0,1.198119668122686,322.2515443324582,495
500.0,13.116789661222349,80.18839022637441,5.356825488111633,2.7038428512107187,-0.0,-0.0,-0.4814337498403965,7.579234589481954,344.19406710577107,365
501.0,13.116789661222349,80.19737333812432,18.58668324734897,2.5943142107537023,-0.9155165161401208,-0.32264076090582433,-1.2160767147494909,18.726763466307236,382.52669537848,257
502.0,13.116789661222349,80.20635644987422,31.77122306951384,0.5078228142348449,-1.8889120160601438,-0.45887681316765094,-1.1894273068651746,28.741829747655718,416.96516305426906,206
503.0,13.116789661222349,80.21533956162413,26.47976955564871,0.0,-1.511681125913453,-0.252714170751006,-0.45047150910871303,24.26490274987554,401.57050650695754,224
504.0,13.116789661222349,80.22432267337405,10.211007910803687,0.0,-0.2977104263679591,-0.0,-0.0,9.913297484435727,352.2201297700614,334
505.0,13.116789661222349,80.23330578512396,11.827899550077232,2.4310282051743544,-1.2165005003388951,-0.0,-0.0,13.042427254912692,362.9801618483923,301
506.0,13.116789661222349,80.24228889687387,17.76029938523762,5.942731367379212,-0.8214269047992135,-0.0,-0.0,22.88160384781762,396.8138036368831,231
507.0,13.116789661222349,80.25127200862377,19.454625112844845,7.243167598885454,-0.0,-0.0,-0.0,26.697792711730298,409.9364024437747,214
508.0,13.116789661222349,80.26025512037369,15.20880972723545,5.1777662918891725,-0.0,-0.0,-0.7304904569806763,19.656085562143947,385.7223236508033,252
509.0,13.116789661222349,80.2692382321236,14.13456589318329,1.8762231960188205,-0.0,-0.5842478614209679,-0.5774352355972084,14.849105992183933,369.1927265530239,286
510.0,13.116789661222349,80.27822134387351,29.15660925108519,1.010322779371979,-0.0,-1.5236116056691111,-2.3945016652776108,26.24881875951045,408.39253098986427,217
511.0,13.12583337855192,80.13449155587494,22.01019105745045,4.985102185835296,-2.9871052023212514,-0.8051628897355069,-0.0,23.203025151228985,397.9190641371014,230
512.0,13.12583337855192,80.14347466762486,33.96705338519462,6.7665256155874385,-5.917439085467624,-2.2753456143940998,-0.0,32.54079430092034,430.0285332101635,188
513.0,13.12583337855192,80.15245777937477,40.37428323632572,6.993343176750704,-6.437382185742539,-2.489868225673699,-0.0,38.44037600166019,450.31522408109504,157
514.0,13.12583337855192,80.16144089112467,27.256414465290025,6.071491007197862,-3.25307017246268,-1.0550443571251094,-0.0,29.019790942900098,417.92097875919103,204
515.0,13.12583337855192,80.17042400287458,7.962489843359848,2.97094776114343,-0.38327606602419245,-0.0,-0.0,10.550161538479086,354.41009252446577,325
516.0,13.12583337855192,80.1794071146245,0.0,0.6536658251071847,-0.0,-0.0,-0.0,0.6536658251071847,320.3793494266124,514
517.0,13.12583337855192,80.18839022637441,5.5123991298424375,1.9757091475742152,-0.0,-0.247118943428125,-1.0307659074775246,6.210223426511003,339.4864949979785,386
518.0,13.12583337855192,80.19737333812432,16.253456872879635,2.3123695713465984,-0.0,-0.9076233409462335,-2.6035730756637943,15.054630027616204,369.8994550610532,283
519.0,13.12583337855192,80.20635644987422,20.712768777922776,1.0479932496468178,-0.3078861117871852,-1.2908534574048165,-2.546519790291044,17.61550266808655,378.705440680429,263
520.0,13.12583337855192,80.21533956162413,15.283146036664617,0.0,-0.0,-0.7109186334733175,-1.5770499518946102,12.995177451296689,362.8176855562935,302
521.0,13.12583337855192,80.22432267337405,8.124606561114987,0.0,-2.004432343740748,-0.0,-0.5094424599683597,5.610731757405881,337.4250433921284,399
522.0,13.12583337855192,80.23330578512396,8.088742991816169,0.40412171683780074,-4.623084903469885,-0.0,-0.0,3.869779805184085,331.43849114700237,432
523.0,13.12583337855192,80.24228889687387,10.792328080402728,2.10130017386973,-4.6548315019920015,-0.0,-0.0,8.238796752280455,346.4620810744865,353
524.0,13.12583337855192,80.25127200862377,10.242390126464167,2.875277260793501,-2.160647102931638,-0.0,-1.1451214442170108,9.81189884010902,351.8714537017344,337
525.0,13.12583337855192,80.26025512037369,9.495049453391497,1.7319065305182013,-0.7127312307594036,-0.0,-2.3376011207411134,8.176623632409179,346.2482884825216,355
526.0,13.12583337855192,80.2692382321236,8.094244101029368,1.532354740962465,-0.0,-0.0,-1.847833666587659,7.778765175404173,344.8801861428872,361
527.0,13.12583337855192,80.27822134387351,10.413780169552217,1.9620718786034095,-0.0,-0.4285467645582012,-0.5656254651652928,11.381679818432133,357.26940614272115,314
528.0,13.13487709588149,80.13449155587494,15.263238264271639,1.4646089364155417,-0.7363726551590801,-0.0,-0.0,15.9914745455281,373.1209504302286,275
529.0,13.13487709588149,80.14347466762486,17.56087983413445,2.7786150819131725,-2.4018714488700406,-0.8653982401046558,-0.0,17.072225227072927,376.837291028122,267
530.0,13.13487709588149,80.15245777937477,21.08864991923791,4.266806704531463,-3.0707469367715228,-0.9469875927954445,-0.0,21.3377220942024,391.5049099787216,244
531.0,13.13487709588149,80.16144089112467,16.22555668378764,5.139787195183585,-1.0416948394583692,-0.0,-0.0,20.323649039512855,388.01785146770067,248
532.0,13.13487709588149,80.17042400287458,6.467300643081656,2.4150293340898816,-0.0,-0.0,-0.0,8.882329977171537,348.67497687977755,345
533.0,13.13487709588149,80.1794071146245,0.5531081321524297,0.4957501741350929,-0.0,-0.0,-0.0,1.0488583062875225,321.7382843658839,497
534.0,13.13487709588149,80.18839022637441,4.392398616184779,1.4983474505056966,-0.0,-0.2554856672883789,-0.8110299471271099,4.824230452274987,334.72052811356656,414
535.0,13.13487709588149,80.19737333812432,11.83820420378597,1.753655447137218,-0.0,-0.9383081492655183,-2.0484807886275074,10.605070713030162,354.59890683480165,324
536.0,13.13487709588149,80.20635644987422,14.893034958370325,0.7948004079801936,-0.0,-1.3344772615307186,-3.0070845148591596,11.346273589960642,357.14765594951405,315
537.0,13.13487709588149,80.21533956162413,8.330566110772144,0.0,-0.28652152163062733,-0.7349598434711772,-2.9138815380092664,4.395203207661074,333.24524672444727,420
538.0,13.13487709588149,80.22432267337405,4.73830379388941,0.0,-3.2175065794806113,-0.0,-1.792210579396825,-0.27141336498802593,317.1983110899047,618
539.0,13.13487709588149,80.23330578512396,7.680779783087552,0.0,-7.090412216655199,-0.0,-0.5772108881349243,0.013156678297428837,318.1768524157305,525
540.0,13.13487709588149,80.24228889687387,7.082693033157343,0.0,-7.028901598452775,-0.0,-0.0,0.05379143470456871,318.316581770058,524
541.0,13.13487709588149,80.25127200862377,4.873850962966482,0.338380530186538,-4.001390624512803,-0.0,-1.3467041327790221,-0.13586326413880534,317.6644226098293,616
542.0,13.13487709588149,80.26025512037369,4.451669250438601,0.454509285373032,-1.272868971813398,-0.0,-2.7490314816444417,0.8842780823537932,321.17234794940987,504
543.0,13.13487709588149,80.2692382321236,2.9895800617064565,0.45076739895768053,-0.31481384631583714,-0.0,-2.1730810156072202,0.9524525987410799,321.4067773393869,501
544.0,13.13487709588149,80.27822134387351,7.302881906425985,1.4003060894834647,-0.0,-0.3574627159521493,-0.6652131198986806,7.680512160058619,344.54232684191305,363
545.0,13.143920813211063,80.13449155587494,6.205060493145097,0.0,-0.0,-0.0,-0.0,6.205060493145097,339.4687413946734,387
546.0,13.143920813211063,80.14347466762486,3.9394618914293957,0.0,-0.3793733881022552,-0.0,-0.0,3.5600885033271403,330.37356620403557,440
547.0,13.143920813211063,80.15245777937477,4.460029348222903,1.539558297322473,-0.4444804486100516,-0.0,-0.0,5.5551071969353245,337.23376910857087,400
548.0,13.143920813211063,80.16144089112467,3.4350980892705385,1.803576447943801,-0.0,-0.0,-0.0,5.238674537214339,336.1456628876805,411
549.0,13.143920813211063,80.17042400287458,2.008279124777494,0.8212129398834289,-0.0,-0.0,-0.0,2.829492064660923,327.8612890877163,458
550.0,13.143920813211063,80.1794071146245,0.0,0.0,-0.0,-0.0,-0.0,0.0,318.131610993703,569
551.0,13.143920813211063,80.18839022637441,0.5268434243166633,0.4175941969851557,-0.0,-0.0,-0.0,0.9444376213018191,321.37921650916275,502
552.0,13.143920813211063,80.19737333812432,4.644006185508172,0.4887465326006477,-0.0,-0.35648217192567533,-0.592306404477842,4.183964141705302,332.51886613540114,427
553.0,13.143920813211063,80.20635644987422,6.566689162473538,0.0,-0.0,-0.5069882638935246,-1.8767151568459406,4.182985741734073,332.5155017447085,428
554.0,13.143920813211063,80.21533956162413,3.3654685070909784,0.0,-0.0,-0.2792285497730733,-2.7860735876557423,0.3001663696621626,319.1637828764015,521
555.0,13.143920813211063,80.22432267337405,2.6313028694663245,0.0,-1.7895131959276176,-0.0,-2.3170521115625164,-1.4752624380238095,313.0586762414082,625
556.0,13.143920813211063,80.23330578512396,6.827738123935285,0.0,-4.352736409008112,-0.0,-0.7462756907524343,1.728726024174739,324.07612235602033,476
557.0,13.143920813211063,80.24228889687387,6.848603698786752,0.0,-4.522940032253085,-0.0,-0.0,2.325663666533667,326.12879151699485,467
558.0,13.143920813211063,80.25127200862377,3.5337632745892886,0.0,-2.200950635035526,-0.0,-0.5820300060124098,0.7507826335413527,320.71330169153794,508
559.0,13.143920813211063,80.26025512037369,1.3602650502086047,0.0,-0.835399618486302,-0.0,-1.1880686920060723,-0.6632032602837696,315.8510765069472,622
560.0,13.143920813211063,80.2692382321236,1.0454661443860327,0.0,-0.0,-0.0,-0.9391641220175706,0.10630202236846209,318.4971481412729,523
561.0,13.143920813211063,80.27822134387351,2.7319188635473255,0.36726828105573267,-0.0,-0.0,-0.0,3.099187144603058,328.78868038318916,449
562.0,13.152964530540633,80.13449155587494,0.6571687663049305,0.0,-0.0,-0.0,-0.0,0.6571687663049305,320.3913948713274,513
563.0,13.152964530540633,80.14347466762486,0.0,0.0,-0.0,-0.0,-0.0,0.0,318.131610993703,569
564.0,13.152964530540633,80.15245777937477,0.0,0.0,-0.0,-0.0,-0.0,0.0,318.131610993703,569
565.0,13.152964530540633,80.16144089112467,0.0,0.0,-0.0,-0.0,-0.0,0.0,318.131610993703,569
566.0,13.152964530540633,80.17042400287458,0.0,0.0,-0.0,-0.0,-0.0,0.0,318.131610993703,569
567.0,13.152964530540633,80.1794071146245,0.0,0.0,-0.0,-0.0,-0.0,0.0,318.131610993703,569
568.0,13.152964530540633,80.18839022637441,0.0,0.0,-0.0,-0.0,-0.0,0.0,318.131610993703,569
569.0,13.152964530540633,80.19737333812432,1.2523901147153451,0.0,-0.0,-0.0,-0.0,1.2523901147153451,322.43816227069516,493
570.0,13.152964530540633,80.20635644987422,1.9015561767537539,0.0,-0.0,-0.0,-0.6164212225719632,1.2851349541817907,322.55076083608003,492
571.0,13.152964530540633,80.21533956162413,0.6839558694902961,0.0,-0.0,-0.0,-1.3236963360949923,-0.6397404666046962,315.9317572172891,621
572.0,13.152964530540633,80.22432267337405,0.49471736682411405,0.0,-0.3705013984748269,-0.0,-1.1008661488831388,-0.9766501805338517,314.77323724679064,623
573.0,13.152964530540633,80.23330578512396,3.0812992582604553,0.0,-0.8492699048108019,-0.0,-0.0,2.2320293534496534,325.80681439034373,469
574.0,13.152964530540633,80.24228889687387,4.176801034038724,0.0,-0.7539400068221428,-0.0,-0.0,3.422861027216581,329.90168675086966,444
575.0,13.152964530540633,80.25127200862377,1.9740235716498156,0.0,-0.31547662271506893,-0.0,-0.0,1.6585469489347466,323.83479995771825,477
576.0,13.152964530540633,80.26025512037369,0.4815402406541928,0.0,-0.0,-0.0,-0.0,0.4815402406541928,319.7874670356391,518
577.0,13.152964530540633,80.2692382321236,0.0,0.0,-0.0,-0.0,-0.0,0.0,318.131610993703,569
578.0,13.152964530540633,80.27822134387351,1.6315947650773808,0.0,-0.0,-0.0,-0.0,1.6315947650773808,323.7421204000909,479
579.0,13.162008247870205,80.13449155587494,0.0,0.0,-0.0,-0.0,-0.0,0.0,318.131610993703,569
580.0,13.162008247870205,80.14347466762486,0.0,0.0,-0.0,-0.0,-0.0,0.0,318.131610993703,569
581.0,13.162008247870205,80.15245777937477,0.0,0.0,-0.0,-0.0,-0.0,0.0,318.131610993703,569
582.0,13.162008247870205,80.16144089112467,0.0,0.0,-0.0,-0.0,-0.0,0.0,318.131610993703,569
583.0,13.162008247870205,80.17042400287458,0.0,0.0,-0.0,-0.0,-0.0,0.0,318.131610993703,569
584.0,13.162008247870205,80.1794071146245,0.0,0.0,-0.0,-0.0,-0.0,0.0,318.131610993703,569
585.0,13.162008247870205,80.18839022637441,0.0,0.0,-0.0,-0.0,-0.0,0.0,318.131610993703,569
586.0,13.162008247870205,80.19737333812432,0.0,0.0,-0.0,-0.0,-0.0,0.0,318.131610993703,569
587.0,13.162008247870205,80.20635644987422,0.0,0.0,-0.0,-0.0,-0.0,0.0,318.131610993703,569
588.0,13.162008247870205,80.21533956162413,0.0,0.0,-0.0,-0.0,-0.0,0.0,318.131610993703,569
589.0,13.162008247870205,80.22432267337405,0.0,0.0,-0.0,-0.0,-0.0,0.0,318.131610993703,569
590.0,13.162008247870205,80.23330578512396,0.7302162899582602,0.0,-0.0,-0.0,-0.0,0.7302162899582602,320.6425809055943,510
591.0,13.162008247870205,80.24228889687387,1.1874899239730892,0.0,-0.0,-0.0,-0.0,1.1874899239730892,322.21499219291024,496
592.0,13.162008247870205,80.25127200862377,0.7479464349491339,0.0,-0.0,-0.0,-0.0,0.7479464349491339,320.70354895193583,509
593.0,13.162008247870205,80.26025512037369,0.0,0.0,-0.0,-0.0,-0.0,0.0,318.131610993703,569
594.0,13.162008247870205,80.2692382321236,0.0,0.0,-0.0,-0.0,-0.0,0.0,318.131610993703,569
595.0,13.162008247870205,80.27822134387351,1.4626775449905178,0.0,-0.0,-0.0,-0.0,1.4626775449905178,323.1612705025042,486
596.0,13.171051965199776,80.13449155587494,0.0,0.0,-0.0,-0.0,-0.0,0.0,318.131610993703,569
597.0,13.171051965199776,80.14347466762486,0.0,0.0,-0.0,-0.0,-0.0,0.0,318.131610993703,569
598.0,13.171051965199776,80.15245777937477,0.0,0.0,-0.0,-0.0,-0.0,0.0,318.131610993703,569
599.0,13.171051965199776,80.16144089112467,0.0,0.0,-0.0,-0.0,-0.0,0.0,318.131610993703,569
600.0,13.171051965199776,80.17042400287458,0.0,0.0,-0.0,-0.0,-0.0,0.0,318.131610993703,569
601.0,13.171051965199776,80.1794071146245,0.0,0.0,-0.0,-0.0,-0.0,0.0,318.131610993703,569
602.0,13.171051965199776,80.18839022637441,0.0,0.0,-0.0,-0.0,-0.0,0.0,318.131610993703,569
603.0,13.171051965199776,80.19737333812432,0.0,0.0,-0.0,-0.0,-0.0,0.0,318.131610993703,569
604.0,13.171051965199776,80.20635644987422,0.0,0.0,-0.0,-0.0,-0.0,0.0,318.131610993703,569
605.0,13.171051965199776,80.21533956162413,0.0,0.0,-0.0,-0.0,-0.0,0.0,318.131610993703,569
606.0,13.171051965199776,80.22432267337405,0.0,0.0,-0.0,-0.0,-0.0,0.0,318.131610993703,569
607.0,13.171051965199776,80.23330578512396,0.0,0.0,-0.0,-0.0,-0.0,0.0,318.131610993703,569
608.0,13.171051965199776,80.24228889687387,0.0,0.0,-0.0,-0.0,-0.0,0.0,318.131610993703,569
609.0,13.171051965199776,80.25127200862377,0.0,0.0,-0.0,-0.0,-0.0,0.0,318.131610993703,569
610.0,13.171051965199776,80.26025512037369,0.0,0.0,-0.0,-0.0,-0.0,0.0,318.131610993703,569
611.0,13.171051965199776,80.2692382321236,0.0,0.0,-0.0,-0.0,-0.0,0.0,318.131610993703,569
612.0,13.171051965199776,80.27822134387351,2.890726817741984,0.0,-0.0,-0.0,-0.0,2.890726817741984,328.071854949726,455
613.0,13.180095682529346,80.13449155587494,0.0,0.0,-0.0,-0.0,-0.0,0.0,318.131610993703,569
614.0,13.180095682529346,80.14347466762486,0.0,0.0,-0.0,-0.0,-0.0,0.0,318.131610993703,569
615.0,13.180095682529346,80.15245777937477,0.0,0.0,-0.0,-0.0,-0.0,0.0,318.131610993703,569
616.0,13.180095682529346,80.16144089112467,0.0,0.0,-0.0,-0.0,-0.0,0.0,318.131610993703,569
617.0,13.180095682529346,80.17042400287458,0.0,0.0,-0.0,-0.0,-0.0,0.0,318.131610993703,569
618.0,13.180095682529346,80.1794071146245,0.0,0.4416604465061742,-0.45398198173680615,-0.0,-0.0,-0.012321535230631953,318.0892413497251,614
619.0,13.180095682529346,80.18839022637441,0.0,0.0,-0.3052103456475626,-0.0,-0.0,-0.3052103456475626,317.0820945623964,619
620.0,13.180095682529346,80.19737333812432,0.0,0.0,-0.0,-0.0,-0.0,0.0,318.131610993703,569
621.0,13.180095682529346,80.20635644987422,0.0,0.0,-0.0,-0.0,-0.0,0.0,318.131610993703,569
622.0,13.180095682529346,80.21533956162413,0.0,0.0,-0.0,-0.0,-0.0,0.0,318.131610993703,569
623.0,13.180095682529346,80.22432267337405,0.0,0.0,-0.0,-0.0,-0.0,0.0,318.131610993703,569
624.0,13.180095682529346,80.23330578512396,0.0,0.0,-0.0,-0.0,-0.0,0.0,318.131610993703,569
625.0,13.180095682529346,80.24228889687387,0.0,0.0,-0.0,-0.0,-0.0,0.0,318.131610993703,569
626.0,13.180095682529346,80.25127200862377,0.0,0.0,-0.0,-0.0,-0.0,0.0,318.131610993703,569
627.0,13.180095682529346,80.26025512037369,0.0,0.0,-0.0,-0.0,-0.0,0.0,318.131610993703,569
628.0,13.180095682529346,80.2692382321236,0.0,0.0,-0.0,-0.0,-0.0,0.0,318.131610993703,569
629.0,13.180095682529346,80.27822134387351,1.9012216933005894,0.0,-0.0,-0.0,-0.0,1.9012216933005894,324.6692773445667,472
630.0,13.189139399858918,80.13449155587494,0.0,0.0,-0.0,-0.0,-0.0,0.0,318.131610993703,569
631.0,13.189139399858918,80.14347466762486,1.2943689384422874,0.0,-0.0,-0.0,-0.0,1.2943689384422874,322.58251342358574,490
632.0,13.189139399858918,80.15245777937477,3.4643786540957997,0.0,-0.0,-0.0,-0.0,3.4643786540957997,330.04445200185137,443
633.0,13.189139399858918,80.16144089112467,2.9224057814222375,0.0,-0.0,-0.0,-0.0,2.9224057814222375,328.18078832430956,451
634.0,13.189139399858918,80.17042400287458,1.1728421583381352,1.0063906952163886,-0.8867281124779686,-0.0,-0.0,1.2925047410765553,322.5761030715304,491
635.0,13.189139399858918,80.1794071146245,1.6931728409367848,1.7230276404282296,-1.538762110356828,-0.0,-0.0,1.8774383710081863,324.5874944433876,473
636.0,13.189139399858918,80.18839022637441,1.9488104605842356,1.1428940408793722,-1.0345189628745437,-0.0,-0.0,2.0571855385890636,325.20558491295117,471
637.0,13.189139399858918,80.19737333812432,0.8690174931509902,0.0,-0.0,-0.0,-0.0,0.8690174931509902,321.1198718805343,505
638.0,13.189139399858918,80.20635644987422,0.0,0.0,-0.0,-0.0,-0.0,0.0,318.131610993703,569
639.0,13.189139399858918,80.21533956162413,0.0,0.0,-0.0,-0.0,-0.0,0.0,318.131610993703,569
640.0,13.189139399858918,80.22432267337405,0.0,0.0,-0.0,-0.0,-0.0,0.0,318.131610993703,569
641.0,13.189139399858918,80.23330578512396,0.0,0.0,-0.0,-0.0,-0.0,0.0,318.131610993703,569
642.0,13.189139399858918,80.24228889687387,0.0,0.0,-0.0,-0.0,-0.0,0.0,318.131610993703,569
643.0,13.189139399858918,80.25127200862377,0.0,0.0,-0.0,-0.0,-0.0,0.0,318.131610993703,569
644.0,13.189139399858918,80.26025512037369,0.0,0.0,-0.0,-0.0,-0.0,0.0,318.131610993703,569
645.0,13.189139399858918,80.2692382321236,0.0,0.0,-0.0,-0.0,-0.0,0.0,318.131610993703,569
646.0,13.189139399858918,80.27822134387351,0.0,0.0,-0.0,-0.0,-0.0,0.0,318.131610993703,569
