CellID,Lat,Lon,schools,offices,apartments,stationery_shops,RawScore,Score_0_1000,Rank
1.0,12.854521858664786,80.13449155587494,2.4158269052095416,0.7683284716152889,0.6832915733315519,-0.0,3.867446950156382,8.984265163593214,519
2.0,12.854521858664786,80.14347466762486,1.2495629281723404,0.0,1.8378695888557874,-0.0,3.0874325170281276,7.1722541421179935,527
3.0,12.854521858664786,80.15245777937477,0.0,0.0,2.3800914653718745,-0.0,2.3800914653718745,5.529066879027625,543
4.0,12.854521858664786,80.16144089112467,0.0,0.0,3.977183266101755,-0.0,3.977183266101755,9.239187900281095,517
5.0,12.854521858664786,80.17042400287458,0.0,0.0,6.388660538557714,-0.0,6.388660538557714,14.841165517801306,483
6.0,12.854521858664786,80.1794071146245,0.0,0.0,7.361474887202015,-0.0,7.361474887202015,17.10106001042394,472
7.0,12.854521858664786,80.18839022637441,0.0,0.0,5.2039459789196645,-0.0,5.2039459789196645,12.089016649533724,489
8.0,12.854521858664786,80.19737333812432,0.0,0.0,19.00748698879386,-0.0,19.00748698879386,44.15530591672805,397
9.0,12.854521858664786,80.20635644987422,0.0,0.0,39.774054674212856,-0.0,39.774054674212856,92.3970408462702,318
10.0,12.854521858664786,80.21533956162413,0.0,0.9403511401891722,40.327978484078656,-0.867399561767286,40.40093006250054,93.85330250557475,316
11.0,12.854521858664786,80.22432267337405,0.0,2.0017701922037894,31.422545434506546,-1.7200576947018278,31.70425793200851,73.65051511943823,344
12.0,12.854521858664786,80.23330578512396,0.0,1.1396814093812486,31.89160771423054,-1.3180132313279092,31.713275892283875,73.6714642746284,343
13.0,12.854521858664786,80.24228889687387,0.0,0.0,22.24367883345915,-0.0,22.24367883345915,51.67313512743129,385
14.0,12.854521858664786,80.25127200862377,0.0,0.0,6.8161212636065365,-0.0,6.8161212636065365,15.834177329044158,475
15.0,12.854521858664786,80.26025512037369,0.0,0.0,0.0,-0.0,0.0,0.0,631
16.0,12.854521858664786,80.2692382321236,0.0,0.0,0.0,-0.0,0.0,0.0,631
17.0,12.854521858664786,80.27822134387351,0.0,0.0,0.0,-0.0,0.0,0.0,631
18.0,12.863565575994357,80.13449155587494,2.752211058654633,0.0,0.0,-0.0,2.752211058654633,6.393518581069866,536
19.0,12.863565575994357,80.14347466762486,1.423587954758275,0.0,0.6230613418713662,-0.0,2.0466492966296412,4.754464693318864,556
20.0,12.863565575994357,80.15245777937477,0.0,0.0,2.104074669164558,-0.0,2.104074669164558,4.887866594009694,552
21.0,12.863565575994357,80.16144089112467,0.0,0.0,5.017626169707558,-0.0,5.017626169707558,11.656186776812657,494
22.0,12.863565575994357,80.17042400287458,0.0,0.0,8.262155955445428,-0.0,8.262155955445428,19.193385425411215,461
23.0,12.863565575994357,80.1794071146245,0.0,0.0,8.387662858720258,-0.0,8.387662858720258,19.484943994517618,459
24.0,12.863565575994357,80.18839022637441,0.0,0.0,4.750391469867606,-0.0,4.750391469867606,11.035387723789242,497
25.0,12.863565575994357,80.19737333812432,0.0,0.0,24.54829430060096,-0.0,24.54829430060096,57.0268676346304,376
26.0,12.863565575994357,80.20635644987422,0.0,0.35533834369569667,55.86799052352156,-0.0,56.22332886721726,130.60949547156935,270
27.0,12.863565575994357,80.21533956162413,0.0,0.5339687659104513,45.089107365496744,-0.0,45.623076131407196,105.98459883898047,299
28.0,12.863565575994357,80.22432267337405,0.0,0.31010687909738854,18.088005979815936,-0.0,18.398112858913326,42.73970052194448,402
29.0,12.863565575994357,80.23330578512396,0.0,0.0,12.85288498179817,-0.0,12.85288498179817,29.85786961834614,432
30.0,12.863565575994357,80.24228889687387,0.0,0.0,9.300900996004177,-0.0,9.300900996004177,21.606440084472492,454
31.0,12.863565575994357,80.25127200862377,0.0,0.0,3.0110662679966205,-0.0,3.0110662679966205,6.994851674885623,531
32.0,12.863565575994357,80.26025512037369,0.0,0.0,0.674309956827932,-0.0,0.674309956827932,1.5664544420831081,600
33.0,12.863565575994357,80.2692382321236,0.0,0.0,0.0,-0.0,0.0,0.0,631
34.0,12.863565575994357,80.27822134387351,0.0,0.0,0.0,-0.0,0.0,0.0,631
35.0,12.872609293323928,80.13449155587494,1.1523072918886996,0.0,0.0,-0.0,1.1523072918886996,2.676865227550559,585
36.0,12.872609293323928,80.14347466762486,0.5960478622995518,0.0,0.0,-0.0,0.5960478622995518,1.3846478346330084,604
37.0,12.872609293323928,80.15245777937477,0.0,0.0,0.9725418916619057,-0.0,0.9725418916619057,2.259261561956214,593
38.0,12.872609293323928,80.16144089112467,0.0,0.0,2.788124785242365,-0.0,2.788124785242365,6.476947894215048,534
39.0,12.872609293323928,80.17042400287458,0.0,0.0,4.704608970730236,-0.0,4.704608970730236,10.929032777644352,498
40.0,12.872609293323928,80.1794071146245,0.0,0.0,4.974964555377397,-0.0,4.974964555377397,11.55708179608794,495
41.0,12.872609293323928,80.18839022637441,0.0,0.0,4.534099619296713,-0.0,4.534099619296713,10.532931358311599,507
42.0,12.872609293323928,80.19737333812432,0.0,0.28122264528860824,129.47772151748904,-0.0,129.75894416277765,301.4362644739421,112
43.0,12.872609293323928,80.20635644987422,0.0,1.093405283579294,233.10519043520645,-0.0,234.19859571878575,544.0545951880885,23
44.0,12.872609293323928,80.21533956162413,0.0,1.6430417907270825,161.89422625161984,-0.0,163.53726804234694,379.9049344846612,69
45.0,12.872609293323928,80.22432267337405,0.0,0.9542290061417096,24.58595953074187,-0.0,25.54018853688358,59.331085623358724,375
46.0,12.872609293323928,80.23330578512396,0.0,0.0,8.474835820649822,-0.0,8.474835820649822,19.6874509752635,458
47.0,12.872609293323928,80.24228889687387,0.0,0.0,7.523276100406332,-0.0,7.523276100406332,17.4769320060721,468
48.0,12.872609293323928,80.25127200862377,0.0,0.0,5.104466967970954,-0.0,5.104466967970954,11.857922125395758,493
49.0,12.872609293323928,80.26025512037369,0.0,0.0,1.8961344565215197,-0.0,1.8961344565215197,4.404811484880537,561
50.0,12.872609293323928,80.2692382321236,0.0,0.0,0.0,-0.0,0.0,0.0,631
51.0,12.872609293323928,80.27822134387351,0.0,0.0,0.0,-0.0,0.0,0.0,631
52.0,12.8816530106535,80.13449155587494,0.0,0.0,2.121500381523524,-0.0,2.121500381523524,4.928347361429431,551
53.0,12.8816530106535,80.14347466762486,0.0,0.0,0.0,-0.0,0.0,0.0,631
54.0,12.8816530106535,80.15245777937477,0.0,0.0,0.0,-0.0,0.0,0.0,631
55.0,12.8816530106535,80.16144089112467,0.0,0.0,0.3759441765414979,-0.0,0.3759441765414979,0.8733363927903244,614
56.0,12.8816530106535,80.17042400287458,0.0,0.0,1.5961337880359183,-0.0,1.5961337880359183,3.707895511716153,572
57.0,12.8816530106535,80.1794071146245,0.0,0.7626851573818436,2.1430751553152505,-0.0,2.905760312697094,6.750220878934257,532
58.0,12.8816530106535,80.18839022637441,0.0,0.9024832527675882,28.78889438930799,-0.0,29.69137764207558,68.97449745186644,352
59.0,12.8816530106535,80.19737333812432,0.0,0.730809291302881,255.4146762207509,-0.0,256.14548551205377,595.038275109258,20
60.0,12.8816530106535,80.20635644987422,0.0,1.2364900237485006,429.2324331140472,-0.0,430.4689231377957,1000.0,1
61.0,12.8816530106535,80.21533956162413,0.0,1.8580256999107763,294.43591518710696,-0.0,296.29394088701775,688.3050667798667,10
62.0,12.8816530106535,80.22432267337405,0.0,1.0791061868951561,72.29445084475185,-0.0,73.37355703164701,170.4502998655717,220
63.0,12.8816530106535,80.23330578512396,0.0,0.0,11.417992421400765,-0.0,11.417992421400765,26.524545228891697,438
64.0,12.8816530106535,80.24228889687387,0.0,0.0,7.743117590530268,-0.0,7.743117590530268,17.98763435485365,465
65.0,12.8816530106535,80.25127200862377,0.0,0.0,4.576609107371668,-0.0,4.576609107371668,10.631682942433148,504
66.0,12.8816530106535,80.26025512037369,0.0,0.0,1.834765782087201,-0.0,1.834765782087201,4.262249104332861,567
67.0,12.8816530106535,80.2692382321236,0.0,0.0,0.0,-0.0,0.0,0.0,631
68.0,12.8816530106535,80.27822134387351,0.0,0.0,0.0,-0.0,0.0,0.0,631
69.0,12.89069672798307,80.13449155587494,0.9557179345335373,0.0,28.55487497389069,-0.0,29.51059290842423,68.55452582573007,354
70.0,12.89069672798307,80.14347466762486,0.0,0.0,0.4550085350112263,-0.0,0.4550085350112263,1.0570066979389714,609
71.0,12.89069672798307,80.15245777937477,0.0,0.0,0.0,-0.0,0.0,0.0,631
72.0,12.89069672798307,80.16144089112467,0.0,0.0,1.8823387442256168,-0.0,1.8823387442256168,4.372763382092205,562
73.0,12.89069672798307,80.17042400287458,0.0,0.5127356536868818,4.170796857839872,-0.0,4.683532511526754,10.88007114982265,499
74.0,12.89069672798307,80.1794071146245,0.0,1.569621363065365,5.158069943557425,-0.0,6.72769130662279,15.628750288366849,477
75.0,12.89069672798307,80.18839022637441,0.0,1.8573174315942016,26.447917450788736,-0.0,28.305234882382937,65.75442119272861,361
76.0,12.89069672798307,80.19737333812432,0.43932005823238346,0.8495075029680591,213.88331152251874,-0.0,215.17213908371917,499.85522187124593,29
77.0,12.89069672798307,80.20635644987422,1.163192914728094,1.5800063964868991,358.8605532678215,-0.0,361.6037525790365,840.0228986176662,3
78.0,12.89069672798307,80.21533956162413,0.7364017976726693,3.2357735353894563,257.8801191309137,-0.0,261.85229446397585,608.295466616426,17
79.0,12.89069672798307,80.22432267337405,0.0,3.174044238521517,74.84055741862322,-0.0,78.01460165714474,181.23166961386383,204
80.0,12.89069672798307,80.23330578512396,0.0,0.9860401390171414,32.65384212428372,-0.0,33.63988226330086,78.14706348158965,338
81.0,12.89069672798307,80.24228889687387,0.0,0.0,9.591473375022638,-0.0,9.591473375022638,22.281453688010714,451
82.0,12.89069672798307,80.25127200862377,0.0,0.0,4.396276607789772,-0.0,4.396276607789772,10.21276187777787,510
83.0,12.89069672798307,80.26025512037369,0.0,0.0,0.8174538175556565,-0.0,0.8174538175556565,1.8989845111164612,595
84.0,12.89069672798307,80.2692382321236,0.0,0.0,0.0,-0.0,0.0,0.0,631
85.0,12.89069672798307,80.27822134387351,0.0,0.0,0.0,-0.0,0.0,0.0,631
86.0,12.899740445312641,80.13449155587494,0.9970088268085817,0.0,17.309876076894074,-1.1963413147099944,17.110543588992662,39.74861521772496,406
87.0,12.899740445312641,80.14347466762486,0.0,0.0,4.336899928382511,-0.976907010821287,3.3599929175612244,7.805425053844528,521
88.0,12.899740445312641,80.15245777937477,0.0,0.0,3.275557175248988,-0.0,3.275557175248988,7.6092767658409155,522
89.0,12.899740445312641,80.16144089112467,0.0,0.0,6.783624054696525,-0.0,6.783624054696525,15.758684750687674,476
90.0,12.899740445312641,80.17042400287458,0.0,0.3878194658833259,10.569723272103609,-0.0,10.957542737986934,25.45489848167125,442
91.0,12.899740445312641,80.1794071146245,0.5451762301991161,1.1871717166633349,11.360557114539272,-0.0,13.092905061401723,30.415447800422527,429
92.0,12.899740445312641,80.18839022637441,2.4833267094517484,1.4047600599140078,8.613594017492138,-0.0,12.501680786857895,29.042005392003713,433
93.0,12.899740445312641,80.19737333812432,4.387480533234465,0.6425329922724901,62.27538280218708,-0.0,67.30539632769404,156.35367086917253,234
94.0,12.899740445312641,80.20635644987422,3.965082552566874,2.7347666065818954,122.36804595395805,-0.0,129.06789511310683,299.8309243145792,113
95.0,12.899740445312641,80.21533956162413,2.8833593816390026,14.398350591912846,111.27494362868104,-0.0,128.5566536022329,298.64328571073446,117
96.0,12.899740445312641,80.22432267337405,0.8620321836290612,18.344648083053507,75.44788843714245,-0.0,94.65456870382502,219.88711290437456,165
97.0,12.899740445312641,80.23330578512396,0.5950979495811967,10.118995230911013,55.39053432354456,-0.0,66.10462750403677,153.5642271739005,236
98.0,12.899740445312641,80.24228889687387,0.5168836429628593,1.488407437530131,18.624991491437804,-0.0,20.630282571930795,47.92513806002883,390
99.0,12.899740445312641,80.25127200862377,0.0,0.0,4.657269672321852,-0.0,4.657269672321852,10.819061311961494,500
100.0,12.899740445312641,80.26025512037369,0.0,0.0,0.8326173306376126,-0.0,0.8326173306376126,1.934210080877515,594
101.0,12.899740445312641,80.2692382321236,0.0,0.0,0.0,-0.0,0.0,0.0,631
102.0,12.899740445312641,80.27822134387351,0.0,0.0,0.0,-0.0,0.0,0.0,631
103.0,12.908784162642213,80.13449155587494,2.0456875909853283,1.8397200868509618,17.79300081572774,-3.284078692269768,18.394329801294262,42.7309122972534,403
104.0,12.908784162642213,80.14347466762486,1.3948613282391178,1.6398851697979167,14.608811276320194,-2.233684633952241,15.40987314040499,35.79787601873457,414
105.0,12.908784162642213,80.15245777937477,1.1741059551274162,0.7513886893145549,11.95225104938109,-0.7051375928760334,13.172608100947027,30.60060179240952,428
106.0,12.908784162642213,80.16144089112467,0.6960423332284069,0.0,12.828695243911099,-0.0,13.524737577139506,31.41861549157674,427
107.0,12.908784162642213,80.17042400287458,0.0,0.0,14.127036644418528,-0.0,14.127036644418528,32.81778517585665,423
108.0,12.908784162642213,80.1794071146245,2.5532157533295377,0.32998964812648884,16.859965109419683,-0.0,19.74317051087571,45.86433410096785,392
109.0,12.908784162642213,80.18839022637441,7.225801568068787,0.39046876622606075,17.78638882997921,-1.6389404164714356,23.76371874780262,55.2042609129201,378
110.0,12.908784162642213,80.19737333812432,11.467479503954968,0.0,17.634198094911703,-2.4851651054730084,26.616512493393664,61.831437910498266,372
111.0,12.908784162642213,80.20635644987422,8.521179193047598,6.88615532269281,11.91157828698191,-1.4570427359862084,25.86187006673611,60.078367279622576,374
112.0,12.908784162642213,80.21533956162413,3.4555165735706046,23.021000431802715,37.8886509309436,-0.0,64.36516793631692,149.52337898667133,243
113.0,12.908784162642213,80.22432267337405,2.642101001606007,30.21953546828362,64.48158567808701,-0.0,97.34322214797663,226.13298409190037,160
114.0,12.908784162642213,80.23330578512396,5.707285072793499,18.583463063358334,50.55258334001603,-0.0,74.84333147616786,173.86465654852873,215
115.0,12.908784162642213,80.24228889687387,6.663684533432139,4.534051148262572,19.103798945229006,-0.0,30.30153462692372,70.3919214563696,349
116.0,12.908784162642213,80.25127200862377,3.854313798485353,0.4366147979853069,3.4610881650169456,-0.0,7.752016761487605,18.00830755674815,464
117.0,12.908784162642213,80.26025512037369,0.5134813688962876,0.0,0.9325887843775462,-0.0,1.4460701532738338,3.359290474984969,575
118.0,12.908784162642213,80.2692382321236,0.0,0.0,0.0,-0.0,0.0,0.0,631
119.0,12.908784162642213,80.27822134387351,0.0,0.0,0.0,-0.0,0.0,0.0,631
120.0,12.917827879971783,80.13449155587494,6.770012917614032,6.861675869359844,44.994976696102114,-6.1019154530101165,52.524750030065874,122.01751905154926,279
121.0,12.917827879971783,80.14347466762486,6.505268509142194,5.999168742789124,32.401817256068306,-1.8769744151132994,43.02928009288632,99.95908596429013,307
122.0,12.917827879971783,80.15245777937477,4.594958424922482,3.1385890526633045,20.216152007314353,-0.592554595232848,27.357144889667293,63.55196256736542,370
123.0,12.917827879971783,80.16144089112467,2.257240009896649,1.3070938296150025,15.12214262917614,-0.0,18.686476468687793,43.40958304835896,399
124.0,12.917827879971783,80.17042400287458,1.5673056263351197,0.6658550612008842,13.691403709376559,-0.0,15.924564396912562,36.99352854750681,412
125.0,12.917827879971783,80.1794071146245,3.652070343620221,0.0,28.54290217209657,-0.9551336583230428,31.23983885739375,72.57164728565942,345
126.0,12.917827879971783,80.18839022637441,13.08773385410408,0.0,53.01576598838444,-3.745436905502937,62.35806293698558,144.86077759677065,250
127.0,12.917827879971783,80.19737333812432,18.742070673753624,0.0,54.92054761586742,-5.67911440141861,67.98350388820242,157.92894732714652,232
128.0,12.917827879971783,80.20635644987422,13.388021475767783,4.344106897245412,27.557750889907844,-3.329649739439279,41.960229523481765,97.47563010501003,310
129.0,12.917827879971783,80.21533956162413,5.042874713484288,15.692444640391962,22.15179853057804,-0.0,42.88711788445429,99.62883632072523,309
130.0,12.917827879971783,80.22432267337405,5.069801090778032,22.152696311193065,28.663054246447253,-0.0,55.88555164841835,129.82482275620404,272
131.0,12.917827879971783,80.23330578512396,12.761451401209012,14.751547956495196,26.6243299622128,-0.0,54.137329319917015,125.7636182544758,276
132.0,12.917827879971783,80.24228889687387,14.397951765109363,5.044113337835574,11.61820711376921,-0.0,31.060272216714147,72.15450534804708,346
133.0,12.917827879971783,80.25127200862377,8.058337281776751,1.073924373728932,5.661189660243905,-0.0,14.79345131574959,34.365898490224154,418
134.0,12.917827879971783,80.26025512037369,1.2849122256224361,0.0,2.7100846142466573,-0.0,3.9949968398690934,9.280569688396,516
135.0,12.917827879971783,80.2692382321236,0.0,0.0,0.803065661507,-0.0,0.803065661507,1.8655601330132114,596
136.0,12.917827879971783,80.27822134387351,0.0,0.0,0.0,-0.0,0.0,0.0,631
137.0,12.926871597301355,80.13449155587494,8.551376497809112,8.508249506099846,54.03862745382053,-6.463773369899787,64.63448008782971,150.1490040597886,242
138.0,12.926871597301355,80.14347466762486,9.395514418920708,6.961966269774101,34.558171595509705,-2.503101470058802,48.41255081414571,112.46468260996522,289
139.0,12.926871597301355,80.15245777937477,8.741664968370374,4.365207496853935,17.143250585038476,-0.0,30.250123050262786,70.27248989256198,350
140.0,12.926871597301355,80.16144089112467,5.9380883924187495,2.2729673683288407,11.071986560995573,-0.0,19.283042321743164,44.79543420041624,394
141.0,12.926871597301355,80.17042400287458,2.7587176339819983,1.2855948827973414,11.068109915015658,-0.0,15.112422431794997,35.106883724931336,416
142.0,12.926871597301355,80.1794071146245,1.7925857013764672,0.32386055502826194,45.72485272142103,-0.41060277267022594,47.430696205155535,110.18378715801671,294
143.0,12.926871597301355,80.18839022637441,12.371071164502446,0.0,91.00552280110932,-3.1456471506180512,100.23094681499371,232.84130729899212,155
144.0,12.926871597301355,80.19737333812432,19.620987678951302,0.0,96.1171815262436,-4.769514630580391,110.96865457461452,257.7855185590082,138
145.0,12.926871597301355,80.20635644987422,14.221535040378544,0.0,67.20547857983738,-2.796359560466228,78.63065405974969,182.66278895719387,203
146.0,12.926871597301355,80.21533956162413,6.1425111207011405,3.0498619031035203,32.17304309238744,-0.0,41.3654161161921,96.09384996870212,311
147.0,12.926871597301355,80.22432267337405,6.346040060805509,8.410211125310317,13.781108181577377,-0.0,28.537359367693202,66.29365752974049,360
148.0,12.926871597301355,80.23330578512396,13.329964835528749,6.433332659161122,15.804437163722078,-0.0,35.56773465841195,82.62555726241474,330
149.0,12.926871597301355,80.24228889687387,14.917842204918776,4.6659185414445385,14.194946344199126,-0.0,33.77870709056244,78.46956022827617,337
150.0,12.926871597301355,80.25127200862377,8.075838293553101,1.5832865563212273,13.413789389130091,-0.0,23.07291423900442,53.59948883375871,380
151.0,12.926871597301355,80.26025512037369,2.118722809586406,0.0,8.153223506656596,-0.0,10.271946316243003,23.862225039076492,445
152.0,12.926871597301355,80.2692382321236,0.0,0.0,1.0853514227139602,-0.0,1.0853514227139602,2.5213235250585853,588
153.0,12.926871597301355,80.27822134387351,0.0,0.0,0.0,-0.0,0.0,0.0,631
154.0,12.935915314630925,80.13449155587494,14.961083474432678,7.065737232135293,46.13676959951999,-4.2429630932023645,63.92062721288559,148.49068951819368,244
155.0,12.935915314630925,80.14347466762486,18.152338912502415,5.898408315482681,30.663698561965266,-2.788281143160427,51.926164646789935,120.6269764337159,282
156.0,12.935915314630925,80.15245777937477,15.366821172204403,3.4740675496781965,15.427306825986204,-1.3157115605842304,32.952483987284566,76.55020424490964,341
157.0,12.935915314630925,80.16144089112467,7.9592370440197655,1.4000455535884269,7.099964279682657,-0.0,16.459246877290852,38.23562165025824,409
158.0,12.935915314630925,80.17042400287458,3.084363973768895,0.9122107378646624,8.455667843881287,-0.0,12.452242555514843,28.927158004223234,434
159.0,12.935915314630925,80.1794071146245,1.7992413596275898,0.3212228585331938,46.06411983009055,-0.0,48.18458404825133,111.93510485500752,290
160.0,12.935915314630925,80.18839022637441,8.238092428568429,0.796428433303525,82.88130025158706,-0.970923080048943,90.94489803341007,211.26936962252688,175
161.0,12.935915314630925,80.19737333812432,12.995435279010676,2.7595090097150825,101.66864842250918,-1.4720923290070522,115.95150038222788,269.3609088828722,132
162.0,12.935915314630925,80.20635644987422,9.693577109440911,4.752457024149663,95.58676944816249,-0.8630873987265911,109.16971618302647,253.6064982049368,139
163.0,12.935915314630925,80.21533956162413,2.6451387518094656,3.5595781175932366,64.12277876460142,-0.0,70.32749563400412,163.37415282239053,229
164.0,12.935915314630925,80.22432267337405,6.102052481306378,5.2949045442874345,32.91768238686034,-0.0,44.314639412454156,102.94503744761333,302
165.0,12.935915314630925,80.23330578512396,14.636417525103713,8.532843800518176,39.31812582956979,-0.0,62.487387155191676,145.16120397195104,249
166.0,12.935915314630925,80.24228889687387,16.461320306275567,6.30970986859052,53.01743397950717,-0.0,75.78846415437326,176.060245190134,213
167.0,12.935915314630925,80.25127200862377,9.241948318812106,1.5572375470955413,51.752172812087096,-0.0,62.55135867799474,145.30981289437165,247
168.0,12.935915314630925,80.26025512037369,2.7409502233555045,0.29922956475340207,35.089067955003706,-0.0,38.129247743112614,88.57607528362091,323
169.0,12.935915314630925,80.2692382321236,1.0195608739686903,0.0,12.53690676632299,-0.0,13.556467640291679,31.49232595346302,426
170.0,12.935915314630925,80.27822134387351,0.0,0.0,0.0,-0.0,0.0,0.0,631
171.0,12.944959031960497,80.13449155587494,27.840584990409198,8.733204756522445,39.98142434986148,-3.2276881041059604,73.32752599268716,170.3433675494725,222
172.0,12.944959031960497,80.14347466762486,33.63355290048497,9.50631404582868,41.88791321798979,-4.63629615650282,80.39148400780061,186.7532815651522,200
173.0,12.944959031960497,80.15245777937477,20.295214987146824,4.483035714771936,25.87206306660976,-2.575668554968314,48.0746452135602,111.67971165753868,292
174.0,12.944959031960497,80.16144089112467,6.437024050639124,0.7520008532573736,14.662133625236747,-0.0,21.851158529133244,50.761291593025305,386
175.0,12.944959031960497,80.17042400287458,1.8846040844992817,1.198688263996314,23.68776675161049,-0.0,26.771059100106086,62.19045710655519,371
176.0,12.944959031960497,80.1794071146245,3.491917067103926,2.2290936590907826,37.767024606299366,-0.0,43.48803533249407,101.02479643710143,304
177.0,12.944959031960497,80.18839022637441,7.982388354266002,2.9671014875748525,52.320388801211664,-0.0,63.26987864305252,146.97896931063582,246
178.0,12.944959031960497,80.19737333812432,8.02704288547912,6.952476658898663,71.33362522597041,-0.0,86.31314477034819,200.50958415578546,185
179.0,12.944959031960497,80.20635644987422,3.5714298074129696,11.07551330014234,87.80188179096172,-0.0,102.44882489851702,237.9935446947991,149
180.0,12.944959031960497,80.21533956162413,0.0,10.179580133782231,73.83947031606583,-0.0,84.01905044984807,195.18029277795986,190
181.0,12.944959031960497,80.22432267337405,5.544654508802294,8.272041101451519,57.65297501374157,-0.0,71.46967062399538,166.02748022559928,226
182.0,12.944959031960497,80.23330578512396,16.067115234843683,9.412911629845517,97.39460091308067,-0.0,122.87462777776986,285.4436665999161,125
183.0,12.944959031960497,80.24228889687387,21.126150836349908,8.157165165845406,129.84820363431535,-0.0,159.13151963651066,369.670169164736,75
184.0,12.944959031960497,80.25127200862377,13.40212489186886,3.6898967288393907,111.0560691508129,-0.0,128.14809077152114,297.6941746164105,118
185.0,12.944959031960497,80.26025512037369,5.117745996346609,1.0334046277036457,71.33239092776785,-0.0,77.4835415518181,179.9979914624758,206
186.0,12.944959031960497,80.2692382321236,1.9630720309027734,0.0,26.689599737361647,-0.0,28.65267176826442,66.56153377904246,359
187.0,12.944959031960497,80.27822134387351,0.0,0.0,0.36381715778503554,-0.0,0.36381715778503554,0.8451647453039844,615
188.0,12.954002749290067,80.13449155587494,29.634451519086518,9.669293823508479,53.72143146470919,-2.979172454126962,90.04600435317721,209.18119639580334,177
189.0,12.954002749290067,80.14347466762486,29.594762021610407,12.815282287880057,41.40759127993519,-4.243941272329603,79.57369431709606,184.85351680456628,201
190.0,12.954002749290067,80.15245777937477,15.566747254887108,7.5272968395955955,39.434298066544805,-2.3382722808224585,60.19006988020505,139.82442551593405,256
191.0,12.954002749290067,80.16144089112467,3.044324179146235,0.9563436684822516,30.81200891383841,-0.0,34.812676761466896,80.87152147409059,334
192.0,12.954002749290067,80.17042400287458,1.3449121739993908,2.827358868569603,32.11894239047653,-0.0,36.29121343304553,84.30623323168092,328
193.0,12.954002749290067,80.1794071146245,7.850828388380007,4.330908410105348,34.79171262498623,-0.0,46.973449423471585,109.12158090547015,296
194.0,12.954002749290067,80.18839022637441,15.548053668743197,5.137333286929356,36.702010433991205,-0.6755742543549298,56.71182313530883,131.74429113702834,269
195.0,12.954002749290067,80.19737333812432,12.460892274397391,8.34379115161707,41.59466543978283,-0.49674909953367175,61.90259976626362,143.80271475822246,251
196.0,12.954002749290067,80.20635644987422,3.7245006606096087,12.802718905311524,56.839962610414645,-0.0,73.36718217633577,170.43549077026054,221
197.0,12.954002749290067,80.21533956162413,1.6120565311799662,12.310276446755514,49.8410470997884,-0.0,63.76338007772388,148.12539686474148,245
198.0,12.954002749290067,80.22432267337405,3.5594672850975844,7.846790185911083,63.26472198405648,-0.0,74.67097945506515,173.464274518982,217
199.0,12.954002749290067,80.23330578512396,11.803616954401178,9.805994826475729,132.83217857108576,-0.0,154.44179035196268,358.7757026133218,81
200.0,12.954002749290067,80.24228889687387,17.86894884788353,15.756129583364862,170.50153150283643,-0.0,204.12660993408483,474.1959267260338,36
201.0,12.954002749290067,80.25127200862377,14.038725835184172,12.314098579589052,130.80173082696928,-0.0,157.15455524174251,365.07758584801815,77
202.0,12.954002749290067,80.26025512037369,5.3871888956364575,4.44968417054605,68.00111070821683,-0.0,77.83798377439933,180.82137778267196,205
203.0,12.954002749290067,80.2692382321236,1.8755978178395325,0.4326782070942155,25.60604190998618,-0.0,27.914317934919925,64.84630233338444,366
204.0,12.954002749290067,80.27822134387351,0.47036163214655236,0.0,1.401867056257322,-0.0,1.8722286884038746,4.34927723645352,565
205.0,12.96304646661964,80.13449155587494,18.58372308146255,9.089335934190737,56.70356581948976,-1.2848178884524841,83.09180694669057,193.0262615498782,194
206.0,12.96304646661964,80.14347466762486,13.227968014723944,14.063687449315676,46.547447443859326,-1.8159898601732918,72.02311304772566,167.31315357850033,224
207.0,12.96304646661964,80.15245777937477,2.4437158033585216,9.492705069757697,43.980717257318396,-0.9926468227487305,54.924491307685884,127.59223338894598,275
208.0,12.96304646661964,80.16144089112467,0.4927468835957249,3.5656521688284712,32.59564852403127,-0.0,36.65404757645547,85.14911438734055,326
209.0,12.96304646661964,80.17042400287458,3.187670497986118,2.350375809672639,22.064430972743025,-0.0,27.602477280401782,64.12188150354832,369
210.0,12.96304646661964,80.1794071146245,13.816888270530855,5.965315872162469,28.59668879566768,-2.1652687646140683,46.213624173746936,107.35647032748443,298
211.0,12.96304646661964,80.18839022637441,24.895001625034833,8.336684593979948,42.65044630775951,-3.7592752980354183,72.12285722873887,167.54486410544416,223
212.0,12.96304646661964,80.19737333812432,21.825674657083916,8.52394182044233,40.74927742795664,-2.5527174074771684,68.54617649800572,159.2360628459669,231
213.0,12.96304646661964,80.20635644987422,11.178250208647102,14.219645809746629,40.80515439234518,-0.47779727612386136,65.72525313461504,152.68292227816875,239
214.0,12.96304646661964,80.21533956162413,7.61646071058872,18.89867070174006,55.88478254705889,-0.0,82.39991395938767,191.41896088283002,196
215.0,12.96304646661964,80.22432267337405,7.009811866366212,14.426365594081291,71.3665104874102,-0.0,92.80268794785769,215.58510489304473,170
216.0,12.96304646661964,80.23330578512396,7.531912390880541,15.99078194174989,113.93643511615076,-0.0,137.4591294487812,319.32416502173305,99
217.0,12.96304646661964,80.24228889687387,11.711224614911814,23.74815336697084,144.61943753880584,-0.0,180.0788155206885,418.3317443871417,55
218.0,12.96304646661964,80.25127200862377,8.888760142720649,22.65734908102439,118.17484036436997,-0.0,149.72094958811502,347.80896260004454,85
219.0,12.96304646661964,80.26025512037369,3.781995713025628,9.908038031461654,80.4290967882119,-0.0,94.11913053269917,218.64326429569243,169
220.0,12.96304646661964,80.2692382321236,0.8704792144438774,1.5389344632052908,40.52313292024071,-0.0,42.93254659788988,99.7343694056793,308
221.0,12.96304646661964,80.27822134387351,0.0,0.0,4.423196967727064,-0.0,4.423196967727064,10.27529916790572,509
222.0,12.972090183949211,80.13449155587494,10.010581280116112,7.289977469122419,47.413298312008116,-0.0,64.71385706124664,150.3334005844862,240
223.0,12.972090183949211,80.14347466762486,4.459672921753654,11.545566621449074,49.113671104829486,-0.4075535963054011,64.71135705172681,150.3275929422025,241
224.0,12.972090183949211,80.15245777937477,0.8173961205369249,9.083242953129172,37.98401308443788,-0.0,47.88465215810398,111.2383486572289,293
225.0,12.972090183949211,80.16144089112467,0.0,3.147133735165701,19.708004290452983,-0.0,22.855138025618686,53.09358422211263,383
226.0,12.972090183949211,80.17042400287458,2.3305938192850166,1.6764005754482494,11.073195011517367,-0.485981374893001,14.594208031357631,33.90304676346157,420
227.0,12.972090183949211,80.1794071146245,14.346499901519065,7.9754684478908935,37.43202079356628,-4.35370139997716,55.400287742999076,128.69753137850813,274
228.0,12.972090183949211,80.18839022637441,26.910916124607432,11.654268145597904,64.86228777281903,-7.311599989115053,96.11587205390931,223.28179082777143,162
229.0,12.972090183949211,80.19737333812432,25.240745742920254,11.07664674635186,60.38260755831708,-4.795008558216898,91.9049914893723,213.49971286998797,172
230.0,12.972090183949211,80.20635644987422,17.475994045214605,16.34193257388976,68.37460622001333,-1.1719628742047385,101.02056996491297,234.67563983143953,153
231.0,12.972090183949211,80.21533956162413,17.556195493306063,26.47129071319136,100.60703550116871,-2.056467666396251,142.57805404126987,331.21567290382484,92
232.0,12.972090183949211,80.22432267337405,16.73455212184072,25.103978972201322,99.29848463702827,-3.800273491744158,137.33674223932616,319.0398536513258,100
233.0,12.972090183949211,80.23330578512396,10.390951220296333,20.72792555170399,86.91448505973482,-3.263670802916258,114.76969102881888,266.6155089483206,133
234.0,12.972090183949211,80.24228889687387,7.744309896250963,31.38093049473313,101.2953060914057,-1.2264235470340121,139.19412293535578,323.35463828778853,96
235.0,12.972090183949211,80.25127200862377,5.709259900331577,36.91765054233042,157.61185125174262,-0.5969483562997728,199.64181333810484,463.7775286607584,43
236.0,12.972090183949211,80.26025512037369,1.524419492164573,21.18233176426331,178.28783442948787,-1.0883821697126967,199.90620351620305,464.3917197530468,42
237.0,12.972090183949211,80.2692382321236,0.0,6.281394421297335,123.3790766106951,-0.7675404727080892,128.89293055928434,299.42447324594656,115
238.0,12.972090183949211,80.27822134387351,0.0,0.0,34.35479460438778,-0.0,34.35479460438778,79.80783921396018,336
239.0,12.981133901278781,80.13449155587494,5.332287695653967,2.995068150959691,26.501274195941956,-0.0,34.828630042555616,80.90858171289351,333
240.0,12.981133901278781,80.14347466762486,2.184392052705207,5.230548322425436,36.198980789831545,-0.0,43.613921164962186,101.317235276938,303
241.0,12.981133901278781,80.15245777937477,0.776196199749251,3.927559499703702,23.974774744221246,-0.0,28.678530443674198,66.62160472498041,358
242.0,12.981133901278781,80.16144089112467,0.0,1.2368187303188702,8.01329746819915,-0.0,9.25011619851802,21.488464558815554,455
243.0,12.981133901278781,80.17042400287458,0.6704972389932283,1.6742794156999947,12.02831621746916,-0.43015521631069,13.942937655851694,32.39011437624378,424
244.0,12.981133901278781,80.1794071146245,8.856458782035432,8.411609812022675,46.215758720940386,-3.9073658196125503,59.57646149538594,138.39898374339828,258
245.0,12.981133901278781,80.18839022637441,18.095044335898876,12.0466841948841,76.88283028147235,-6.416663849574479,100.60789496268085,233.71697596501213,154
246.0,12.981133901278781,80.19737333812432,19.615939579815,8.507374330877997,65.38389606061455,-4.100396490201901,89.40681348110564,207.69632527569473,180
247.0,12.981133901278781,80.20635644987422,18.887656170780268,11.606384201260937,73.74905260870318,-1.4867979527244641,102.75629502801993,238.70781258494478,148
248.0,12.981133901278781,80.21533956162413,21.369894152598555,24.35271034164118,118.6157976161731,-4.146074307104497,160.19232780330833,372.13447752656884,72
249.0,12.981133901278781,80.22432267337405,21.09567743734311,27.957225611762226,111.73967309579845,-8.087593433909454,152.70498271099433,354.7410149794078,83
250.0,12.981133901278781,80.23330578512396,13.717811087181211,26.924142500633852,65.54204430608154,-8.160794729476295,98.02320316442031,227.71261267806432,157
251.0,12.981133901278781,80.24228889687387,8.112101090788078,41.67523686493278,91.33740462599866,-3.809733941196052,137.31500864052347,318.98936545662815,101
252.0,12.981133901278781,80.25127200862377,4.260573140076733,53.48190786656248,221.07629722870212,-1.495531575379566,277.32324665996174,644.2352322171905,14
253.0,12.981133901278781,80.26025512037369,1.5292759649477243,38.420993629539744,319.08525293622324,-3.28037084317589,355.7551516875348,826.4363176192755,4
254.0,12.981133901278781,80.2692382321236,0.0,15.419035204046883,248.01362568722834,-2.687592378688358,260.7450685125869,605.7233275098022,19
255.0,12.981133901278781,80.27822134387351,0.0,3.5005261454754795,79.29777358432187,-0.933039774152142,81.86525995564521,190.17693393267243,198
256.0,12.990177618608353,80.13449155587494,0.8297542467840296,0.0,12.154357520243199,-0.0,12.984111767027228,30.162715748172456,431
257.0,12.990177618608353,80.14347466762486,0.7622827157761562,0.0,19.450009482211634,-0.0,20.21229219798779,46.95412632962058,391
258.0,12.990177618608353,80.15245777937477,0.0,0.0,9.828943522564922,-0.0,9.828943522564922,22.833108255339997,448
259.0,12.990177618608353,80.16144089112467,0.0,0.0,5.123168717492733,-0.0,5.123168717492733,11.901367188480586,492
260.0,12.990177618608353,80.17042400287458,0.7143507858853291,0.7572197048859858,6.1583593907827066,-0.0,7.6299298815540215,17.724693866255326,467
261.0,12.990177618608353,80.1794071146245,4.88980525969042,4.635225269772324,34.971210735420456,-1.2915678721766237,43.204673392706574,100.36653303048429,306
262.0,12.990177618608353,80.18839022637441,9.076742078749625,6.43373535349369,63.35263446565867,-2.6892291232653323,76.17388277463665,176.9555911711028,210
263.0,12.990177618608353,80.19737333812432,11.02448309442676,4.835896268350258,59.9903833569978,-1.3303130945068682,74.52044962526796,173.11458648877544,218
264.0,12.990177618608353,80.20635644987422,12.715112444697846,4.485283819118201,68.70897905076141,-0.6750820523211494,85.23429326225632,198.00336024482843,189
265.0,12.990177618608353,80.21533956162413,14.778179390339469,14.724804416245357,102.23705241277558,-2.838810532484942,128.90122568687548,299.4437432260666,114
266.0,12.990177618608353,80.22432267337405,14.057506180508057,21.411972044218317,84.88896636729079,-6.71903885444865,113.63940573756851,263.9898018867946,135
267.0,12.990177618608353,80.23330578512396,12.332237044952441,25.404700580972374,39.27347649896973,-7.837945796704609,69.17246832818992,160.69096887174686,230
268.0,12.990177618608353,80.24228889687387,9.798887551480565,41.044834570051414,98.58371931533586,-4.207378511448644,145.2200629254192,337.3531865363795,88
269.0,12.990177618608353,80.25127200862377,6.783620471903943,50.55818702398701,252.02589974506313,-2.4865661503090175,306.88114109064503,712.8996417527927,8
270.0,12.990177618608353,80.26025512037369,5.159451296151064,37.92626802671533,366.22604693216437,-4.252807901023681,405.0589583540071,940.9714304146069,2
271.0,12.990177618608353,80.2692382321236,2.2724666803443165,14.970411703268397,294.51306125890784,-4.1767038817141175,307.57923576080645,714.5213492272205,7
272.0,12.990177618608353,80.27822134387351,1.1112992242701496,4.12544017813161,109.5758044944208,-1.768455478986052,113.04408841783649,262.60685113766135,136
273.0,12.999221335937923,80.13449155587494,0.0,0.0,10.88421647305179,-0.9991247563165371,9.885091716735253,22.963543209299168,447
274.0,12.999221335937923,80.14347466762486,0.0,0.0,15.562593152146091,-0.41340923497367066,15.14918391717242,35.192282422494586,415
275.0,12.999221335937923,80.15245777937477,0.0,0.5051085198406402,32.742125601931555,-0.0,33.247234121772195,77.23492297521685,339
276.0,12.999221335937923,80.16144089112467,0.0,0.45908428980854693,28.78115756660931,-0.0,29.240241856417857,67.9264873368289,356
277.0,12.999221335937923,80.17042400287458,0.7428466557252108,0.0,15.632110955940133,-0.44550198123747076,15.929455630427874,37.004891118072095,411
278.0,12.999221335937923,80.1794071146245,2.72275522111482,1.3375902779884603,37.05692396365519,-0.4542785257011489,40.662990937057316,94.46208251377266,313
279.0,12.999221335937923,80.18839022637441,3.743812763756098,3.4756990810187123,83.1133572631085,-0.5512419610576625,89.78162714682566,208.56703543750595,178
280.0,12.999221335937923,80.19737333812432,5.223937286003966,15.543804247563667,95.84665076477023,-0.0,116.61439229833786,270.90083866753116,131
281.0,12.999221335937923,80.20635644987422,6.045845548940485,24.360405301302936,90.26684288234362,-0.0,120.67309373258705,280.32939719079064,129
282.0,12.999221335937923,80.21533956162413,4.68814774685106,21.507465024290084,100.1655573856865,-0.4193487657827789,125.94182139104485,292.5689047957827,122
283.0,12.999221335937923,80.22432267337405,4.7235528686582455,17.622897441769588,82.13599124657259,-2.5717855604753592,101.91065599652505,236.74335246705567,152
284.0,12.999221335937923,80.23330578512396,6.767237714712008,23.223118374379435,50.10216768272364,-4.081097783926946,76.01142598788813,176.5781962465997,211
285.0,12.999221335937923,80.24228889687387,9.182090319814998,30.361942222336044,99.81459746854236,-3.153326986249002,136.2053030244444,316.41146596973795,103
286.0,12.999221335937923,80.25127200862377,9.572969062683498,28.395973667785366,207.0079761813518,-1.5322286664141835,243.44469024540652,565.533717209775,21
287.0,12.999221335937923,80.26025512037369,9.801451267787805,16.148976620438887,271.66638313391906,-2.8644214858927546,294.75238953625296,684.7239688935709,11
288.0,12.999221335937923,80.2692382321236,7.270380659370579,7.962085246024349,210.7657913874869,-3.381769778448482,222.61648751443335,517.14880110677,25
289.0,12.999221335937923,80.27822134387351,2.659975049260402,2.2248865415815886,90.81583707396241,-1.4866329345230376,94.21406573028136,218.86380332297037,168
290.0,13.008265053267495,80.13449155587494,0.0,0.0,17.067755936595653,-2.5143794296034265,14.553376506992226,33.808193169692764,421
291.0,13.008265053267495,80.14347466762486,0.0,0.6543808817964346,49.348004242118336,-1.0404115204149027,48.96197360349987,113.74101815899692,288
292.0,13.008265053267495,80.15245777937477,0.0,1.537295054030406,80.16583067797895,-0.0,81.70312573200935,189.80028833778482,199
293.0,13.008265053267495,80.16144089112467,1.9288614095655907,1.996110051730061,80.26647992939154,-0.6762330816396035,83.51521830904758,194.00986649694536,192
294.0,13.008265053267495,80.17042400287458,5.543152172527236,2.7003304581975884,51.69438585397703,-1.78230480161369,58.15556368308816,135.09816982647135,264
295.0,13.008265053267495,80.1794071146245,5.6517418029941595,3.9489645648974285,66.95114177910536,-1.8174155434586337,74.73443260353831,173.61167923291728,216
296.0,13.008265053267495,80.18839022637441,3.4252388421500415,10.499276146761668,121.564864449754,-0.7169901603099116,134.7723892783558,313.0827384610395,104
297.0,13.008265053267495,80.19737333812432,3.5008430030116813,38.33231336425602,129.1931017061351,-0.0,171.0262580734028,397.30221830358767,64
298.0,13.008265053267495,80.20635644987422,3.506997563769796,59.5457256244565,118.73125574407112,-0.0,181.78397893229743,422.2929209551958,52
299.0,13.008265053267495,80.21533956162413,2.6104880002885658,55.5203365109096,161.7308023327097,-0.0,219.86162684390786,510.74912734996394,27
300.0,13.008265053267495,80.22432267337405,2.028801004025741,40.22268507497771,170.7718339471818,-1.0307245957104245,211.9925954304748,492.4689891321486,31
301.0,13.008265053267495,80.23330578512396,3.819592482167268,31.931385405749,123.89670963114182,-3.062204620911793,156.5854828981463,363.7556034399778,78
302.0,13.008265053267495,80.24228889687387,5.547777219200407,23.323409363433353,125.02919813354004,-2.604029307577805,151.29635540859599,351.4687060467896,84
303.0,13.008265053267495,80.25127200862377,8.03755299607026,13.16331846697855,156.74564270911387,-0.9960057003935181,176.95050847176915,411.06453674270523,57
304.0,13.008265053267495,80.26025512037369,8.699046773529364,5.052014486202118,158.24248932518844,-0.8563807674066627,171.13716981751324,397.5598716164028,63
305.0,13.008265053267495,80.2692382321236,7.399752903327855,3.909889585432234,127.64926308582714,-1.1826491199760754,137.77625645461114,320.06086629976807,98
306.0,13.008265053267495,80.27822134387351,2.9255212241605317,1.630403212616293,71.79487451173074,-0.6318269549197448,75.71897199358781,175.89881156031726,214
307.0,13.017308770597067,80.13449155587494,1.4417330159872817,0.0,20.12079736923811,-2.3254294954102583,19.237100889815135,44.68871004575915,395
308.0,13.017308770597067,80.14347466762486,0.7318700623545678,0.7319440881085654,51.69415320043125,-0.9622577200601371,52.19570963083425,121.25314238799555,280
309.0,13.017308770597067,80.15245777937477,0.9902531510201011,1.7194560910337748,86.44264133289701,-0.0,89.15235057495089,207.1051957133098,181
310.0,13.017308770597067,80.16144089112467,5.682089669680018,4.704800670111006,95.16026288261521,-0.9942724679811223,104.55288075442512,242.88136758470975,143
311.0,13.017308770597067,80.17042400287458,10.864587186526856,9.375746288076853,73.53198988735964,-2.620449058639287,91.15187430332406,211.75018544636217,174
312.0,13.017308770597067,80.1794071146245,10.745623415488007,10.246189671533369,79.74037311327213,-2.672069041155078,98.06011715913843,227.79836566215675,156
313.0,13.017308770597067,80.18839022637441,6.662620197585034,14.942753663508375,111.40879530825916,-1.0541957843204905,131.95997338503207,306.5493611551394,106
314.0,13.017308770597067,80.19737333812432,6.051293195821028,42.8429077464587,107.52795752207426,-0.5964385917879068,155.82571987256605,361.9906374116705,79
315.0,13.017308770597067,80.20635644987422,9.519690212467713,69.16543596779606,131.92671158872292,-2.046706280709369,208.5651314882773,484.5068256449127,34
316.0,13.017308770597067,80.21533956162413,9.557686481999042,68.8088876639829,229.82845312019262,-1.6883152481088324,306.50671201806574,712.0298250193339,9
317.0,13.017308770597067,80.22432267337405,5.648005393479392,57.8210487190033,279.6068947554458,-0.7517443024614434,342.3242045654671,795.2355818631002,5
318.0,13.017308770597067,80.23330578512396,4.416218556702145,39.6587926207223,223.58608872872904,-1.9209624593747052,265.74013744677876,617.3271127442428,16
319.0,13.017308770597067,80.24228889687387,4.238428771474055,19.052219632998998,166.73522033333006,-1.8991478912739193,188.1267208465292,437.02741530149603,48
320.0,13.017308770597067,80.25127200862377,3.735723739907566,9.17169758221151,144.69094013036522,-2.246837540079214,155.35152391240507,360.8890574028177,80
321.0,13.017308770597067,80.26025512037369,3.6920300330388383,3.92836950218055,129.01350996711489,-3.016169742081458,133.61773976025282,310.4004321294083,105
322.0,13.017308770597067,80.2692382321236,3.9384134377169624,3.519160106857574,120.46265385382915,-1.884014851698969,126.03621254670472,292.78817998752436,121
323.0,13.017308770597067,80.27822134387351,2.268037820660499,2.227433586505222,91.27559961309416,-0.0,95.77107102025988,222.48080145289137,164
324.0,13.026352487926637,80.13449155587494,4.553683576433249,0.28083705248679564,23.943080754495483,-0.7903799190813126,27.987221464334215,65.01566073650184,365
325.0,13.026352487926637,80.14347466762486,2.9890646179481646,1.2869763862061672,34.53387635144745,-0.0,38.809917355601776,90.1573035114976,322
326.0,13.026352487926637,80.15245777937477,5.0340631113658985,1.9947423118004768,59.159719130320866,-0.0,66.18852455348724,153.7591240524926,235
327.0,13.026352487926637,80.16144089112467,10.337605726396518,5.667254187944284,73.30866796976417,-0.537248140848211,88.77627974325677,206.23156509451192,182
328.0,13.026352487926637,80.17042400287458,12.851562549945967,10.665196041344613,64.11915679187557,-1.4158914707286328,86.22002391243751,200.29325992677516,187
329.0,13.026352487926637,80.1794071146245,10.557531426464774,11.914102851645161,57.76064818952922,-1.4437819638242015,78.78850050381494,183.02947383403625,202
330.0,13.026352487926637,80.18839022637441,7.148023431320057,9.687391550024154,59.54371396868403,-0.5696260747533423,75.8095028752749,176.10911915006656,212
331.0,13.026352487926637,80.19737333812432,10.314892661201046,21.37895676177031,57.02279364475746,-2.4178757344012007,86.29876733332762,200.4761846784997,186
332.0,13.026352487926637,80.20635644987422,15.559451055171813,37.29544667127654,97.13210341254322,-5.172500976863935,144.81450016212762,336.4110447428783,89
333.0,13.026352487926637,80.21533956162413,14.789123954063708,45.160100131829346,205.17990832197842,-4.294547619045307,260.83458478882613,605.9312781223266,18
334.0,13.026352487926637,80.22432267337405,11.479919103925358,41.13094983973704,258.2277069812792,-1.3838558202726272,309.454720104669,718.8781895077956,6
335.0,13.026352487926637,80.23330578512396,10.754532591635156,29.169561535729446,233.97185441455696,-0.5148632615581896,273.3810852803634,635.0774018426702,15
336.0,13.026352487926637,80.24228889687387,9.404034069724814,11.503873056312443,184.86088777766355,-1.891258522747179,203.87753638095364,473.61731688977517,37
337.0,13.026352487926637,80.25127200862377,5.004828703419321,7.924432527804849,172.48511155127824,-5.059952020934457,180.35442076156795,418.9719886093506,54
338.0,13.026352487926637,80.26025512037369,2.223016999754273,9.355762047972961,157.57303128538223,-7.225702934406366,161.9261073987031,376.16213086506497,70
339.0,13.026352487926637,80.2692382321236,2.4618067985181176,8.639647290897667,168.93317381089958,-5.227148453668941,174.80747944664643,406.08617730736745,59
340.0,13.026352487926637,80.27822134387351,2.983674696539539,4.882669967899061,153.7563721146454,-1.449061829224103,160.1736549498599,372.0910995904514,73
341.0,13.035396205256209,80.13449155587494,7.588967973119265,1.4144839578329196,43.761274584632226,-0.0,52.764726515584414,122.5749959624707,278
342.0,13.035396205256209,80.14347466762486,8.081897233244247,4.291870018108489,45.61034826020092,-0.0,57.984115511553654,134.69988748291732,265
343.0,13.035396205256209,80.15245777937477,9.466941911213366,4.918255472347801,51.36709590847733,-0.0,65.7522932920385,152.74573786361532,238
344.0,13.035396205256209,80.16144089112467,11.856914066159442,3.3023056881253194,61.830052670302884,-0.0,76.98927242458764,178.8497805216543,208
345.0,13.035396205256209,80.17042400287458,11.77508876845773,5.679314044963453,54.48317086938875,-0.4758699423120677,71.46170374049785,166.0089727722866,227
346.0,13.035396205256209,80.1794071146245,10.17410004235272,5.482533954392766,44.92364919956184,-1.4647439489549636,59.11553924735236,137.32823920585116,260
347.0,13.035396205256209,80.18839022637441,11.171121546902562,4.224797044229025,37.61612487899964,-1.7446698505315499,51.26737361959968,119.09657321113674,283
348.0,13.035396205256209,80.19737333812432,13.948485360066524,9.146597121995331,40.78690479767388,-3.674140654786998,60.207846624948736,139.8657217484567,255
349.0,13.035396205256209,80.20635644987422,13.6927047756198,13.963142235232088,64.38207328494583,-5.637904777722451,86.40001551807526,200.71138907841228,184
350.0,13.035396205256209,80.21533956162413,11.30744901763645,17.4232405477139,119.88975050114307,-4.071788774554413,144.548651291939,335.79346503874825,90
351.0,13.035396205256209,80.22432267337405,10.48689757175665,22.02866545642194,165.26046897467268,-1.8737761705728002,195.90225583227846,455.09035682366545,44
352.0,13.035396205256209,80.23330578512396,13.958371217294866,19.082549940078806,162.45654844191148,-1.3113939475833378,194.18607565170183,451.10358777175117,45
353.0,13.035396205256209,80.24228889687387,15.241973443107424,13.89363269002586,188.40079464165268,-3.0070216185342034,214.52937915625176,498.36205966389736,30
354.0,13.035396205256209,80.25127200862377,11.268263984839797,15.49610347214713,213.9850313241434,-7.012172861796909,233.7372259193334,542.9828109670827,24
355.0,13.035396205256209,80.26025512037369,5.799279549729628,18.024717596173108,185.5521404293003,-9.03220526269361,200.3439323125094,465.4085847873811,41
356.0,13.035396205256209,80.2692382321236,3.5097005149819696,14.278191127823186,190.11789638141693,-6.1277969704420014,201.77799105378008,468.7399721749245,40
357.0,13.035396205256209,80.27822134387351,2.360117875924652,7.052202383031283,194.34308902348377,-1.0521429002861498,202.70326638215354,470.8894312383777,39
358.0,13.044439922585779,80.13449155587494,8.142745172063712,2.750377031910735,46.50159974631077,-0.0,57.394721950285216,133.33069790943497,267
359.0,13.044439922585779,80.14347466762486,9.297905841701333,6.142346944257822,47.088207404742676,-0.0,62.52846019070183,145.25661860771794,248
360.0,13.044439922585779,80.15245777937477,10.049876524463986,6.268760299153863,43.43036655165875,-0.0,59.7490033752766,138.79980682403544,257
361.0,13.044439922585779,80.16144089112467,7.781785556061989,3.101895865238239,41.13404251289858,-0.0,52.01772393419881,120.83967305938977,281
362.0,13.044439922585779,80.17042400287458,9.113904930125539,0.6619890740533192,34.370058789609416,-0.7804595232629614,43.36549327052531,100.74012533686144,305
363.0,13.044439922585779,80.1794071146245,11.413219627888058,0.31595680861554,31.25390767651147,-2.402182976483884,40.58090113653118,94.27138396130165,315
364.0,13.044439922585779,80.18839022637441,18.077621937485272,1.4000453892074383,42.884517844100394,-3.4405428732254393,58.921642297567665,136.877807271366,261
365.0,13.044439922585779,80.19737333812432,20.668379121765817,5.736938994271551,54.243993000806306,-3.645660499792279,77.00365061705139,178.8831817538709,207
366.0,13.044439922585779,80.20635644987422,17.020773690571705,7.910668034325446,61.58301545387332,-4.090542759715663,82.42391441905481,191.4747151042781,195
367.0,13.044439922585779,80.21533956162413,8.027180833168623,10.185774435037661,76.65808699075002,-3.5253634527665,91.34567880618981,212.20040262221093,173
368.0,13.044439922585779,80.22432267337405,5.991855671446601,16.92993039061905,110.95497162445542,-2.049194284346133,131.82756340217495,306.2417664003498,107
369.0,13.044439922585779,80.23330578512396,15.086816501900785,22.063178764273168,140.52520842961292,-5.0649414029925985,172.6102622927943,400.9819362443052,60
370.0,13.044439922585779,80.24228889687387,22.5186441970707,21.75466183001886,170.64201439657114,-8.76006594260674,206.155254481054,478.90856552044863,35
371.0,13.044439922585779,80.25127200862377,21.526650511556195,26.524913996251282,196.63844099133877,-9.65084890726459,235.03915659188166,546.0072584999225,22
372.0,13.044439922585779,80.26025512037369,16.109610743039628,27.765255579900845,169.90008589236612,-10.064850231184971,203.71010198412162,473.22835873778695,38
373.0,13.044439922585779,80.2692382321236,8.875140815555337,16.707623024164583,169.36151975104872,-5.128690379836508,189.81559321093212,440.9507469838212,47
374.0,13.044439922585779,80.27822134387351,3.6549759039599725,7.636416517559128,173.86026423753165,-1.7543368261911318,183.39731983285964,426.0407894164129,50
375.0,13.05348363991535,80.13449155587494,5.333773745103615,1.4872052965634488,22.37586297776428,-0.0,29.196842019431344,67.825667429389,357
376.0,13.05348363991535,80.14347466762486,6.046892048701416,4.544591772774448,39.970192150867376,-0.0,50.56167597234324,117.45720365546141,286
377.0,13.05348363991535,80.15245777937477,5.368658317543474,5.084935314972186,46.518994848629305,-0.0,56.97258848114497,132.35006156973543,268
378.0,13.05348363991535,80.16144089112467,2.6541232777804993,2.0451359240782554,50.95702846589435,-0.0,55.656287667753105,129.2922315089798,273
379.0,13.05348363991535,80.17042400287458,4.436130047470016,0.0,44.170665575201944,-0.47040423077418325,48.136391391897774,111.82315099779927,291
380.0,13.05348363991535,80.1794071146245,10.278281693904882,0.3133820792398039,35.224735720139876,-1.4478020051520364,44.36859748813253,103.07038465104222,301
381.0,13.05348363991535,80.18839022637441,18.338708081250022,2.302046691015118,39.72918830033062,-2.386195623361826,57.98374744923393,134.69903245645676,266
382.0,13.05348363991535,80.19737333812432,23.52627492509038,4.351078215743748,78.94523906947283,-2.950884397962426,103.87170781234454,241.29897009799842,146
383.0,13.05348363991535,80.20635644987422,19.918832452849635,5.1811688308395505,103.78236130366874,-2.718517413840635,126.1638451735173,293.0846767145871,120
384.0,13.05348363991535,80.21533956162413,10.302027917518018,8.140113389916161,97.0993496981658,-3.1076132260497307,112.43387777955023,261.1893024936424,137
385.0,13.05348363991535,80.22432267337405,7.596132088669435,18.847616967460574,92.27926635727852,-4.284136350624445,114.43887906278407,265.84701684992837,134
386.0,13.05348363991535,80.23330578512396,14.75041918541055,26.45038053414366,108.594574717795,-9.954211306834221,139.84116313051499,324.85774376272684,95
387.0,13.05348363991535,80.24228889687387,22.13179793203733,32.850560507701985,128.5088826066865,-15.030876637830358,168.4603644085955,391.3415239842304,67
388.0,13.05348363991535,80.25127200862377,23.235113934159813,42.206399642868455,144.30295031426053,-16.606716921887983,193.1377469694008,448.66826985226123,46
389.0,13.05348363991535,80.26025512037369,18.34394714856245,42.38468091760159,123.7892828501391,-12.253041698355364,172.2648692179478,400.1795715292664,61
390.0,13.05348363991535,80.2692382321236,11.879664410921322,26.060407978027385,106.1779156856168,-7.155341920374063,136.96264615419145,318.1708104637065,102
391.0,13.05348363991535,80.27822134387351,6.215655788641625,8.694703355549624,133.87166684531573,-1.7851763780673053,146.9968496114397,341.4807474136411,87
392.0,13.062527357244923,80.13449155587494,1.6305070398719697,0.6343590777441748,8.92215530895665,-0.0,11.187021426572795,25.987988505715574,440
393.0,13.062527357244923,80.14347466762486,2.2053298935409,3.060709718619218,52.95122700463657,-0.0,58.21726661679669,135.24150870738004,263
394.0,13.062527357244923,80.15245777937477,1.7399664436379025,4.324342576165906,120.28797443701562,-0.0,126.35228345681944,293.522427904449,119
395.0,13.062527357244923,80.16144089112467,0.7112597967010172,2.028683791084421,180.5692608427107,-0.0,183.30920443049612,425.8360931012382,51
396.0,13.062527357244923,80.17042400287458,0.7259759467067314,0.0,171.28455137035576,-0.0,172.0105273170625,399.5887230679389,62
397.0,13.062527357244923,80.1794071146245,4.805888117009462,0.81032145978874,96.8009768464102,-0.0,102.41718642320839,237.9200469958758,150
398.0,13.062527357244923,80.18839022637441,10.054725884829967,4.223086525326309,46.29098150241839,-0.0,60.56879391257466,140.70421964743372,253
399.0,13.062527357244923,80.19737333812432,15.202147418771181,7.983375333375343,98.5374599630569,-0.9050289088945014,120.81795380630892,280.6659141051034,128
400.0,13.062527357244923,80.20635644987422,16.971916366280254,8.449335585400062,148.5414226771884,-3.137504274776681,170.82517035409202,396.83508186585135,65
401.0,13.062527357244923,80.21533956162413,14.221741132664462,11.000075465814506,127.70676625225492,-3.995881907575506,148.9327009431584,345.97782310869434,86
402.0,13.062527357244923,80.22432267337405,9.962731291355146,18.215295221615815,79.54433168787189,-4.485219062055262,103.23713913878758,239.8248365672166,147
403.0,13.062527357244923,80.23330578512396,11.295970727236515,27.146892252630057,67.40981594204558,-8.374088076091157,97.478590845821,226.4474520838233,159
404.0,13.062527357244923,80.24228889687387,12.535977037400338,34.79490068225407,89.3449503261632,-13.04621881729192,123.6296092285257,287.1975248000681,124
405.0,13.062527357244923,80.25127200862377,12.245844376807625,44.35166509020086,119.2715215605352,-14.389164010381398,161.4798670171623,375.1254930091007,71
406.0,13.062527357244923,80.26025512037369,12.872558250175853,46.16574092339509,112.07718662007926,-12.18943396759824,158.92605182605197,369.1928575647232,76
407.0,13.062527357244923,80.2692382321236,15.981434924028225,29.315374124423453,103.58884045417356,-6.500792514678107,142.38485698794716,330.7668668624632,93
408.0,13.062527357244923,80.27822134387351,12.420096157280183,11.162682335754901,99.65826495541877,-1.4538397736121578,121.7872036748417,282.9175281390914,126
409.0,13.071571074574493,80.13449155587494,0.0,0.6191335535212759,9.07624264021395,-0.0,9.695376193735227,22.5228249302254,450
410.0,13.071571074574493,80.14347466762486,0.0,2.3564659371452814,58.178456844070595,-0.0,60.534922781215876,140.62553538118775,254
411.0,13.071571074574493,80.15245777937477,0.40747580810768236,4.448786304052913,171.71727586213075,-0.0,176.57353797429136,410.1888161570472,58
412.0,13.071571074574493,80.16144089112467,0.0,4.194410736747306,280.21772689457276,-0.0,284.4121376313201,660.7030666886911,12
413.0,13.071571074574493,80.17042400287458,0.0,2.443266452419688,278.4557788674591,-0.0,280.8990453198788,652.5419843837631,13
414.0,13.071571074574493,80.1794071146245,1.6640638804755388,1.9505545023842346,174.0710952175959,-0.0,177.68571360045567,412.7724535960925,56
415.0,13.071571074574493,80.18839022637441,4.577760001229958,5.921259500392067,95.02800156014614,-0.6812027406235432,104.84581832114462,243.56187563296606,141
416.0,13.071571074574493,80.19737333812432,8.650644071891767,11.315337757525027,123.06723778686107,-1.9510646966029652,141.0821549196749,327.7406273402776,94
417.0,13.071571074574493,80.20635644987422,14.897914543566625,13.603136250071156,145.13948827418923,-4.99428794348686,168.64625112434015,391.7733477600089,66
418.0,13.071571074574493,80.21533956162413,15.810910308523368,16.401306574528615,105.8742295975159,-6.3916752144161375,131.69477126615175,305.93328388538623,108
419.0,13.071571074574493,80.22432267337405,12.132598290890936,20.654459214080372,54.70419047552015,-3.8123506876851403,83.67889729280633,194.39010064385116,191
420.0,13.071571074574493,80.23330578512396,5.8162814056911,22.65450563470337,40.81363770672737,-3.349963303584275,65.93446144353757,153.16892323590932,237
421.0,13.071571074574493,80.24228889687387,3.5211490174825415,24.40713499760612,71.2129254536276,-4.4994079945875445,94.64180147412873,219.85745401610168,166
422.0,13.071571074574493,80.25127200862377,2.096940089033503,28.60100043212851,104.81109913126625,-5.248987262480769,130.2600523899475,302.60036297266106,111
423.0,13.071571074574493,80.26025512037369,12.0136068725628,26.620811607861498,109.83918711867,-5.032424597953577,143.44118100114073,333.22075831993186,91
424.0,13.071571074574493,80.2692382321236,23.301468883694,20.291650223099015,88.03439592488533,-3.0683212332704386,128.5591937984079,298.6491867085498,116
425.0,13.071571074574493,80.27822134387351,20.78260136629762,10.533333941772566,60.824840760952654,-5.262030347513472,86.87874572150938,201.82350235233815,183
426.0,13.080614791904065,80.13449155587494,0.0,0.0,10.319203162360832,-0.0,10.319203162360832,23.97200496412512,444
427.0,13.080614791904065,80.14347466762486,0.0,1.1694712784816645,35.60275184392032,-0.0,36.77222312240199,85.4236418609735,325
428.0,13.080614791904065,80.15245777937477,0.0,4.048652788483122,115.43410597187119,-0.0,119.48275876035432,277.5641918339066,130
429.0,13.080614791904065,80.16144089112467,0.0,8.190351966560993,201.03692645767055,-0.0,209.22727842423154,486.0450248048606,32
430.0,13.080614791904065,80.17042400287458,0.0,8.177366766578185,212.04921337124358,-0.0,220.22658013782177,511.59693139410655,26
431.0,13.080614791904065,80.1794071146245,1.056522102329653,4.507889021019943,155.17026628009046,-0.8612391663884953,159.87343823705157,371.3936817359406,74
432.0,13.080614791904065,80.18839022637441,1.8910738320406288,5.496852356380795,125.29749935137004,-2.171098267315623,130.51432727247584,303.191055747124,109
433.0,13.080614791904065,80.19737333812432,6.020758842703852,10.456181713203708,125.41191288458367,-3.761325650251048,138.12752779024018,320.8768864971577,97
434.0,13.080614791904065,80.20635644987422,11.43991803880761,14.687259311952484,111.36150649126095,-7.220088904823907,130.26859493719712,302.6202077205405,110
435.0,13.080614791904065,80.21533956162413,13.165417156873144,18.588422017269583,67.1410866584793,-8.076326612507923,90.8185992201141,210.97597140837624,176
436.0,13.080614791904065,80.22432267337405,7.788161173561268,18.51944684364174,38.75283527363357,-4.100487796324037,60.95995549451255,141.61290680442198,252
437.0,13.080614791904065,80.23330578512396,2.081197694169856,15.522114745728354,36.13180282711105,-0.0,53.73511526700926,124.82925567616023,277
438.0,13.080614791904065,80.24228889687387,0.0,13.79310274830315,57.838034478652204,-0.0,71.63113722695536,166.40257490556596,225
439.0,13.080614791904065,80.25127200862377,1.1164763759502232,11.961015644734148,79.59057074412993,-0.4657838096302651,92.20227895518404,214.1903259429242,171
440.0,13.080614791904065,80.26025512037369,10.589247074538903,10.425575327132718,85.00337668362621,-0.6483773217897714,105.36982176350807,244.77916081709472,140
441.0,13.080614791904065,80.2692382321236,23.02059640234205,10.694543335152051,75.95177425642451,-26.190126054358117,83.4767879395605,193.92059090137633,193
442.0,13.080614791904065,80.27822134387351,22.675707888354633,13.824081655679153,56.37032673473006,-71.74002531917321,21.130090959590632,49.086216969085974,388
443.0,13.089658509233635,80.13449155587494,0.0,0.0,16.335035818996037,-0.0,16.335035818996037,37.947073391328395,410
444.0,13.089658509233635,80.14347466762486,0.0,0.28743175796282905,39.794436483876076,-0.0,40.081868241838905,93.11210655968412,317
445.0,13.089658509233635,80.15245777937477,0.0,4.44690543686867,66.76806129163222,-0.0,71.2149667285009,165.4357908333944,228
446.0,13.089658509233635,80.16144089112467,0.0,11.12529942706687,85.12953983746128,-0.0,96.25483926452816,223.60461833784086,161
447.0,13.089658509233635,80.17042400287458,0.0,12.543228203469914,82.07415708988233,-0.0,94.61738529335224,219.80073405453393,167
448.0,13.089658509233635,80.1794071146245,0.0,6.989242056477389,70.28370005451447,-1.008783555899107,76.26415855509276,177.1653061484305,209
449.0,13.089658509233635,80.18839022637441,0.4412288151692512,4.878527165995734,93.17292286923967,-2.542957278577601,95.94972157182706,222.89581527146146,163
450.0,13.089658509233635,80.19737333812432,2.5960754178096863,7.797638779783977,95.29814050647154,-3.4875973208420676,102.20425738322314,237.42540260103038,151
451.0,13.089658509233635,80.20635644987422,7.041366529598372,10.073708754957,74.34192703600866,-5.557542122012949,85.89946019855108,199.54857501073116,188
452.0,13.089658509233635,80.21533956162413,7.009473806374482,11.817023354680478,43.37044979093403,-6.189418854874746,56.007528097114246,130.1081799096236,271
453.0,13.089658509233635,80.22432267337405,3.741883350382157,9.67994130468508,26.109120329460318,-2.9453471533046063,36.58559783122294,84.99010233895949,327
454.0,13.089658509233635,80.23330578512396,1.7690280813330048,6.22519825351961,28.464504387622863,-0.45462108235207754,36.0041096401234,83.63927732037062,329
455.0,13.089658509233635,80.24228889687387,0.6671813817375595,4.672152248773609,45.45968672918182,-0.0,50.79902035969299,118.00856607581848,285
456.0,13.089658509233635,80.25127200862377,0.0,5.260791021787388,68.23863613473048,-0.0,73.49942715651787,170.7427022159048,219
457.0,13.089658509233635,80.26025512037369,3.208263035910402,5.871480779441017,88.71301088066232,-0.0,97.79275469601374,227.17726980888165,158
458.0,13.089658509233635,80.2692382321236,11.540824314453527,8.042357661500631,124.19256811304768,-54.23636999739853,89.5393800916033,208.00428388402202,179
459.0,13.089658509233635,80.27822134387351,14.971249148121933,15.946787941103114,148.21128532400695,-143.85248063688647,35.27684177634552,81.94979911489033,331
460.0,13.098702226563207,80.13449155587494,0.0,0.0,21.052359392733095,-0.0,21.052359392733095,48.90564280291636,389
461.0,13.098702226563207,80.14347466762486,0.0,0.0,44.503712284252614,-0.0,44.503712284252614,103.38426281705522,300
462.0,13.098702226563207,80.15245777937477,0.0,3.2796307500133306,64.45514268038045,-0.0,67.73477343039377,157.35113451781388,233
463.0,13.098702226563207,80.16144089112467,0.0,8.962040511844023,50.26217605193174,-0.0,59.22421656377576,137.58070183574608,259
464.0,13.098702226563207,80.17042400287458,0.0,9.725875587300141,31.159692796254895,-0.0,40.88556838355504,94.97914062072101,312
465.0,13.098702226563207,80.1794071146245,0.0,7.323339927142475,23.048227853383935,-0.43423797463700176,29.937329805889405,69.54585615070356,351
466.0,13.098702226563207,80.18839022637441,0.0,5.779922589916523,33.2007293813848,-1.0945969273832792,37.88605504391804,88.01112695373479,324
467.0,13.098702226563207,80.19737333812432,3.155073878403892,5.817440703612315,39.52529320198004,-1.068153763785891,47.42965402021036,110.18136611229387,295
468.0,13.098702226563207,80.20635644987422,6.33690582125284,3.966336554099229,30.758039379403982,-1.9968600726065118,39.06442168214954,90.74852929544647,320
469.0,13.098702226563207,80.21533956162413,6.02350327471925,4.083186653943031,22.24817964259044,-3.043584048878076,29.311285522374646,68.09152518773563,355
470.0,13.098702226563207,80.22432267337405,3.812251125237516,3.1469404405860377,17.38874054916991,-1.477941377456112,22.86999073753735,53.12808778583194,382
471.0,13.098702226563207,80.23330578512396,2.6129296850769586,1.2039325624361448,18.756588617525725,-0.0,22.57345086503883,52.43921140809724,384
472.0,13.098702226563207,80.24228889687387,0.98549032470158,2.196270905401362,48.00214082037677,-0.0,51.183902050479716,118.90266474380415,284
473.0,13.098702226563207,80.25127200862377,0.0,4.135139085683931,100.50707078559353,-0.0,104.64220987127746,243.08888341698213,142
474.0,13.098702226563207,80.26025512037369,0.0,3.085068793370413,150.40966702732962,-0.0,153.49473582070004,356.575649414686,82
475.0,13.098702226563207,80.2692382321236,2.106061714071323,4.233322836625302,218.73346930359392,-41.38585423839308,183.68699961589746,426.71372947658324,49
476.0,13.098702226563207,80.27822134387351,5.751675849441951,10.2049479965982,261.6833230730649,-113.50779837604291,164.13214854306216,381.28687048222173,68
477.0,13.107745943892779,80.13449155587494,1.45723267398761,2.295644472807732,24.04066325927751,-0.0,27.79354040607285,64.56573032840275,368
478.0,13.107745943892779,80.14347466762486,2.948264287288745,2.416971847372069,34.31386245026553,-0.0,39.679098584926344,92.17645328655892,319
479.0,13.107745943892779,80.15245777937477,2.9819003114521863,2.197943870046109,41.251036183350806,-0.0,46.4308803648491,107.86116690236963,297
480.0,13.107745943892779,80.16144089112467,0.9998651581135469,4.185545857209203,29.694031644439512,-0.0,34.87944265976226,81.02662186509836,332
481.0,13.107745943892779,80.17042400287458,0.0,4.005912713342175,10.37467056638002,-0.0,14.380583279722195,33.40678619701168,422
482.0,13.107745943892779,80.1794071146245,0.0,3.640380496160037,4.727603043603256,-0.0,8.367983539763294,19.43922799064557,460
483.0,13.107745943892779,80.18839022637441,0.0,4.5164309681623465,6.49039668241077,-0.0,11.006827650573117,25.56938970260988,441
484.0,13.107745943892779,80.19737333812432,2.5967662027988734,3.786744619025403,12.516982252737536,-0.40752304439167447,18.492970030170138,42.96005829031804,401
485.0,13.107745943892779,80.20635644987422,6.0302242525292735,1.260546174321123,12.578377220281155,-0.4145820838680545,19.454565563263497,45.193890935155785,393
486.0,13.107745943892779,80.21533956162413,5.404441725335843,0.0,14.126999331458169,-0.68352268421441,18.847918372579603,43.784620351203074,398
487.0,13.107745943892779,80.22432267337405,2.8384277290523565,0.0,11.508242910632857,-0.4362876008146189,13.910383038870595,32.3144884361787,425
488.0,13.107745943892779,80.23330578512396,1.4183250006352712,2.2630231368931555,12.03294311402501,-0.0,15.714291251553437,36.505053923540025,413
489.0,13.107745943892779,80.24228889687387,0.5349532836438339,5.059094807455986,53.11201813736308,-0.0,58.7060662284629,136.37701370064,262
490.0,13.107745943892779,80.25127200862377,0.0,6.344163809339052,117.83327295303096,-0.0,124.17743676237001,288.47015449387055,123
491.0,13.107745943892779,80.26025512037369,0.0,4.544654190204829,176.14849996566954,-0.0,180.69315415587437,419.75888256638075,53
492.0,13.107745943892779,80.2692382321236,0.0,2.3749747614539167,219.5636865627219,-5.763400858652215,216.17526046552362,502.18552105868184,28
493.0,13.107745943892779,80.27822134387351,0.5468062751536361,2.247546258208531,237.34444326552057,-31.176608359620428,208.96218743926232,485.42920570452486,33
494.0,13.116789661222349,80.13449155587494,4.575457074071622,4.990324175925647,22.609119425521314,-0.0,32.174900675518586,74.74384083521683,342
495.0,13.116789661222349,80.14347466762486,8.227886303495573,5.602064845959024,16.82456824176549,-0.0,30.654519391220088,71.2119220309137,348
496.0,13.116789661222349,80.15245777937477,8.695439750870115,4.288312953526529,15.188774646318057,-0.0,28.172527350714702,65.44613521774836,362
497.0,13.116789661222349,80.16144089112467,4.617523930052042,3.2323787412674205,13.399129356258403,-0.0,21.249032027577865,49.362522787216214,387
498.0,13.116789661222349,80.17042400287458,0.6999041223268856,1.5672042410418494,5.255441656603588,-0.0,7.522550019972323,17.475245286323048,469
499.0,13.116789661222349,80.1794071146245,0.0,0.0,2.759659325983106,-0.0,2.759659325983106,6.410821264093256,535
500.0,13.116789661222349,80.18839022637441,0.0,2.163074280968575,16.98792139491268,-2.0565074622282506,17.094488213653005,39.71131780906971,407
501.0,13.116789661222349,80.19737333812432,1.3732747742101812,2.0754513686029616,34.733014634756536,-5.098521440686496,33.08321933688318,76.85390874614437,340
502.0,13.116789661222349,80.20635644987422,2.8333680240902157,0.40625825138787586,31.23546808007383,-4.895191723516584,29.579902632035335,68.71553564522155,353
503.0,13.116789661222349,80.21533956162413,2.2675216888701795,0.0,14.491124108925902,-1.8201473326182143,14.938498465177867,34.70284999039516,417
504.0,13.116789661222349,80.22432267337405,0.4465656395519386,0.0,7.035033100804857,-0.0,7.481598740356796,17.380113495351885,470
505.0,13.116789661222349,80.23330578512396,1.8247507505083427,1.9448225641394836,9.258767824019891,-0.0,13.028341138667717,30.265462704487188,430
506.0,13.116789661222349,80.24228889687387,1.2321403571988203,4.754185093903369,32.988407627080676,-0.0,38.974733078182865,90.54017835732783,321
507.0,13.116789661222349,80.25127200862377,0.0,5.794534079108363,76.32324062696125,-0.0,82.11777470606961,190.7635378356528,197
508.0,13.116789661222349,80.26025512037369,0.0,4.142213033511338,99.9471007592134,-0.0,104.08931379272474,241.80447925018996,145
509.0,13.116789661222349,80.2692382321236,0.0,1.5009785568150564,119.97620176345181,-0.4857567452003546,120.99142357506652,281.06889271617973,127
510.0,13.116789661222349,80.27822134387351,0.0,0.8082582234975831,107.08058356402833,-3.471444295759052,104.41739749176686,242.5666334532173,144
511.0,13.12583337855192,80.13449155587494,4.480657803481877,3.988081748668237,10.708325846930283,-0.0,19.177065399080398,44.54924471502837,396
512.0,13.12583337855192,80.14347466762486,8.876158628201436,5.413220492469951,8.619394965337744,-0.0,22.90877408600913,53.21818336854922,381
513.0,13.12583337855192,80.15245777937477,9.656073278613809,5.594674541400563,8.595651504433038,-0.0,23.84639932444741,55.39633186671186,377
514.0,13.12583337855192,80.16144089112467,4.87960525869402,4.85719280575829,7.530796347101677,-0.0,17.267594411553986,40.1134518275702,405
515.0,13.12583337855192,80.17042400287458,0.5749140990362887,2.376758208914744,3.7643144087691613,-0.0,6.715986716720193,15.601559963413122,478
516.0,13.12583337855192,80.1794071146245,0.0,0.5229326600857478,2.6297540451131103,-0.0,3.152686705198858,7.32384275784216,524
517.0,13.12583337855192,80.18839022637441,0.0,1.5805673180593722,27.82860473951065,-3.284991113465223,26.124180944104797,60.687728056369565,373
518.0,13.12583337855192,80.19737333812432,0.0,1.8498956570772787,55.28011119688341,-8.144963245580016,48.98504360838067,113.79461088925173,287
519.0,13.12583337855192,80.20635644987422,0.46182916768077786,0.8383945997174543,47.10748362834056,-7.821142632463594,40.58656476327519,94.28454083846417,314
520.0,13.12583337855192,80.21533956162413,0.0,0.0,19.922065371247534,-2.9085551604618245,17.01351021078571,39.52320201600148,408
521.0,13.12583337855192,80.22432267337405,3.006648515611122,0.0,5.141187911029663,-0.0,8.147836426640785,18.92781566494781,462
522.0,13.12583337855192,80.23330578512396,6.934627355204828,0.32329737347024057,2.981779835174768,-0.0,10.239704563849838,23.787325898487794,446
523.0,13.12583337855192,80.24228889687387,6.982247252988002,1.6810401390957839,6.026360615931766,-0.0,14.689648008015553,34.12475841679588,419
524.0,13.12583337855192,80.25127200862377,3.240970654397457,2.300221808634801,17.598538327787296,-0.0,23.139730790819556,53.7547068953277,379
525.0,13.12583337855192,80.26025512037369,1.0690968461391055,1.385525224414561,25.426065294808176,-0.0,27.880687365361844,64.76817690376471,367
526.0,13.12583337855192,80.2692382321236,0.0,1.225883792769972,26.877821385144518,-0.0,28.10370517791449,65.28625800222592,364
527.0,13.12583337855192,80.27822134387351,0.0,1.5696575028827275,29.344507153074964,-0.0,30.91416465595769,71.81509046138943,347
528.0,13.13487709588149,80.13449155587494,1.1045589827386202,1.1716871491324334,1.5036231951897694,-0.0,3.779869327060823,8.78081813550769,520
529.0,13.13487709588149,80.14347466762486,3.602807173305061,2.222892065530538,2.0597999971776044,-0.0,7.885499236013203,18.318393761235598,463
530.0,13.13487709588149,80.15245777937477,4.606120405157284,3.4134453636251703,4.097822965226942,-0.0,12.117388734009396,28.149276481290954,436
531.0,13.13487709588149,80.16144089112467,1.5625422591875537,4.111829756146868,3.695200019388886,-0.0,9.369572034723308,21.765966208259947,452
532.0,13.13487709588149,80.17042400287458,0.0,1.9320234672719052,1.197750876700897,-0.0,3.1297743439728025,7.270616241374857,525
533.0,13.13487709588149,80.1794071146245,0.0,0.39660013930807436,1.0287647578603238,-0.0,1.4253648971683983,3.3111911698028207,576
534.0,13.13487709588149,80.18839022637441,0.0,1.1986779604045572,19.39302964168637,-1.9286882659191484,18.663019336171775,43.3550910019993,400
535.0,13.13487709588149,80.19737333812432,0.0,1.4029243577097745,38.07407469085585,-4.782526092721509,34.69447295584411,80.5969283518713,335
536.0,13.13487709588149,80.20635644987422,0.0,0.6358403263841549,32.11429539854365,-4.592968340469679,28.15716738445813,65.41045327781967,363
537.0,13.13487709588149,80.21533956162413,0.42978228244594097,0.0,11.816287250158036,-1.7083238787695776,10.5377456538344,24.479689676602284,443
538.0,13.13487709588149,80.22432267337405,4.826259869220917,0.0,2.8163014175416485,-0.0,7.642561286762565,17.754037227714427,466
539.0,13.13487709588149,80.23330578512396,10.635618324982799,0.0,1.568019805411813,-0.0,12.203638130394612,28.349637974883855,435
540.0,13.13487709588149,80.24228889687387,10.543352397679161,0.0,1.0923963691615444,-0.0,11.635748766840706,27.0304036863447,437
541.0,13.13487709588149,80.25127200862377,6.0020859367692045,0.2707044241492304,0.8654993896275587,-0.0,7.138289750545994,16.58259021002774,473
542.0,13.13487709588149,80.26025512037369,1.9093034577200971,0.3636074282984256,2.2113089030158473,-0.0,4.48421978903437,10.417058115015063,508
543.0,13.13487709588149,80.2692382321236,0.4722207694737557,0.36061391916614444,3.781775233959479,-0.0,4.614609922599379,10.719960662810065,501
544.0,13.13487709588149,80.27822134387351,0.0,1.1202448715867717,16.617829344330236,-0.0,17.738074215917006,41.20639902787812,404
545.0,13.143920813211063,80.13449155587494,0.0,0.0,0.6238934990654442,-0.0,0.6238934990654442,1.4493345873094123,603
546.0,13.143920813211063,80.14347466762486,0.5690600821533828,0.0,1.9280657539769441,-0.0,2.497125836130327,5.800943347845303,539
547.0,13.143920813211063,80.15245777937477,0.6667206729150774,1.2316466378579785,2.6387453654611064,-0.0,4.5371126762341625,10.539930834407308,506
548.0,13.143920813211063,80.16144089112467,0.0,1.4428611583550408,1.6225058676854656,-0.0,3.0653670260405064,7.120994945921483,529
549.0,13.143920813211063,80.17042400287458,0.0,0.6569703519067431,0.5814181958405423,-0.0,1.2383885477472854,2.8768361226180077,581
550.0,13.143920813211063,80.1794071146245,0.0,0.0,0.390373789402702,-0.0,0.390373789402702,0.9068570770618464,611
551.0,13.143920813211063,80.18839022637441,0.0,0.33407535758812457,4.8333339350683975,-0.0,5.167409292656522,12.00414017111847,490
552.0,13.143920813211063,80.19737333812432,0.0,0.3909972260805182,10.918662577776935,-0.0,11.309659803857453,26.272883351064028,439
553.0,13.143920813211063,80.20635644987422,0.0,0.0,8.800913769806622,-0.0,8.800913769806622,20.44494572489591,456
554.0,13.143920813211063,80.21533956162413,0.0,0.0,3.0184810369278843,-0.0,3.0184810369278843,7.012076539522112,530
555.0,13.143920813211063,80.22432267337405,2.6842697938914264,0.0,3.406549067843244,-0.0,6.09081886173467,14.149264986046303,484
556.0,13.143920813211063,80.23330578512396,6.5291046135121675,0.0,3.22791495403718,-0.0,9.757019567549348,22.66602545063646,449
557.0,13.143920813211063,80.24228889687387,6.784410048379627,0.0,1.840741315600242,-0.0,8.62515136397987,20.036641207706662,457
558.0,13.143920813211063,80.25127200862377,3.301425952553289,0.0,0.8524365015552376,-0.0,4.153862454108527,9.649622146541924,514
559.0,13.143920813211063,80.26025512037369,1.253099427729453,0.0,0.4216842050167756,-0.0,1.6747836327462284,3.890602881477045,570
560.0,13.143920813211063,80.2692382321236,0.0,0.0,1.13653855312876,-0.0,1.13653855312876,2.6402336894478844,587
561.0,13.143920813211063,80.27822134387351,0.0,0.29381462484458615,9.06294856719057,-0.0,9.356763192035157,21.73621065100674,453
562.0,13.152964530540633,80.13449155587494,0.0,0.0,1.2593405116236722,-0.0,1.2593405116236722,2.925508541810694,579
563.0,13.152964530540633,80.14347466762486,0.0,0.0,2.410445517568273,-0.0,2.410445517568273,5.59958080132227,541
564.0,13.152964530540633,80.15245777937477,0.0,0.0,2.2953072962032643,-0.0,2.2953072962032643,5.332109178688662,547
565.0,13.152964530540633,80.16144089112467,0.0,0.0,0.9834767943629787,-0.0,0.9834767943629787,2.2846638665438848,592
566.0,13.152964530540633,80.17042400287458,0.0,0.0,0.0,-0.0,0.0,0.0,631
567.0,13.152964530540633,80.1794071146245,0.0,0.0,1.0019866282264256,-0.0,1.0019866282264256,2.3276631003295067,591
568.0,13.152964530540633,80.18839022637441,0.0,0.0,4.0938087973725965,-0.0,4.0938087973725965,9.510114615317177,515
569.0,13.152964530540633,80.19737333812432,0.0,0.0,6.562143473097958,-0.0,6.562143473097958,15.24417471362358,481
570.0,13.152964530540633,80.20635644987422,0.0,0.0,5.715256160727479,-0.0,5.715256160727479,13.27681477925874,486
571.0,13.152964530540633,80.21533956162413,0.0,0.0,4.19860327255846,-0.0,4.19860327255846,9.753557218378948,513
572.0,13.152964530540633,80.22432267337405,0.5557520977122403,0.0,4.775690655046662,-0.0,5.331442752758902,12.385197783609284,488
573.0,13.152964530540633,80.23330578512396,1.2739048572162028,0.0,5.379198093772704,-0.0,6.653102950988907,15.455477952955988,480
574.0,13.152964530540633,80.24228889687387,1.1309100102332141,0.0,3.6507132559427817,-0.0,4.781623266175996,11.10794068784698,496
575.0,13.152964530540633,80.25127200862377,0.4732149340726034,0.0,1.528877419883938,-0.0,2.0020923539565416,4.650956773749867,557
576.0,13.152964530540633,80.26025512037369,0.0,0.0,0.7039894106154659,-0.0,0.7039894106154659,1.6354012398477247,599
577.0,13.152964530540633,80.2692382321236,0.0,0.0,0.4123795997807111,-0.0,0.4123795997807111,0.957977632333533,610
578.0,13.152964530540633,80.27822134387351,0.0,0.0,1.0128300358403926,-0.0,1.0128300358403926,2.352852857431893,590
579.0,13.162008247870205,80.13449155587494,0.0,0.0,1.872788049004082,-0.0,1.872788049004082,4.350576658014849,564
580.0,13.162008247870205,80.14347466762486,0.0,0.0,2.337844138952665,-0.0,2.337844138952665,5.430924309033819,545
581.0,13.162008247870205,80.15245777937477,0.0,0.0,1.325522995665477,-0.0,1.325522995665477,3.0792536334641962,578
582.0,13.162008247870205,80.16144089112467,0.0,0.0,0.3806060058489486,-0.0,0.3806060058489486,0.8841660463538603,612
583.0,13.162008247870205,80.17042400287458,0.0,0.0,0.0,-0.0,0.0,0.0,631
584.0,13.162008247870205,80.1794071146245,0.0,0.0,0.4865074914042745,-0.0,0.4865074914042745,1.1301802877150797,605
585.0,13.162008247870205,80.18839022637441,0.0,0.0,2.170203708896731,-0.0,2.170203708896731,5.041487531962988,549
586.0,13.162008247870205,80.19737333812432,0.0,0.0,4.601877893868932,-0.0,4.601877893868932,10.69038354807286,503
587.0,13.162008247870205,80.20635644987422,0.0,0.0,6.896257099781468,-0.0,6.896257099781468,16.020336728405212,474
588.0,13.162008247870205,80.21533956162413,0.0,0.0,7.3806151927790715,-0.0,7.3806151927790715,17.14552386030546,471
589.0,13.162008247870205,80.22432267337405,0.0,0.0,6.705100791482152,-0.0,6.705100791482152,15.576271435826294,479
590.0,13.162008247870205,80.23330578512396,0.0,0.0,5.1507498050556135,-0.0,5.1507498050556135,11.965439380642183,491
591.0,13.162008247870205,80.24228889687387,0.0,0.0,3.0774386610818145,-0.0,3.0774386610818145,7.1490379343753645,528
592.0,13.162008247870205,80.25127200862377,0.0,0.0,1.8735784520450145,-0.0,1.8735784520450145,4.3524128022716075,563
593.0,13.162008247870205,80.26025512037369,0.0,0.0,2.0962149327644335,-0.0,2.0962149327644335,4.869608048554581,553
594.0,13.162008247870205,80.2692382321236,0.0,0.0,1.2279349892406362,-0.0,1.2279349892406362,2.8525520037309793,582
595.0,13.162008247870205,80.27822134387351,0.0,0.0,4.537929404568614,-0.0,4.537929404568614,10.541828133586304,505
596.0,13.171051965199776,80.13449155587494,0.0,0.0,2.3053181968745893,-0.0,2.3053181968745893,5.35536498214679,546
597.0,13.171051965199776,80.14347466762486,0.0,0.0,1.8378648017170363,-0.0,1.8378648017170363,4.269448275894994,566
598.0,13.171051965199776,80.15245777937477,0.0,0.0,0.3613403404940601,-0.0,0.3613403404940601,0.8394109796827143,616
599.0,13.171051965199776,80.16144089112467,0.0,0.0,0.0,-0.0,0.0,0.0,631
600.0,13.171051965199776,80.17042400287458,0.0,0.0,0.0,-0.0,0.0,0.0,631
601.0,13.171051965199776,80.1794071146245,0.0,0.0,0.0,-0.0,0.0,0.0,631
602.0,13.171051965199776,80.18839022637441,0.0,0.0,0.4761649748194293,-0.0,0.4761649748194293,1.1061541245499065,606
603.0,13.171051965199776,80.19737333812432,0.0,0.0,2.66016216643244,-0.0,2.66016216643244,6.179684579880592,538
604.0,13.171051965199776,80.20635644987422,0.0,0.0,5.521278828449412,-0.0,5.521278828449412,12.826196112377705,487
605.0,13.171051965199776,80.21533956162413,0.0,0.0,6.4096814118073535,-0.0,6.4096814118073535,14.889998016780357,482
606.0,13.171051965199776,80.22432267337405,0.0,0.0,4.605715261135089,-0.0,4.605715261135089,10.699297936684669,502
607.0,13.171051965199776,80.23330578512396,0.0,0.0,1.940155756220411,-0.0,1.940155756220411,4.507075080073447,559
608.0,13.171051965199776,80.24228889687387,0.0,0.0,1.1459776140906872,-0.0,1.1459776140906872,2.6621610817741956,586
609.0,13.171051965199776,80.25127200862377,0.0,0.0,1.516759623877553,-0.0,1.516759623877553,3.523505513061228,574
610.0,13.171051965199776,80.26025512037369,0.0,0.0,2.2938049039311164,-0.0,2.2938049039311164,5.328619049224271,548
611.0,13.171051965199776,80.2692382321236,0.0,0.0,1.3437069472983942,-0.0,1.3437069472983942,3.121495827163964,577
612.0,13.171051965199776,80.27822134387351,0.0,0.0,5.717800691715893,-0.0,5.717800691715893,13.282725847053984,485
613.0,13.180095682529346,80.13449155587494,0.0,0.0,2.0807725643538486,-0.0,2.0807725643538486,4.8337346844612545,555
614.0,13.180095682529346,80.14347466762486,0.0,0.0,1.2189387889329266,-0.0,1.2189387889329266,2.831653397991606,583
615.0,13.180095682529346,80.15245777937477,0.0,0.0,0.37688702501926746,-0.0,0.37688702501926746,0.8755266751245215,613
616.0,13.180095682529346,80.16144089112467,0.0,0.0,0.7996633975054611,-0.0,0.7996633975054611,1.857656510199423,597
617.0,13.180095682529346,80.17042400287458,0.0,0.0,0.6573103685068216,-0.0,0.6573103685068216,1.526963581286012,602
618.0,13.180095682529346,80.1794071146245,0.6809729726052092,0.3533283572049394,0.0,-0.0,1.0343013298101487,2.4027317053943578,589
619.0,13.180095682529346,80.18839022637441,0.45781551847134394,0.0,0.0,-0.0,0.45781551847134394,1.0635274554414105,608
620.0,13.180095682529346,80.19737333812432,0.0,0.0,0.0,-0.0,0.0,0.0,631
621.0,13.180095682529346,80.20635644987422,0.0,0.0,2.089721795611659,-0.0,2.089721795611659,4.8545241788400295,554
622.0,13.180095682529346,80.21533956162413,0.0,0.0,2.3580029107899376,-0.0,2.3580029107899376,5.4777541049929095,544
623.0,13.180095682529346,80.22432267337405,0.0,0.0,0.6648140126158687,-0.0,0.6648140126158687,1.5443949072324967,601
624.0,13.180095682529346,80.23330578512396,0.0,0.0,0.0,-0.0,0.0,0.0,631
625.0,13.180095682529346,80.24228889687387,0.0,0.0,0.0,-0.0,0.0,0.0,631
626.0,13.180095682529346,80.25127200862377,0.0,0.0,1.2560262618467852,-0.0,1.2560262618467852,2.9178093802713922,580
627.0,13.180095682529346,80.26025512037369,0.0,0.0,1.5408422749052768,-0.0,1.5408422749052768,3.5794506689906713,573
628.0,13.180095682529346,80.2692382321236,0.0,0.0,1.2143640199771824,-0.0,1.2143640199771824,2.8210259898098546,584
629.0,13.180095682529346,80.27822134387351,0.0,0.0,4.2209778689495785,-0.0,4.2209778689495785,9.805534481285699,512
630.0,13.189139399858918,80.13449155587494,0.0,0.0,2.835280402491182,-0.0,2.835280402491182,6.586492659735142,533
631.0,13.189139399858918,80.14347466762486,0.0,0.0,3.173007591587571,-0.0,3.173007591587571,7.371049153696682,523
632.0,13.189139399858918,80.15245777937477,0.0,0.0,2.4025319413344333,-0.0,2.4025319413344333,5.581197183345494,542
633.0,13.189139399858918,80.16144089112467,0.0,0.0,2.1367929823132643,-0.0,2.1367929823132643,4.963872808140587,550
634.0,13.189139399858918,80.17042400287458,1.330092168716953,0.805112556173111,1.7564218965170222,-0.0,3.8916266214070863,9.040435702164157,518
635.0,13.189139399858918,80.1794071146245,2.3081431655352422,1.3784221123425837,0.5593422243152303,-0.0,4.245907502193056,9.86344721761463,511
636.0,13.189139399858918,80.18839022637441,1.5517784443118154,0.9143152327034977,0.0,-0.0,2.466093677015313,5.728854150583831,540
637.0,13.189139399858918,80.19737333812432,0.0,0.0,0.0,-0.0,0.0,0.0,631
638.0,13.189139399858918,80.20635644987422,0.0,0.0,1.6613206890088978,-0.0,1.6613206890088978,3.8593278160456173,571
639.0,13.189139399858918,80.21533956162413,0.0,0.0,3.1018019857587436,-0.0,3.1018019857587436,7.205635108683184,526
640.0,13.189139399858918,80.22432267337405,0.0,0.0,1.7212700463690866,-0.0,1.7212700463690866,3.9985930548071127,569
641.0,13.189139399858918,80.23330578512396,0.0,0.0,0.4692439521806302,-0.0,0.4692439521806302,1.0900762562839466,607
642.0,13.189139399858918,80.24228889687387,0.0,0.0,0.7737986228648883,-0.0,0.7737986228648883,1.797571395455162,598
643.0,13.189139399858918,80.25127200862377,0.0,0.0,1.9118251794925658,-0.0,1.9118251794925658,4.441261788555591,560
644.0,13.189139399858918,80.26025512037369,0.0,0.0,1.8300051560605786,-0.0,1.8300051560605786,4.2511899412417815,568
645.0,13.189139399858918,80.2692382321236,0.0,0.0,1.974392697632893,-0.0,1.974392697632893,4.586609140657705,558
646.0,13.189139399858918,80.27822134387351,0.0,0.0,2.720883343771755,-0.0,2.720883343771755,6.320742793553029,537
