CellID,Lat,Lon,apartments,offices,supermarkets,RawScore,Score_0_1000,Rank
1.0,12.854521858664786,80.13449155587494,0.8199498879978622,0.7683284716152889,-0.0,1.5882783596131511,15.271336761490028,554
2.0,12.854521858664786,80.14347466762486,2.205443506626945,0.0,-0.865936044059231,1.3395074625677141,14.795411134190319,562
3.0,12.854521858664786,80.15245777937477,2.85610975844625,0.0,-1.6193757502772743,1.2367340081689755,14.598794402348311,566
4.0,12.854521858664786,80.16144089112467,4.772619919322105,0.0,-1.1702035107415327,3.6024164085805728,19.124600651308924,502
5.0,12.854521858664786,80.17042400287458,7.666392646269256,0.0,-0.0,7.666392646269256,26.89942665878939,458
6.0,12.854521858664786,80.1794071146245,8.833769864642418,0.0,-0.0,8.833769864642418,29.132745513800653,442
7.0,12.854521858664786,80.18839022637441,6.244735174703597,0.0,-0.0,6.244735174703597,24.179642182405768,466
8.0,12.854521858664786,80.19737333812432,22.808984386552634,0.0,-0.0,22.808984386552634,55.86884212711691,373
9.0,12.854521858664786,80.20635644987422,47.728865609055426,0.0,-0.0,47.728865609055426,103.54326965827528,283
10.0,12.854521858664786,80.21533956162413,48.39357418089438,0.9403511401891722,-0.0,49.333925321083555,106.61392245316777,278
11.0,12.854521858664786,80.22432267337405,37.707054521407855,2.0017701922037894,-0.0,39.70882471361165,88.20006416492423,312
12.0,12.854521858664786,80.23330578512396,38.26992925707664,1.1396814093812486,-0.0,39.40961066645789,87.62763533671395,315
13.0,12.854521858664786,80.24228889687387,26.692414600150983,0.0,-0.5782796276550771,26.114134972495904,62.19195260594337,363
14.0,12.854521858664786,80.25127200862377,8.179345516327842,0.0,-0.4149405758650495,7.764404940462793,27.086934776302925,455
15.0,12.854521858664786,80.26025512037369,0.0,0.0,-0.0,0.0,12.232788508446655,616
16.0,12.854521858664786,80.2692382321236,0.0,0.0,-0.0,0.0,12.232788508446655,616
17.0,12.854521858664786,80.27822134387351,0.0,0.0,-0.0,0.0,12.232788508446655,616
18.0,12.863565575994357,80.13449155587494,0.0,0.0,-0.0,0.0,12.232788508446655,616
19.0,12.863565575994357,80.14347466762486,0.7476736102456395,0.0,-0.0,0.7476736102456395,13.66316897576717,582
20.0,12.863565575994357,80.15245777937477,2.52488960299747,0.0,-0.0,2.52488960299747,17.063175352087825,525
21.0,12.863565575994357,80.16144089112467,6.02115140364907,0.0,-0.0,6.02115140364907,23.75190225077813,472
22.0,12.863565575994357,80.17042400287458,9.914587146534513,0.0,-0.0,9.914587146534513,31.20046585002195,434
23.0,12.863565575994357,80.1794071146245,10.06519543046431,0.0,-0.0,10.06519543046431,31.488595783455157,432
24.0,12.863565575994357,80.18839022637441,5.700469763841127,0.0,-0.0,5.700469763841127,23.13840359638682,475
25.0,12.863565575994357,80.19737333812432,29.457953160721154,0.0,-0.0,29.457953160721154,68.5890383893203,354
26.0,12.863565575994357,80.20635644987422,67.04158862822588,0.35533834369569667,-0.0,67.39692697192157,141.17039788373495,227
27.0,12.863565575994357,80.21533956162413,54.1069288385961,0.5339687659104513,-0.0,54.64089760450655,116.76673430956815,260
28.0,12.863565575994357,80.22432267337405,21.70560717577912,0.31010687909738854,-0.0,22.01571405487651,54.351230201023114,378
29.0,12.863565575994357,80.23330578512396,15.423461978157803,0.0,-1.1531369168861636,14.27032506127164,39.533463495826865,409
30.0,12.863565575994357,80.24228889687387,11.161081195205012,0.0,-2.1410378598137836,9.020043335391229,29.48910680633251,438
31.0,12.863565575994357,80.25127200862377,3.6132795215959446,0.0,-1.5363052762132563,2.0769742453826883,16.20626483690383,541
32.0,12.863565575994357,80.26025512037369,0.8091719481935185,0.0,-0.4260302152079738,0.38314173298554466,12.965780075312047,594
33.0,12.863565575994357,80.2692382321236,0.0,0.0,-0.0,0.0,12.232788508446655,616
34.0,12.863565575994357,80.27822134387351,0.0,0.0,-0.0,0.0,12.232788508446655,616
35.0,12.872609293323928,80.13449155587494,0.0,0.0,-0.0,0.0,12.232788508446655,616
36.0,12.872609293323928,80.14347466762486,0.0,0.0,-0.0,0.0,12.232788508446655,616
37.0,12.872609293323928,80.15245777937477,1.167050269994287,0.0,-0.0,1.167050269994287,14.465481875854024,570
38.0,12.872609293323928,80.16144089112467,3.345749742290838,0.0,-0.0,3.345749742290838,18.633569563622828,505
39.0,12.872609293323928,80.17042400287458,5.645530764876284,0.0,-0.0,5.645530764876284,23.03329935044769,476
40.0,12.872609293323928,80.1794071146245,5.969957466452876,0.0,-0.8295298134739311,5.140427652978945,22.066982477228912,484
41.0,12.872609293323928,80.18839022637441,5.440919543156055,0.0,-0.8928367199898082,4.548082823166247,20.933762763610808,490
42.0,12.872609293323928,80.19737333812432,155.37326582098683,0.28122264528860824,-0.0,155.65448846627544,310.0166568996012,86
43.0,12.872609293323928,80.20635644987422,279.72622852224777,1.093405283579294,-0.0,280.81963380582704,549.4711148738614,22
44.0,12.872609293323928,80.21533956162413,194.27307150194383,1.6430417907270825,-0.0,195.91611329267093,387.04149894978735,56
45.0,12.872609293323928,80.22432267337405,29.503151436890242,0.9542290061417096,-0.0,30.45738044303195,70.50105085510054,351
46.0,12.872609293323928,80.23330578512396,10.169802984779786,0.0,-1.569090397066618,8.600712587713168,28.686881741001464,445
47.0,12.872609293323928,80.24228889687387,9.027931320487598,0.0,-2.9132771747536914,6.1146541457339065,23.930783107459856,471
48.0,12.872609293323928,80.25127200862377,6.125360361565144,0.0,-2.0904517413524797,4.034908620212664,19.95200502042067,494
49.0,12.872609293323928,80.26025512037369,2.2753613478258234,0.0,-0.5797262753620082,1.6956350724638152,15.476721762368792,550
50.0,12.872609293323928,80.2692382321236,0.0,0.0,-0.0,0.0,12.232788508446655,616
51.0,12.872609293323928,80.27822134387351,0.0,0.0,-0.0,0.0,12.232788508446655,616
52.0,12.8816530106535,80.13449155587494,2.5458004578282285,0.0,-0.4925725143507421,2.0532279434774865,16.160835593513603,543
53.0,12.8816530106535,80.14347466762486,0.0,0.0,-0.6654347352497929,-0.6654347352497929,10.959739902029758,641
54.0,12.8816530106535,80.15245777937477,0.0,0.0,-0.0,0.0,12.232788508446655,616
55.0,12.8816530106535,80.16144089112467,0.45113301184979754,0.0,-0.0,0.45113301184979754,13.095854744128587,591
56.0,12.8816530106535,80.17042400287458,1.915360545643102,0.0,-1.66520706132901,0.250153484314092,12.71135917469966,595
57.0,12.8816530106535,80.1794071146245,2.5716901863783006,0.7626851573818436,-4.510279000719338,-1.1759036569591936,9.983157654399799,643
58.0,12.8816530106535,80.18839022637441,34.546673267169595,0.9024832527675882,-4.732314364909685,30.7168421550275,70.99742916746875,348
59.0,12.8816530106535,80.19737333812432,306.49761146490107,0.730809291302881,-1.5191550510061842,305.70926570519777,597.0876721788078,17
60.0,12.8816530106535,80.20635644987422,515.0789197368566,1.2364900237485006,-0.0,516.3154097606051,1000.0,1
61.0,12.8816530106535,80.21533956162413,353.3230982245284,1.8580256999107763,-0.0,355.1811239244392,691.7326866733066,7
62.0,12.8816530106535,80.22432267337405,86.75334101370221,1.0791061868951561,-0.0,87.83244720059737,180.2657579099204,180
63.0,12.8816530106535,80.23330578512396,13.701590905680916,0.0,-0.7846665958642817,12.916924309816634,36.944261506068074,416
64.0,12.8816530106535,80.24228889687387,9.291741108636323,0.0,-1.4568316652897602,7.834909443346563,27.22181751444043,454
65.0,12.8816530106535,80.25127200862377,5.491930928846002,0.0,-1.0453768535833328,4.446554075262669,20.739527289892436,491
66.0,12.8816530106535,80.26025512037369,2.201718938504641,0.0,-0.0,2.201718938504641,16.44491492431953,539
67.0,12.8816530106535,80.2692382321236,0.0,0.0,-0.0,0.0,12.232788508446655,616
68.0,12.8816530106535,80.27822134387351,0.0,0.0,-0.0,0.0,12.232788508446655,616
69.0,12.89069672798307,80.13449155587494,34.26584996866883,0.0,-2.136666765458743,32.12918320321009,73.69939031847373,341
70.0,12.89069672798307,80.14347466762486,0.5460102420134716,0.0,-2.2688394716113605,-1.7228292295978889,8.936829891241944,645
71.0,12.89069672798307,80.15245777937477,0.0,0.0,-1.1847635876576568,-1.1847635876576568,9.966207648890402,644
72.0,12.89069672798307,80.16144089112467,2.25880649307074,0.0,-0.0,2.25880649307074,16.554129589461468,534
73.0,12.89069672798307,80.17042400287458,5.0049562294078465,0.5127356536868818,-2.8561827734962475,2.6615091095984806,17.324543241791524,521
74.0,12.89069672798307,80.1794071146245,6.18968393226891,1.569621363065365,-7.662787054837981,0.09651824049629365,12.417438339675398,599
75.0,12.89069672798307,80.18839022637441,31.737500940946486,1.8573174315942016,-7.967347407513939,25.627470965026745,61.26091173343871,365
76.0,12.89069672798307,80.19737333812432,256.65997382702244,0.8495075029680591,-3.2101747983866447,254.29930653160383,498.73486097888514,28
77.0,12.89069672798307,80.20635644987422,430.63266392138576,1.5800063964868991,-0.0,432.21267031787266,839.1023648574296,3
78.0,12.89069672798307,80.21533956162413,309.4561429570965,3.2357735353894563,-0.0,312.691916492486,610.4462382153646,15
79.0,12.89069672798307,80.22432267337405,89.80866890234786,3.174044238521517,-0.0,92.98271314086938,190.11877358617375,174
80.0,12.89069672798307,80.23330578512396,39.184610549140466,0.9860401390171414,-0.0,40.17065068815761,89.08358719454509,310
81.0,12.89069672798307,80.24228889687387,11.509768050027166,0.0,-0.0,11.509768050027166,34.252219415924785,425
82.0,12.89069672798307,80.25127200862377,5.275531929347726,0.0,-0.0,5.275531929347726,22.325451567646436,483
83.0,12.89069672798307,80.26025512037369,0.9809445810667877,0.0,-0.0,0.9809445810667877,14.109441568089697,574
84.0,12.89069672798307,80.2692382321236,0.0,0.0,-0.0,0.0,12.232788508446655,616
85.0,12.89069672798307,80.27822134387351,0.0,0.0,-0.0,0.0,12.232788508446655,616
86.0,12.899740445312641,80.13449155587494,20.771851292272892,0.0,-3.8185573004454483,16.953293991827444,44.66627318725628,396
87.0,12.899740445312641,80.14347466762486,5.204279914059013,0.0,-5.492466105206244,-0.288186191147231,11.681457161292292,637
88.0,12.899740445312641,80.15245777937477,3.930668610298785,0.0,-3.7251433590329324,0.20552525126585275,12.625980538930696,596
89.0,12.899740445312641,80.16144089112467,8.140348865635831,0.0,-0.4227436018468754,7.717605263788956,26.997401934065547,456
90.0,12.899740445312641,80.17042400287458,12.683667926524329,0.3878194658833259,-1.8755710405390338,11.19591635186862,33.65178717847579,428
91.0,12.899740445312641,80.1794071146245,13.632668537447126,1.1871717166633349,-4.9778055839171,9.84203467019336,31.06166511719947,436
92.0,12.899740445312641,80.18839022637441,10.336312820990567,1.4047600599140078,-5.121458086910584,6.619614793993991,24.896827432335026,463
93.0,12.899740445312641,80.19737333812432,74.73045936262449,0.6425329922724901,-2.042600268318858,73.33039208657812,152.52175827312206,214
94.0,12.899740445312641,80.20635644987422,146.84165514474967,2.7347666065818954,-0.0,149.57642175133157,298.38865801213154,91
95.0,12.899740445312641,80.21533956162413,133.52993235441724,14.398350591912846,-0.0,147.92828294633009,295.2355902539522,97
96.0,12.899740445312641,80.22432267337405,90.53746612457095,18.344648083053507,-0.0,108.88211420762445,220.536047134868,151
97.0,12.899740445312641,80.23330578512396,66.46864118825346,10.118995230911013,-0.0,76.58763641916447,158.7532189088549,206
98.0,12.899740445312641,80.24228889687387,22.349989789725363,1.488407437530131,-0.0,23.838397227255495,57.838220208639065,371
99.0,12.899740445312641,80.25127200862377,5.588723606786222,0.0,-0.0,5.588723606786222,22.92462111408555,477
100.0,12.899740445312641,80.26025512037369,0.999140796765135,0.0,-0.0,0.999140796765135,14.144252896398472,573
101.0,12.899740445312641,80.2692382321236,0.0,0.0,-0.0,0.0,12.232788508446655,616
102.0,12.899740445312641,80.27822134387351,0.0,0.0,-0.0,0.0,12.232788508446655,616
103.0,12.908784162642213,80.13449155587494,21.351600978873286,1.8397200868509618,-6.632931265435129,16.558389800289117,43.910778765226524,398
104.0,12.908784162642213,80.14347466762486,17.530573531584235,1.6398851697979167,-9.310456847595365,9.860001853786788,31.096038282324766,435
105.0,12.908784162642213,80.15245777937477,14.342701259257309,0.7513886893145549,-7.44547533709018,7.648614611481683,26.86541535578361,459
106.0,12.908784162642213,80.16144089112467,15.394434292693319,0.0,-3.665125377830212,11.729308914863108,34.67222483076993,422
107.0,12.908784162642213,80.17042400287458,16.95244397330223,0.0,-1.6514082661161662,15.301035707186065,41.50532441905905,406
108.0,12.908784162642213,80.1794071146245,20.23195813130362,0.32998964812648884,-1.2813607241018314,19.28058705532828,49.11863648341225,388
109.0,12.908784162642213,80.18839022637441,21.34366659597505,0.39046876622606075,-0.6476214341448522,21.08651392805626,52.57356987782571,382
110.0,12.908784162642213,80.19737333812432,21.161037713894043,0.0,-0.0,21.161037713894043,52.71614193888604,381
111.0,12.908784162642213,80.20635644987422,14.293893944378292,6.88615532269281,-0.0,21.1800492670711,52.75251309595946,380
112.0,12.908784162642213,80.21533956162413,45.46638111713232,23.021000431802715,-0.0,68.48738154893503,143.25655540766823,226
113.0,12.908784162642213,80.22432267337405,77.37790281370441,30.21953546828362,-0.0,107.59743828198803,218.0783231685727,153
114.0,12.908784162642213,80.23330578512396,60.66310000801923,18.583463063358334,-0.0,79.24656307137757,163.84003312196324,199
115.0,12.908784162642213,80.24228889687387,22.924558734274807,4.534051148262572,-0.0,27.45860988253738,64.7640784958675,359
116.0,12.908784162642213,80.25127200862377,4.153305798020335,0.4366147979853069,-0.0,4.5899205960056415,21.01380294724923,489
117.0,12.908784162642213,80.26025512037369,1.1191065412530556,0.0,-0.0,1.1191065412530556,14.373760338297762,571
118.0,12.908784162642213,80.2692382321236,0.0,0.0,-0.0,0.0,12.232788508446655,616
119.0,12.908784162642213,80.27822134387351,0.0,0.0,-0.0,0.0,12.232788508446655,616
120.0,12.917827879971783,80.13449155587494,53.99397203532254,6.861675869359844,-11.48366873780735,49.371979166875036,106.68672357518233,277
121.0,12.917827879971783,80.14347466762486,38.88218070728196,5.999168742789124,-13.220290316410686,31.661059133660398,72.80381835205581,344
122.0,12.917827879971783,80.15245777937477,24.25938240877722,3.1385890526633045,-12.075633847328492,15.322337614112035,41.546077270525316,405
123.0,12.917827879971783,80.16144089112467,18.14657115501137,1.3070938296150025,-7.5436345701291785,11.910030414497193,35.01796460218776,419
124.0,12.917827879971783,80.17042400287458,16.429684451251873,0.6658550612008842,-4.541230382775527,12.554309129677229,36.250539454470044,417
125.0,12.917827879971783,80.1794071146245,34.251482606515886,0.0,-1.406893523771711,32.84458908274417,75.06803912761869,338
126.0,12.917827879971783,80.18839022637441,63.61891918606132,0.0,-0.8881620682593473,62.73075711780197,132.24351036882092,236
127.0,12.917827879971783,80.19737333812432,65.90465713904089,0.0,-2.133587497299196,63.7710696417417,134.23374072303045,235
128.0,12.917827879971783,80.20635644987422,33.06930106788941,4.344106897245412,-1.7154716684716356,35.69793629666319,80.52680089925897,325
129.0,12.917827879971783,80.21533956162413,26.582158236693648,15.692444640391962,-0.561502451238657,41.71310042584695,92.0344603380945,304
130.0,12.917827879971783,80.22432267337405,34.3956650957367,22.152696311193065,-0.0,56.54836140692977,120.41591883035217,253
131.0,12.917827879971783,80.23330578512396,31.94919595465536,14.751547956495196,-0.0,46.70074391115055,101.57636167254553,289
132.0,12.917827879971783,80.24228889687387,13.941848536523052,5.044113337835574,-0.0,18.985961874358626,48.5549866524368,389
133.0,12.917827879971783,80.25127200862377,6.7934275922926854,1.073924373728932,-0.0,7.867351966021618,27.28388356854358,453
134.0,12.917827879971783,80.26025512037369,3.2521015370959887,0.0,-0.0,3.2521015370959887,18.454410420281754,508
135.0,12.917827879971783,80.2692382321236,0.9636787938084,0.0,-0.0,0.9636787938084,14.076410249999984,575
136.0,12.917827879971783,80.27822134387351,0.0,0.0,-0.0,0.0,12.232788508446655,616
137.0,12.926871597301355,80.13449155587494,64.84635294458464,8.508249506099846,-11.979607798365315,61.37499465231917,129.64979016473913,241
138.0,12.926871597301355,80.14347466762486,41.46980591461165,6.961966269774101,-13.063063832471194,35.368708351914556,79.89695223934733,326
139.0,12.926871597301355,80.15245777937477,20.57190070204617,4.365207496853935,-10.764617171786623,14.172491027113482,39.34629640903746,410
140.0,12.926871597301355,80.16144089112467,13.286383873194687,2.2729673683288407,-7.349417056462821,8.209934185060707,27.939280399259378,448
141.0,12.926871597301355,80.17042400287458,13.28173189801879,1.2855948827973414,-4.575007559454495,9.992319221361637,31.349175714852517,433
142.0,12.926871597301355,80.1794071146245,54.869823265705236,0.32386055502826194,-3.2498377359535713,51.94384608477993,111.60698310221093,263
143.0,12.926871597301355,80.18839022637441,109.20662736133119,0.0,-3.857509647867759,105.34911771346343,213.77704279512741,158
144.0,12.926871597301355,80.19737333812432,115.34061783149231,0.0,-5.980307019617636,109.36031081187467,221.45088894937817,148
145.0,12.926871597301355,80.20635644987422,80.64657429580484,0.0,-5.314831577748983,75.33174271805586,156.3505584504947,210
146.0,12.926871597301355,80.21533956162413,38.60765171086493,3.0498619031035203,-2.031470829629954,39.626042784338495,88.04169338246403,313
147.0,12.926871597301355,80.22432267337405,16.537329817892854,8.410211125310317,-0.0,24.947540943203173,59.960132076334425,367
148.0,12.926871597301355,80.23330578512396,18.965324596466495,6.433332659161122,-0.6405958407139729,24.758061414913644,59.59763724903484,369
149.0,12.926871597301355,80.24228889687387,17.033935613038953,4.6659185414445385,-0.8339043479658331,20.865949806517655,52.15160686225683,384
150.0,12.926871597301355,80.25127200862377,16.096547266956108,1.5832865563212273,-1.130326344103173,16.54950747917416,43.89378592442916,399
151.0,12.926871597301355,80.26025512037369,9.783868207987915,0.0,-0.5582519928956121,9.225616215092304,29.882389955163514,437
152.0,12.926871597301355,80.2692382321236,1.302421707256752,0.0,-0.0,1.302421707256752,14.72446207395105,565
153.0,12.926871597301355,80.27822134387351,0.0,0.0,-0.0,0.0,12.232788508446655,616
154.0,12.935915314630925,80.13449155587494,55.364123519423984,7.065737232135293,-7.897075338079682,54.532785413479594,116.55990399724325,261
155.0,12.935915314630925,80.14347466762486,36.796438274358316,5.898408315482681,-8.373991884574593,34.320854705266406,77.89229490192483,332
156.0,12.935915314630925,80.15245777937477,18.512768191183447,3.4740675496781965,-6.271057820354786,15.715777920506858,42.2987711219759,403
157.0,12.935915314630925,80.16144089112467,8.51995713561919,1.4000455535884269,-3.520161830633109,6.399840858574509,24.4763761282601,465
158.0,12.935915314630925,80.17042400287458,10.146801412657545,0.9122107378646624,-3.146422421152976,7.912589729369231,27.370428301687813,451
159.0,12.935915314630925,80.1794071146245,55.27694379610866,0.3212228585331938,-4.9690481606594545,50.6291184939824,109.09176705077599,273
160.0,12.935915314630925,80.18839022637441,99.45756030190446,0.796428433303525,-8.533474773135469,91.72051396207252,187.70405006714267,176
161.0,12.935915314630925,80.19737333812432,122.00237810701103,2.7595090097150825,-9.861619716775586,114.90026739995054,232.04942497472206,138
162.0,12.935915314630925,80.20635644987422,114.70412333779498,4.752457024149663,-7.896543466366578,111.56003689557807,225.6592028185156,141
163.0,12.935915314630925,80.21533956162413,76.94733451752171,3.5595781175932366,-2.579478619281766,77.92743401583317,161.3163965925079,202
164.0,12.935915314630925,80.22432267337405,39.50121886423241,5.2949045442874345,-0.5635250064312066,44.23259840208864,96.85453241671941,295
165.0,12.935915314630925,80.23330578512396,47.18175099548374,8.532843800518176,-1.8971318108587454,53.81746298514317,115.19141483926357,262
166.0,12.935915314630925,80.24228889687387,63.62092077540861,6.30970986859052,-3.6083858469245693,66.32224479707456,139.11441467072083,230
167.0,12.935915314630925,80.25127200862377,62.102607374504515,1.5572375470955413,-3.5568153725227933,60.10302954907726,127.2163833761903,243
168.0,12.935915314630925,80.26025512037369,42.106881546004445,0.29922956475340207,-1.8177327253445705,40.58837838541328,89.8827454510696,307
169.0,12.935915314630925,80.2692382321236,15.044288119587586,0.0,-0.5521924230014743,14.492095696586112,39.95773470271735,408
170.0,12.935915314630925,80.27822134387351,0.0,0.0,-0.0,0.0,12.232788508446655,616
171.0,12.944959031960497,80.13449155587494,47.97770921983377,8.733204756522445,-8.10714231639701,48.60377165995921,105.21705954306492,280
172.0,12.944959031960497,80.14347466762486,50.265495861587745,9.50631404582868,-11.852838397918507,47.91897150949792,103.90696280323728,282
173.0,12.944959031960497,80.15245777937477,31.04647567993171,4.483035714771936,-6.856059180121521,28.673452214582127,67.08820324605094,356
174.0,12.944959031960497,80.16144089112467,17.594560350284095,0.7520008532573736,-0.4669779150890194,17.87958328845245,46.43836477752275,394
175.0,12.944959031960497,80.17042400287458,28.425320101932584,1.198688263996314,-2.4601160148151386,27.16389235111376,64.20025198848711,360
176.0,12.944959031960497,80.1794071146245,45.32042952755924,2.2290936590907826,-8.974781036327336,38.574742150322685,86.03044158546155,318
177.0,12.944959031960497,80.18839022637441,62.784466561453996,2.9671014875748525,-14.965316752274472,50.78625129675437,109.39237909429389,271
178.0,12.944959031960497,80.19737333812432,85.6003502711645,6.952476658898663,-14.168622409431539,78.38420452063163,162.1902479618202,201
179.0,12.944959031960497,80.20635644987422,105.36225814915406,11.07551330014234,-7.39018671138153,109.04758473791487,220.85261015274264,149
180.0,12.944959031960497,80.21533956162413,88.60736437927899,10.179580133782231,-2.2324628031235574,96.55448170993768,196.9519530978943,170
181.0,12.944959031960497,80.22432267337405,69.18357001648988,8.272041101451519,-1.1595048790845168,76.29610623885688,158.195490148829,207
182.0,12.944959031960497,80.23330578512396,116.87352109569679,9.412911629845517,-3.791349681168178,122.49508304437413,246.57912858043676,132
183.0,12.944959031960497,80.24228889687387,155.81784436117843,8.157165165845406,-6.0449304384126314,157.93007908861122,314.3701078348795,83
184.0,12.944959031960497,80.25127200862377,133.2672829809755,3.6898967288393907,-5.60533237163831,131.35184733817658,263.52307641531445,118
185.0,12.944959031960497,80.26025512037369,85.59886911332143,1.0334046277036457,-2.6944825787349584,83.93779116229011,172.814859753576,188
186.0,12.944959031960497,80.2692382321236,32.027519684833976,0.0,-0.6608075621684014,31.366712122665575,72.24070069032258,346
187.0,12.944959031960497,80.27822134387351,0.4365805893420427,0.0,-0.0,0.4365805893420427,13.068014386221012,592
188.0,12.954002749290067,80.13449155587494,64.46571775765103,9.669293823508479,-11.877996705704275,62.25701487545524,131.3371902303119,237
189.0,12.954002749290067,80.14347466762486,49.68910953592223,12.815282287880057,-18.56261251083093,43.941779312971356,96.29816405103556,296
190.0,12.954002749290067,80.15245777937477,47.32115767985377,7.5272968395955955,-12.34771151731698,42.50074300213238,93.5413057595593,299
191.0,12.954002749290067,80.16144089112467,36.9744106966061,0.9563436684822516,-3.2084389607461654,34.72231540434219,78.66033263187249,329
192.0,12.954002749290067,80.17042400287458,38.54273086857184,2.827358868569603,-3.2890454803182716,38.08104425682317,85.08594412835993,321
193.0,12.954002749290067,80.1794071146245,41.750055149983474,4.330908410105348,-11.035405012133667,35.04555854795515,79.27873172003525,328
194.0,12.954002749290067,80.18839022637441,44.04241252078945,5.137333286929356,-18.70689517775074,30.47285062996806,70.53064699560353,350
195.0,12.954002749290067,80.19737333812432,49.913598527739396,8.34379115161707,-16.353531742712587,41.903857936643874,92.39940008412748,302
196.0,12.954002749290067,80.20635644987422,68.20795513249757,12.802718905311524,-8.78040401409572,72.23027002371337,150.41710580334572,217
197.0,12.954002749290067,80.21533956162413,59.80925651974607,12.310276446755514,-3.3195651320694766,68.79996783443211,143.85456677385838,223
198.0,12.954002749290067,80.22432267337405,75.91766638086779,7.846790185911083,-2.120871972909464,81.6435845938694,168.4257945003711,194
199.0,12.954002749290067,80.23330578512396,159.39861428530293,9.805994826475729,-7.698297064796773,161.5063120469819,321.2118282060996,79
200.0,12.954002749290067,80.24228889687387,204.6018378034037,15.756129583364862,-11.344662168087124,209.01330521868144,412.09784339072405,48
201.0,12.954002749290067,80.25127200862377,156.9620769923631,12.314098579589052,-8.110772230260284,161.16540334169187,320.55963298815396,81
202.0,12.954002749290067,80.26025512037369,81.6013328498602,4.44968417054605,-3.856939832469755,82.1940771879365,169.4789463612472,193
203.0,12.954002749290067,80.2692382321236,30.727250291983417,0.4326782070942155,-0.806667520522348,30.353260978555284,70.30185906042644,352
204.0,12.954002749290067,80.27822134387351,1.6822404675087865,0.0,-0.0,1.6822404675087865,15.451096434642093,551
205.0,12.96304646661964,80.13449155587494,68.04427898338771,9.089335934190737,-14.96038964502366,62.173225272554795,131.17689165923628,239
206.0,12.96304646661964,80.14347466762486,55.856936932631186,14.063687449315676,-20.27021284613231,49.650411535814555,107.21939480570767,276
207.0,12.96304646661964,80.15245777937477,52.77686070878208,9.492705069757697,-13.17408889935183,49.09547687918795,106.15774479880541,279
208.0,12.96304646661964,80.16144089112467,39.11477822883752,3.5656521688284712,-4.388252525026326,38.29217787263967,85.48986556669912,320
209.0,12.96304646661964,80.17042400287458,26.47731716729163,2.350375809672639,-2.7609065555550703,26.066786421409198,62.10136970760074,364
210.0,12.96304646661964,80.1794071146245,34.31602655480121,5.965315872162469,-9.675764677254989,30.605577749708694,70.78456832833366,349
211.0,12.96304646661964,80.18839022637441,51.18053556931142,8.336684593979948,-17.35849138299807,42.15872878029329,92.88699556890839,300
212.0,12.96304646661964,80.19737333812432,48.899132913547966,8.52394182044233,-16.92987345667533,40.49320127731497,89.70066135114375,308
213.0,12.96304646661964,80.20635644987422,48.96618527081422,14.219645809746629,-12.287707209325186,50.89812387123567,109.6064034268022,270
214.0,12.96304646661964,80.21533956162413,67.06173905647066,18.89867070174006,-11.176377482505984,74.78403227570473,155.3027291467038,213
215.0,12.96304646661964,80.22432267337405,85.63981258489224,14.426365594081291,-9.726003985744683,90.34017419322885,185.06331082402423,177
216.0,12.96304646661964,80.23330578512396,136.72372213938093,15.99078194174989,-13.426052903170422,139.2884511779604,278.7066577985843,112
217.0,12.96304646661964,80.24228889687387,173.54332504656702,23.74815336697084,-15.123637867287979,182.16784054624986,360.73956649370547,64
218.0,12.96304646661964,80.25127200862377,141.809808437244,22.65734908102439,-13.4950183301006,150.97213918816777,301.0588163970092,89
219.0,12.96304646661964,80.26025512037369,96.51491614585427,9.908038031461654,-8.341664308205754,98.08128986911018,199.87290221031307,165
220.0,12.96304646661964,80.2692382321236,48.62775950428886,1.5389344632052908,-3.2187303720588845,46.94796359543527,102.04931966209104,287
221.0,12.96304646661964,80.27822134387351,5.307836361272476,0.0,-0.0,5.307836361272476,22.38725343921158,482
222.0,12.972090183949211,80.13449155587494,56.89595797440974,7.289977469122419,-13.693106630516695,50.492828813015464,108.83103015317651,274
223.0,12.972090183949211,80.14347466762486,58.93640532579538,11.545566621449074,-15.21440803634933,55.26756391089512,117.96561471928544,257
224.0,12.972090183949211,80.15245777937477,45.58081570132546,9.083242953129172,-7.892109785156589,46.77194886929804,101.71258445734743,288
225.0,12.972090183949211,80.16144089112467,23.649605148543582,3.147133735165701,-2.4081675049978473,24.388571378711433,58.890762854364745,370
226.0,12.972090183949211,80.17042400287458,13.287834013820842,1.6764005754482494,-1.1122316344451981,13.852002954823893,38.7331680702405,411
227.0,12.972090183949211,80.1794071146245,44.91842495227954,7.9754684478908935,-9.25597895869354,43.63791444147689,95.71683769293693,298
228.0,12.972090183949211,80.18839022637441,77.83474532738283,11.654268145597904,-18.560183419220174,70.92883005376055,147.9273104074655,220
229.0,12.972090183949211,80.19737333812432,72.4591290699805,11.07664674635186,-17.57324745156002,65.96252836477234,138.4262382371962,232
230.0,12.972090183949211,80.20635644987422,82.049527464016,16.34193257388976,-15.036985826385614,83.35447421152014,171.69891134881124,189
231.0,12.972090183949211,80.21533956162413,120.72844260140246,26.47129071319136,-21.73919561679401,125.46053769779982,252.25236400677642,127
232.0,12.972090183949211,80.22432267337405,119.15818156443393,25.103978972201322,-23.31502246204786,120.9471380745874,243.61774246364902,133
233.0,12.972090183949211,80.23330578512396,104.29738207168177,20.72792555170399,-19.803380361211662,105.22192726217409,213.53371370786138,159
234.0,12.972090183949211,80.24228889687387,121.55436730968684,31.38093049473313,-14.686862413400974,138.248435391019,276.71699513434066,113
235.0,12.972090183949211,80.25127200862377,189.13422150209115,36.91765054233042,-13.634519481880265,212.4173525625413,418.61015406180917,46
236.0,12.972090183949211,80.26025512037369,213.94540131538542,21.18233176426331,-12.205256945241171,222.9224761344076,438.70759144367577,37
237.0,12.972090183949211,80.2692382321236,148.05489193283412,6.281394421297335,-6.389592388486167,147.9466939656453,295.27081252480815,96
238.0,12.972090183949211,80.27822134387351,41.22575352526533,0.0,-0.5599986858579269,40.665754839407406,90.030774974791,306
239.0,12.981133901278781,80.13449155587494,31.80152903513035,2.995068150959691,-7.648244595762717,27.14835259032732,64.17052274568496,361
240.0,12.981133901278781,80.14347466762486,43.43877694779785,5.230548322425436,-6.739480322222542,41.92984494800074,92.44911604700155,301
241.0,12.981133901278781,80.15245777937477,28.769729693065493,3.927559499703702,-2.626642969355741,30.070646223413455,69.76118647282684,353
242.0,12.981133901278781,80.16144089112467,9.61595696183898,1.2368187303188702,-0.42347102087471455,10.429304671283136,32.185176134695645,431
243.0,12.981133901278781,80.17042400287458,14.433979460962991,1.6742794156999947,-0.8947698092623751,15.213489067400612,41.337838230148996,407
244.0,12.981133901278781,80.1794071146245,55.45891046512847,8.411609812022675,-8.778235544918815,55.09228473223233,117.63028669640008,259
245.0,12.981133901278781,80.18839022637441,92.25939633776682,12.0466841948841,-17.199568164731495,87.10651236791944,178.8769660748455,181
246.0,12.981133901278781,80.19737333812432,78.46067527273746,8.507374330877997,-15.896690796143364,71.0713588074721,148.19998332589788,219
247.0,12.981133901278781,80.20635644987422,88.49886313044381,11.606384201260937,-15.697495668031223,84.40775166367352,173.7139450126774,186
248.0,12.981133901278781,80.21533956162413,142.33895713940774,24.35271034164118,-26.279653052847088,140.41201442820181,280.85615579466366,107
249.0,12.981133901278781,80.22432267337405,134.08760771495815,27.957225611762226,-31.771065354496034,130.27376797222433,261.4605940083552,121
250.0,12.981133901278781,80.23330578512396,78.65045316729784,26.924142500633852,-23.000356094394988,82.5742395735367,170.20623811438782,190
251.0,12.981133901278781,80.24228889687387,109.60488555119838,41.67523686493278,-11.271158708152267,140.0089637079789,280.0850761823219,110
252.0,12.981133901278781,80.25127200862377,265.2915566744425,53.48190786656248,-9.268270188712927,309.5051943522921,604.3496941597123,16
253.0,12.981133901278781,80.26025512037369,382.9023035234679,38.420993629539744,-11.806070541710579,409.517226611297,795.6835268374642,4
254.0,12.981133901278781,80.2692382321236,297.616350824674,15.419035204046883,-7.8454563366684775,305.18992969205243,596.0941262264032,18
255.0,12.981133901278781,80.27822134387351,95.15732830118625,3.5005261454754795,-1.6170783782361853,97.04077606842554,197.88228679192514,168
256.0,12.990177618608353,80.13449155587494,14.58522902429184,0.0,-1.1456298244658245,13.439599199826015,37.944195090968435,413
257.0,12.990177618608353,80.14347466762486,23.34001137865396,0.0,-0.8587251002854095,22.48128627836855,55.241920209984656,376
258.0,12.990177618608353,80.15245777937477,11.794732227077906,0.0,-0.0,11.794732227077906,34.79738670169475,421
259.0,12.990177618608353,80.16144089112467,6.147802460991279,0.0,-0.0,6.147802460991279,23.994199419095022,469
260.0,12.990177618608353,80.17042400287458,7.390031268939247,0.7572197048859858,-0.0,8.147250973825233,27.81936063781335,449
261.0,12.990177618608353,80.1794071146245,41.96545288250454,4.635225269772324,-4.752426973874513,41.84825117840236,92.29301834248282,303
262.0,12.990177618608353,80.18839022637441,76.02316135879039,6.43373535349369,-9.472791580083861,72.98410513220021,151.85927388308542,215
263.0,12.990177618608353,80.19737333812432,71.98846002839737,4.835896268350258,-8.257537170627575,68.56681912612005,143.4085280829368,225
264.0,12.990177618608353,80.20635644987422,82.4507748609137,4.485283819118201,-9.731155796857017,77.20490288317487,159.93411640363527,204
265.0,12.990177618608353,80.21533956162413,122.68446289533071,14.724804416245357,-19.687844817818085,117.72142249375797,237.4465997394408,134
266.0,12.990177618608353,80.22432267337405,101.86675964074894,21.411972044218317,-24.19045336777426,99.08827831719299,201.79938000385434,164
267.0,12.990177618608353,80.23330578512396,47.128171798763674,25.404700580972374,-17.39583733410251,55.13703504563354,117.71589888508564,258
268.0,12.990177618608353,80.24228889687387,118.30046317840304,41.044834570051414,-10.575468114255989,148.76982963419846,296.84556006988527,95
269.0,12.990177618608353,80.25127200862377,302.4310796940758,50.55818702398701,-13.00404530261316,339.9852214154496,662.661281939596,8
270.0,12.990177618608353,80.26025512037369,439.4712563185973,37.92626802671533,-11.920263342570113,465.47726100274247,902.7411239590348,2
271.0,12.990177618608353,80.2692382321236,353.41567351068943,14.970411703268397,-7.52097919922281,360.865106014735,702.6067590588327,6
272.0,12.990177618608353,80.27822134387351,131.49096539330498,4.12544017813161,-2.5550488394324136,133.06135673200419,266.7935527463282,117
273.0,12.999221335937923,80.13449155587494,13.06105976766215,0.0,-1.1545126269857007,11.906547140676448,35.011300722699104,420
274.0,12.999221335937923,80.14347466762486,18.67511178257531,0.0,-1.1889200336229186,17.486191748952393,45.68576422241534,395
275.0,12.999221335937923,80.15245777937477,39.29055072231787,0.5051085198406402,-1.1458099083773545,38.649849333781155,86.17412974925692,317
276.0,12.999221335937923,80.16144089112467,34.537389079931174,0.45908428980854693,-0.45683160810309303,34.539641761636624,78.31085819966071,330
277.0,12.999221335937923,80.17042400287458,18.75853314712816,0.0,-0.44539652592370305,18.313136621204457,47.267799186082975,391
278.0,12.999221335937923,80.1794071146245,44.46830875638622,1.3375902779884603,-0.9417408386413002,44.86415819573338,98.06277459672307,293
279.0,12.999221335937923,80.18839022637441,99.73602871573019,3.4756990810187123,-2.3000970220844255,100.91163077466447,205.2876504262265,162
280.0,12.999221335937923,80.19737333812432,115.01598091772428,15.543804247563667,-2.581700204797943,127.97808496049,257.0687041594336,124
281.0,12.999221335937923,80.20635644987422,108.32021145881234,24.360405301302936,-4.839943590472846,127.84067316964243,256.8058205442913,125
282.0,12.999221335937923,80.21533956162413,120.19866886282381,21.507465024290084,-10.607008758822,131.0991251282919,263.0395914992715,119
283.0,12.999221335937923,80.22432267337405,98.56318949588712,17.622897441769588,-11.943752248608869,104.24233468904784,211.6596471856102,160
284.0,12.999221335937923,80.23330578512396,60.12260121926836,23.223118374379435,-7.991664444686333,75.35405514896146,156.39324454360866,209
285.0,12.999221335937923,80.24228889687387,119.77751696225084,30.361942222336044,-15.968198605642279,134.1712605789446,268.9169188268107,116
286.0,12.999221335937923,80.25127200862377,248.40957141762215,28.395973667785366,-22.282439384376556,254.52310570103097,499.16301299089207,27
287.0,12.999221335937923,80.26025512037369,325.99965976070285,16.148976620438887,-17.71574848026967,324.43288790087206,632.9079861489404,13
288.0,12.999221335937923,80.2692382321236,252.9189496649843,7.962085246024349,-6.872374309244263,254.0086606017644,498.1788238856247,29
289.0,12.999221335937923,80.27822134387351,108.9790044887549,2.2248865415815886,-2.292624734044286,108.9112662962922,220.59181823289865,150
290.0,13.008265053267495,80.13449155587494,20.48130712391478,0.0,-2.522626362024065,17.958680761890715,46.589686797546065,393
291.0,13.008265053267495,80.14347466762486,59.21760509054201,0.6543808817964346,-3.9037161356987102,55.968269836639735,119.30614092722737,254
292.0,13.008265053267495,80.15245777937477,96.19899681357472,1.537295054030406,-4.0960684043023345,93.6402234633028,191.37666193395344,172
293.0,13.008265053267495,80.16144089112467,96.31977591526984,1.996110051730061,-3.982283105193555,94.33360286180634,192.70317170301706,171
294.0,13.008265053267495,80.17042400287458,62.03326302477244,2.7003304581975884,-5.787880703041249,58.945712779928776,125.00231124844916,247
295.0,13.008265053267495,80.1794071146245,80.34137013492642,3.9489645648974285,-5.3456360533250535,78.9446986464988,163.26253383456205,200
296.0,13.008265053267495,80.18839022637441,145.8778373397048,10.499276146761668,-2.3940206144561786,153.9830928720103,306.8190963886491,87
297.0,13.008265053267495,80.19737333812432,155.0317220473621,38.33231336425602,-0.9894600600969539,192.37457535152117,380.2661538983138,59
298.0,13.008265053267495,80.20635644987422,142.47750689288534,59.5457256244565,-4.05890333491094,197.9643291824309,390.959957434106,54
299.0,13.008265053267495,80.21533956162413,194.07696279925165,55.5203365109096,-7.938803078418293,241.65849623174296,474.5516239403536,32
300.0,13.008265053267495,80.22432267337405,204.92620073661817,40.22268507497771,-8.305200646119548,236.84368516547633,465.3403697130393,34
301.0,13.008265053267495,80.23330578512396,148.67605155737016,31.931385405749,-7.748327611703504,172.85910935141567,342.9309571029668,73
302.0,13.008265053267495,80.24228889687387,150.03503776024803,23.323409363433353,-17.619121911782077,155.73932521189928,310.17895876794114,85
303.0,13.008265053267495,80.25127200862377,188.09477125093665,13.16331846697855,-25.791559712023474,175.4665300058917,347.919234772718,69
304.0,13.008265053267495,80.26025512037369,189.89098719022616,5.052014486202118,-19.795293486723157,175.14770818970513,347.3092941620295,70
305.0,13.008265053267495,80.2692382321236,153.17911570299256,3.909889585432234,-7.811763477324496,149.2772418111003,297.8162944341522,92
306.0,13.008265053267495,80.27822134387351,86.15384941407689,1.630403212616293,-1.6135769667546185,86.17067565993855,177.08660925423018,182
307.0,13.017308770597067,80.13449155587494,24.144956843085737,0.0,-2.025668603985816,22.11928823909992,54.54937881560795,377
308.0,13.017308770597067,80.14347466762486,62.0329838405175,0.7319440881085654,-4.246290808822864,58.5186371198032,124.18526932809709,248
309.0,13.017308770597067,80.15245777937477,103.7311695994764,1.7194560910337748,-5.627935037073415,99.82269065343677,203.20439021997953,163
310.0,13.017308770597067,80.16144089112467,114.19231545913826,4.704800670111006,-7.337297236366666,111.5598188928826,225.65878575578512,142
311.0,13.017308770597067,80.17042400287458,88.23838786483157,9.375746288076853,-9.419415844089658,88.19471830881876,180.95882171473252,179
312.0,13.017308770597067,80.1794071146245,95.68844773592656,10.246189671533369,-8.23587946296983,97.6987579444901,199.14107727279344,166
313.0,13.017308770597067,80.18839022637441,133.690554369911,14.942753663508375,-3.6665200422021105,144.96678799121727,289.56993015867357,103
314.0,13.017308770597067,80.19737333812432,129.0335490264891,42.8429077464587,-0.5184046604747492,171.35805211247308,340.0592722855661,74
315.0,13.017308770597067,80.20635644987422,158.3120539064675,69.16543596779606,-6.4807229928351715,220.99676688142836,435.02350140297614,38
316.0,13.017308770597067,80.21533956162413,275.7941437442311,68.8088876639829,-13.137002615799059,331.46602879241493,646.3631452147672,10
317.0,13.017308770597067,80.22432267337405,335.52827370653495,57.8210487190033,-11.461823263026448,381.8874991625118,742.8248704417307,5
318.0,13.017308770597067,80.23330578512396,268.3033064744748,39.6587926207223,-8.618229513611997,299.3438695815851,584.9099810617147,19
319.0,13.017308770597067,80.24228889687387,200.0822643999961,19.052219632998998,-13.216740983612079,205.917743049383,406.1756982171287,51
320.0,13.017308770597067,80.25127200862377,173.62912815643827,9.17169758221151,-21.302214662167625,161.49861107648218,321.1970954167765,80
321.0,13.017308770597067,80.26025512037369,154.81621196053788,3.92836950218055,-18.768859667845184,139.97572179487324,280.02148080788163,111
322.0,13.017308770597067,80.2692382321236,144.55518462459497,3.519160106857574,-7.478556015179356,140.5957887162732,281.20773588048036,106
323.0,13.017308770597067,80.27822134387351,109.53071953571299,2.227433586505222,-1.6580449515694675,110.10010817064875,222.86620129592217,147
324.0,13.026352487926637,80.13449155587494,28.731696905394582,0.28083705248679564,-1.518024203939433,27.494509753941944,64.83275883195628,358
325.0,13.026352487926637,80.14347466762486,41.44065162173694,1.2869763862061672,-1.8509523948443725,40.87667561309874,90.43428922312872,305
326.0,13.026352487926637,80.15245777937477,70.99166295638503,1.9947423118004768,-3.091426933845149,69.89497833434035,145.94944027095164,222
327.0,13.026352487926637,80.16144089112467,87.970401563717,5.667254187944284,-4.6353294997306165,89.00232625193067,182.50386304192426,178
328.0,13.026352487926637,80.17042400287458,76.94298815025068,10.665196041344613,-6.131959259796303,81.476224931799,168.10561736911694,195
329.0,13.026352487926637,80.1794071146245,69.31277782743507,11.914102851645161,-6.19122209906428,75.03565858001596,155.78411747687713,212
330.0,13.026352487926637,80.18839022637441,71.45245676242084,9.687391550024154,-3.7683374111335786,77.37151090131142,160.2528555587637,203
331.0,13.026352487926637,80.19737333812432,68.42735237370896,21.37895676177031,-3.7511576923047607,86.05515144317451,176.8655989351586,183
332.0,13.026352487926637,80.20635644987422,116.55852409505185,37.29544667127654,-13.465167839161051,140.38880292716735,280.8117496831707,108
333.0,13.026352487926637,80.21533956162413,246.21588998637412,45.160100131829346,-22.37997270554783,268.99601741265565,526.8512581474396,23
334.0,13.026352487926637,80.22432267337405,309.87324837753505,41.13094983973704,-22.04767943960985,328.95651877766227,641.5621811865356,12
335.0,13.026352487926637,80.23330578512396,280.7662252974684,29.169561535729446,-13.923591248920477,296.0121955842773,578.536128428795,20
336.0,13.026352487926637,80.24228889687387,221.83306533319626,11.503873056312443,-13.609688759149416,219.7272496303593,432.5947776203365,39
337.0,13.026352487926637,80.25127200862377,206.98213386153387,7.924432527804849,-19.39899895092865,195.50756743841006,386.25990655180567,57
338.0,13.026352487926637,80.26025512037369,189.08763754245868,9.355762047972961,-20.247520958455365,178.19587863197629,353.140773837039,68
339.0,13.026352487926637,80.2692382321236,202.7198085730795,8.639647290897667,-11.095792534440111,200.26366332953705,395.35883229981533,53
340.0,13.026352487926637,80.27822134387351,184.5076465375745,4.882669967899061,-2.6876142810299593,186.70270222444358,369.4152472688468,62
341.0,13.035396205256209,80.13449155587494,52.513529501558665,1.4144839578329196,-2.4892740438182557,51.43873941557333,110.64065942347486,267
342.0,13.035396205256209,80.14347466762486,54.73241791224111,4.291870018108489,-1.0914346188955917,57.93285331145401,123.06460155802559,251
343.0,13.035396205256209,80.15245777937477,61.6405150901728,4.918255472347801,-0.5964563962531125,65.96231416626748,138.4258284522937,233
344.0,13.035396205256209,80.16144089112467,74.19606320436345,3.3023056881253194,-1.4061966133774946,76.09217227911128,157.80534243110014,208
345.0,13.035396205256209,80.17042400287458,65.3798050432665,5.679314044963453,-3.687107361394353,67.3720117268356,141.1227323256343,228
346.0,13.035396205256209,80.1794071146245,53.9083790394742,5.482533954392766,-8.12295538156187,51.267957612305096,110.31393536605039,268
347.0,13.035396205256209,80.18839022637441,45.13934985479957,4.224797044229025,-9.86883470534206,39.49531219368654,87.79159162577852,314
348.0,13.035396205256209,80.19737333812432,48.94428575720865,9.146597121995331,-10.067688906914258,48.02319397228972,104.1063516448261,281
349.0,13.035396205256209,80.20635644987422,77.25848794193499,13.963142235232088,-16.128214658555287,75.09341551861178,155.89461274605287,211
350.0,13.035396205256209,80.21533956162413,143.8677006013717,17.4232405477139,-26.743835314602517,134.5471058344831,269.6359514433032,115
351.0,13.035396205256209,80.22432267337405,198.3125627696072,22.02866545642194,-28.180631391339517,192.16059683468964,379.8567898566948,60
352.0,13.035396205256209,80.23330578512396,194.94785813029375,19.082549940078806,-25.657472144014637,188.37293592635794,372.6105849540887,61
353.0,13.035396205256209,80.24228889687387,226.0809535699832,13.89363269002586,-23.283908383957453,216.6906778760516,426.7854874896445,41
354.0,13.035396205256209,80.25127200862377,256.7820375889721,15.49610347214713,-25.831872190625518,246.44626887049372,483.71115073198496,30
355.0,13.035396205256209,80.26025512037369,222.66256851516033,18.024717596173108,-22.743434421030848,217.94385169030258,429.18294451032654,40
356.0,13.035396205256209,80.2692382321236,228.1414756577003,14.278191127823186,-12.687791844300836,229.73187494122266,451.7347077066985,36
357.0,13.035396205256209,80.27822134387351,233.21170682818052,7.052202383031283,-1.8567700669409206,238.40713914427087,468.33142624115123,33
358.0,13.044439922585779,80.13449155587494,55.80191969557292,2.750377031910735,-3.2795240454062764,55.27277268207738,117.97557966181618,256
359.0,13.044439922585779,80.14347466762486,56.505848885691215,6.142346944257822,-1.0850297430743794,61.56316608687466,130.0097824672726,240
360.0,13.044439922585779,80.15245777937477,52.1164398619905,6.268760299153863,-0.0,58.38520016114436,123.92998999675686,249
361.0,13.044439922585779,80.16144089112467,49.3608510154783,3.101895865238239,-0.7059897601120744,51.75675712060447,111.24906168256915,264
362.0,13.044439922585779,80.17042400287458,41.2440705475313,0.6619890740533192,-4.766560833762723,37.13949878782189,83.28466583058626,322
363.0,13.044439922585779,80.1794071146245,37.50468921181376,0.31595680861554,-12.295561375684716,25.525084644744584,61.065035631025104,366
364.0,13.044439922585779,80.18839022637441,51.46142141292047,1.4000453892074383,-17.50576541027198,35.35570139185593,79.87206851822606,327
365.0,13.044439922585779,80.19737333812432,65.09279160096757,5.736938994271551,-15.329645937000155,55.500084658238976,118.41045205296925,255
366.0,13.044439922585779,80.20635644987422,73.89961854464799,7.910668034325446,-14.731639062914216,67.07864751605922,140.56149486699567,229
367.0,13.044439922585779,80.21533956162413,91.98970438890002,10.185774435037661,-18.18616114587781,83.98931767805988,172.91343555014842,187
368.0,13.044439922585779,80.22432267337405,133.14596594934653,16.92993039061905,-22.05992633655257,128.01597000341303,257.1411823433071,123
369.0,13.044439922585779,80.23330578512396,168.6302501155355,22.063178764273168,-26.67223461167233,164.02119426813633,326.0230698461103,78
370.0,13.044439922585779,80.24228889687387,204.7704172758854,21.75466183001886,-29.504430445111833,197.0206486607924,389.15459454975985,55
371.0,13.044439922585779,80.25127200862377,235.9661291896065,26.524913996251282,-26.491969714082003,235.99907347177577,463.72453620950984,35
372.0,13.044439922585779,80.26025512037369,203.88010307083937,27.765255579900845,-17.641713726957523,214.00364492378267,421.6449028852081,44
373.0,13.044439922585779,80.2692382321236,203.23382370125844,16.707623024164583,-8.952410283488849,210.98903644193416,415.87763086976514,47
374.0,13.044439922585779,80.27822134387351,208.63231708503798,7.636416517559128,-2.333781443841385,213.93495215875572,421.5134861975059,45
375.0,13.05348363991535,80.13449155587494,26.85103557331714,1.4872052965634488,-1.6644256419411354,26.673815227939453,63.2626814565556,362
376.0,13.05348363991535,80.14347466762486,47.96423058104085,4.544591772774448,-1.0152646811505628,51.493557672664735,110.74553267715348,266
377.0,13.05348363991535,80.15245777937477,55.822793818355166,5.084935314972186,-1.6116547117744568,59.296074421552895,125.67259095581082,245
378.0,13.05348363991535,80.16144089112467,61.14843415907322,2.0451359240782554,-0.9901581758844396,62.20341190726703,131.23464195572237,238
379.0,13.05348363991535,80.17042400287458,53.00479869024234,0.0,-2.356988120653561,50.64781056958878,109.12752701270945,272
380.0,13.05348363991535,80.1794071146245,42.269682864167855,0.3133820792398039,-8.942670406229475,33.64039453717818,76.59050101768803,336
381.0,13.05348363991535,80.18839022637441,47.675025960396745,2.302046691015118,-15.840270095841834,34.13680255557003,77.54018323677249,334
382.0,13.05348363991535,80.19737333812432,94.7342868833674,4.351078215743748,-18.30527747209988,80.78008762701128,166.77383142710096,197
383.0,13.05348363991535,80.20635644987422,124.5388335644025,5.1811688308395505,-14.301251272860037,115.41875112238199,233.04134040282702,136
384.0,13.05348363991535,80.21533956162413,116.51921963779895,8.140113389916161,-13.105154156843092,111.55417887087202,225.6479957837858,143
385.0,13.05348363991535,80.22432267337405,110.73511962873421,18.847616967460574,-14.412329673150454,115.17040692304434,232.56623109438397,137
386.0,13.05348363991535,80.23330578512396,130.313489661354,26.45038053414366,-20.92202087956678,135.84184931593086,272.11293573253744,114
387.0,13.05348363991535,80.24228889687387,154.21065912802382,32.850560507701985,-25.978619445785544,161.08260018994028,320.4012216047976,82
388.0,13.05348363991535,80.25127200862377,173.1635403771126,42.206399642868455,-22.501065228745098,192.86887479123598,381.21180217837446,58
389.0,13.05348363991535,80.26025512037369,148.5471394201669,42.38468091760159,-11.779950954152072,179.15186938361643,354.96968752256527,67
390.0,13.05348363991535,80.2692382321236,127.41349882274017,26.060407978027385,-4.532208909418105,148.94169789134946,297.17436263107294,93
391.0,13.05348363991535,80.27822134387351,160.6460002143789,8.694703355549624,-1.2817439809506248,168.05895958897787,333.7477515353014,76
392.0,13.062527357244923,80.13449155587494,10.70658637074798,0.6343590777441748,-0.4577608439264812,10.883184604565674,33.05349752812129,430
393.0,13.062527357244923,80.14347466762486,63.54147240556388,3.060709718619218,-1.87745360325877,64.72472852092433,136.05819328438469,234
394.0,13.062527357244923,80.15245777937477,144.34556932441873,4.324342576165906,-2.980263307017239,145.68964859356743,290.9528406586944,100
395.0,13.062527357244923,80.16144089112467,216.68311301125283,2.028683791084421,-2.7286341529241147,215.98316264941315,425.43193435275754,42
396.0,13.062527357244923,80.17042400287458,205.54146164442693,0.0,-2.0152473578281285,203.52621428659882,401.60044508201025,52
397.0,13.062527357244923,80.1794071146245,116.16117221569223,0.81032145978874,-3.0928976250920974,113.87859605038888,230.09485720289197,139
398.0,13.062527357244923,80.18839022637441,55.54917780290207,4.223086525326309,-8.147351128415607,51.624913199812774,110.99683000493452,265
399.0,13.062527357244923,80.19737333812432,118.24495195566828,7.983375333375343,-15.118845422271091,111.10948186677254,224.79724232689856,145
400.0,13.062527357244923,80.20635644987422,178.24970721262608,8.449335585400062,-17.561157281039364,169.13788551698678,335.8118535070195,75
401.0,13.062527357244923,80.21533956162413,153.24811950270592,11.000075465814506,-21.26696500856454,142.9812299599559,285.77134293327373,104
402.0,13.062527357244923,80.22432267337405,95.45319802544626,18.215295221615815,-20.093230500631854,93.57526274643021,191.25238505794178,173
403.0,13.062527357244923,80.23330578512396,80.89177913045471,27.146892252630057,-16.22841556859528,91.81025581448948,187.8757359351997,175
404.0,13.062527357244923,80.24228889687387,107.21394039139585,34.79490068225407,-14.740826594998204,127.26801447865174,255.71026254303285,126
405.0,13.062527357244923,80.25127200862377,143.12582587264222,44.35166509020086,-12.43520506378125,175.04228589906185,347.10760992001536,71
406.0,13.062527357244923,80.26025512037369,134.4926239440951,46.16574092339509,-6.056014333562228,174.602350533928,346.26596599337705,72
407.0,13.062527357244923,80.2692382321236,124.30660854500829,29.315374124423453,-1.256119297863794,152.36586337156794,303.72516147251997,88
408.0,13.062527357244923,80.27822134387351,119.58991794650254,11.162682335754901,-0.0,130.75260028225745,262.3766519967711,120
409.0,13.071571074574493,80.13449155587494,10.89149116825674,0.6191335535212759,-0.0,11.510624721778017,34.253858321621784,424
410.0,13.071571074574493,80.14347466762486,69.8141482128847,2.3564659371452814,-1.275900153066719,70.89471399696328,147.8620427016162,221
411.0,13.071571074574493,80.15245777937477,206.06073103455688,4.448786304052913,-3.4657938836625233,207.04372345494727,408.3298204927238,50
412.0,13.071571074574493,80.16144089112467,336.2612722734873,4.194410736747306,-6.335118390630408,334.12056461960424,651.441559304796,9
413.0,13.071571074574493,80.17042400287458,334.146934640951,2.443266452419688,-6.202540214654875,330.38766087871574,644.3001107847655,11
414.0,13.071571074574493,80.1794071146245,208.88531426111507,1.9505545023842346,-3.5881741714087623,207.24769459209054,408.72003933483467,49
415.0,13.071571074574493,80.18839022637441,114.03360187217535,5.921259500392067,-6.372421455691148,113.58243991687627,229.52827849414976,140
416.0,13.071571074574493,80.19737333812432,147.6806853442333,11.315337757525027,-13.91511621416766,145.08090688759066,289.7882519478712,102
417.0,13.071571074574493,80.20635644987422,174.1673859290271,13.603136250071156,-21.099834117340222,166.67068806175803,331.0918379806956,77
418.0,13.071571074574493,80.21533956162413,127.04907551701908,16.401306574528615,-27.84699941771916,115.60338267382852,233.39456052618195,135
419.0,13.071571074574493,80.22432267337405,65.64502857062419,20.654459214080372,-25.28211166938118,61.01737611532339,128.96562723179508,242
420.0,13.071571074574493,80.23330578512396,48.97636524807284,22.65450563470337,-13.39588425522333,58.23498662755288,123.64261526340782,250
421.0,13.071571074574493,80.24228889687387,85.45551054435312,24.40713499760612,-6.357959080345757,103.50468646161349,210.248446359719,161
422.0,13.071571074574493,80.25127200862377,125.7733189575195,28.60100043212851,-4.3902910046856425,149.98402838496236,299.16845357948375,90
423.0,13.071571074574493,80.26025512037369,131.807024542404,26.620811607861498,-1.3426100519942459,157.08522609827125,312.7538127047858,84
424.0,13.071571074574493,80.2692382321236,105.6412751098624,20.291650223099015,-1.4481224600502856,124.48480287291113,250.38567777406766,129
425.0,13.071571074574493,80.27822134387351,72.98980891314318,10.533333941772566,-3.0563747392083354,80.46676811570741,166.17441732065384,198
426.0,13.080614791904065,80.13449155587494,12.383043794833,0.0,-0.0,12.383043794833,35.92289034885321,418
427.0,13.080614791904065,80.14347466762486,42.72330221270439,1.1694712784816645,-0.0,43.892773491186055,96.20441061463481,297
428.0,13.080614791904065,80.15245777937477,138.52092716624543,4.048652788483122,-2.320321618908549,140.24925833582,280.54478579003836,109
429.0,13.080614791904065,80.16144089112467,241.24431174920466,8.190351966560993,-6.453045484594285,242.98161823117135,477.0828994032426,31
430.0,13.080614791904065,80.17042400287458,254.45905604549228,8.177366766578185,-7.918099176779234,254.71832363529123,499.53648600934565,26
431.0,13.080614791904065,80.1794071146245,186.20431953610853,4.507889021019943,-6.102174206616977,184.61003435051148,365.4117473319182,63
432.0,13.080614791904065,80.18839022637441,150.35699922164403,5.496852356380795,-9.28288389011847,146.57096768790637,292.63889938906055,98
433.0,13.080614791904065,80.19737333812432,150.49429546150043,10.456181713203708,-18.17012279577354,142.78035437893058,285.3870462247596,105
434.0,13.080614791904065,80.20635644987422,133.63380778951316,14.687259311952484,-23.63603515195849,124.68503194950715,250.7687376496977,128
435.0,13.080614791904065,80.21533956162413,80.56930399017516,18.588422017269583,-26.474429036182585,72.68329697126215,151.28379534282365,216
436.0,13.080614791904065,80.22432267337405,46.50340232836028,18.51944684364174,-18.82883386250269,46.194015309499335,100.60693506165256,291
437.0,13.080614791904065,80.23330578512396,43.358163392533264,15.522114745728354,-7.803260006161907,51.07701813209971,109.94864749286145,269
438.0,13.080614791904065,80.24228889687387,69.40564137438264,13.79310274830315,-0.9562005954108772,82.24254352727492,169.5716677093893,192
439.0,13.080614791904065,80.25127200862377,95.50868489295591,11.961015644734148,-0.0,107.46970053769006,217.8339470505987,154
440.0,13.080614791904065,80.26025512037369,102.00405202035147,10.425575327132718,-0.8878252409015034,111.54180210658268,225.62431769531844,144
441.0,13.080614791904065,80.2692382321236,91.14212910770942,10.694543335152051,-5.2131259735349635,96.62354646932651,197.08408145103695,169
442.0,13.080614791904065,80.27822134387351,67.64439208167607,13.824081655679153,-9.617832387781837,71.8506413495734,149.6908350979423,218
443.0,13.089658509233635,80.13449155587494,19.602042982795243,0.0,-1.1654635164775506,18.436579466317692,47.50395869748051,390
444.0,13.089658509233635,80.14347466762486,47.753323780651286,0.28743175796282905,-1.6616284772977647,46.379127061316346,100.9610738602435,290
445.0,13.089658509233635,80.15245777937477,80.12167354995866,4.44690543686867,-2.2450769882351693,82.32350199859216,169.72655001959717,191
446.0,13.089658509233635,80.16144089112467,102.15544780495352,11.12529942706687,-4.429466788110606,108.85128044390979,220.47705881062188,152
447.0,13.089658509233635,80.17042400287458,98.48898850785879,12.543228203469914,-4.879278504689099,106.1529382066396,215.31483832102992,156
448.0,13.089658509233635,80.1794071146245,84.34044006541735,6.989242056477389,-5.5056861341196655,85.82399598777508,176.42337355260256,185
449.0,13.089658509233635,80.18839022637441,111.80750744308762,4.878527165995734,-10.611962767572795,106.07407184151056,215.16395843619344,157
450.0,13.089658509233635,80.19737333812432,114.35776860776585,7.797638779783977,-15.495973984780793,106.65943340276904,216.28381840192003,155
451.0,13.089658509233635,80.20635644987422,89.2103124432104,10.073708754957,-18.428407083287286,80.85561411488011,166.91832176557554,196
452.0,13.089658509233635,80.21533956162413,52.044539749120844,11.817023354680478,-16.24947929647636,47.612083807324964,103.31985344317192,284
453.0,13.089658509233635,80.22432267337405,31.33094439535238,9.67994130468508,-9.04271213048369,31.968173569553773,73.39136147824655,342
454.0,13.089658509233635,80.23330578512396,34.15740526514744,6.22519825351961,-3.349700738277442,37.032902780389605,83.080736141433,323
455.0,13.089658509233635,80.24228889687387,54.55162407501818,4.672152248773609,-0.0,59.22377632379179,125.53427687671962,246
456.0,13.089658509233635,80.25127200862377,81.88636336167659,5.260791021787388,-1.150360660594295,85.99679372286967,176.75395430560698,184
457.0,13.089658509233635,80.26025512037369,106.45561305679479,5.871480779441017,-2.191489131819909,110.1356047044159,222.934110003495,146
458.0,13.089658509233635,80.2692382321236,149.0310817356572,8.042357661500631,-8.19589252949879,148.87754686765905,297.0516347856763,94
459.0,13.089658509233635,80.27822134387351,177.85354238880836,15.946787941103114,-12.627342151384187,181.17298817852728,358.8363063342484,65
460.0,13.098702226563207,80.13449155587494,25.262831271279712,0.0,-2.52478168122014,22.73804959005957,55.73313619077432,374
461.0,13.098702226563207,80.14347466762486,53.40445474110314,0.0,-3.5939461901632406,49.8105085509399,107.52567770799757,275
462.0,13.098702226563207,80.15245777937477,77.34617121645654,3.2796307500133306,-3.6060861785407132,77.01971578792916,159.57983346491787,205
463.0,13.098702226563207,80.16144089112467,60.31461126231808,8.962040511844023,-2.989074757139325,66.28757701702278,139.04809145862416,231
464.0,13.098702226563207,80.17042400287458,37.39163135550588,9.725875587300141,-1.4648660967995206,45.6526408460065,99.5712271705691,292
465.0,13.098702226563207,80.1794071146245,27.657873424060725,7.323339927142475,-2.1705645874544794,32.81064876374872,75.00310762718796,339
466.0,13.098702226563207,80.18839022637441,39.84087525766175,5.779922589916523,-5.198060263625694,40.42273758395258,89.56585668603367,309
467.0,13.098702226563207,80.19737333812432,47.430351842376055,5.817440703612315,-6.192649023931622,47.055143522056746,102.2543664517963,286
468.0,13.098702226563207,80.20635644987422,36.90964725528478,3.966336554099229,-6.679232262459965,34.19675154692405,77.65487213991591,333
469.0,13.098702226563207,80.21533956162413,26.697815571108528,4.083186653943031,-6.018439019756978,24.76256320529458,59.6062496608421,368
470.0,13.098702226563207,80.22432267337405,20.866488659003892,3.1469404405860377,-3.7339965137529627,20.279432585836965,51.02953599508639,386
471.0,13.098702226563207,80.23330578512396,22.50790634103087,1.2039325624361448,-0.9869294145291889,22.724909488937826,55.70799775640189,375
472.0,13.098702226563207,80.24228889687387,57.602568984452134,2.196270905401362,-0.48621886571776984,59.31262102413573,125.70424639584598,244
473.0,13.098702226563207,80.25127200862377,120.60848494271222,4.135139085683931,-1.9400236538634794,122.80360037453268,247.16935559506103,131
474.0,13.098702226563207,80.26025512037369,180.49160043279554,3.085068793370413,-2.996787036917607,180.57988218924837,357.7016304402622,66
475.0,13.098702226563207,80.2692382321236,262.4801631643127,4.233322836625302,-6.275615931035988,260.43787006990203,510.47859683135545,25
476.0,13.098702226563207,80.27822134387351,314.01998768767794,10.2049479965982,-8.602471156760295,315.62246452751583,616.0526935060282,14
477.0,13.107745943892779,80.13449155587494,28.84879591113301,2.295644472807732,-2.0100373796061537,29.134403004334587,67.97005195252228,355
478.0,13.107745943892779,80.14347466762486,41.176634940318635,2.416971847372069,-9.221633971373848,34.371972816316855,77.9900893761057,331
479.0,13.107745943892779,80.15245777937477,49.50124342002096,2.197943870046109,-11.76466256464727,39.934524725419806,88.63185269395673,311
480.0,13.107745943892779,80.16144089112467,35.63283797332741,4.185545857209203,-5.747211833210331,34.07117199732629,77.41462488178341,335
481.0,13.107745943892779,80.17042400287458,12.449604679656023,4.005912713342175,-0.7955416478473019,15.659975745150895,42.19201552625955,404
482.0,13.107745943892779,80.1794071146245,5.673123652323907,3.640380496160037,-0.43683838781547074,8.876665760668473,29.21481000151705,440
483.0,13.107745943892779,80.18839022637441,7.788476018892925,4.5164309681623465,-0.814322194777382,11.49058479227789,34.215519769437165,426
484.0,13.107745943892779,80.19737333812432,15.020378703285044,3.786744619025403,-0.5876936091945062,18.21942971311594,47.08852773775838,392
485.0,13.107745943892779,80.20635644987422,15.094052664337385,1.260546174321123,-0.0,16.354598838658507,43.520904618354976,400
486.0,13.107745943892779,80.21533956162413,16.952399197749806,0.0,-1.1037671318097788,15.848632065940027,42.55293546859197,401
487.0,13.107745943892779,80.22432267337405,13.80989149275943,0.0,-0.5134304698672036,13.296461022892226,37.67035628001095,414
488.0,13.107745943892779,80.23330578512396,14.439531736830013,2.2630231368931555,-0.0,16.70255487372317,44.18658214023417,397
489.0,13.107745943892779,80.24228889687387,63.7344217648357,5.059094807455986,-0.0,68.7935165722917,143.84222481176587,224
490.0,13.107745943892779,80.25127200862377,141.39992754363715,6.344163809339052,-1.2023616358147038,146.5417297171615,292.58296398932936,99
491.0,13.107745943892779,80.26025512037369,211.37819995880344,4.544654190204829,-1.8572786801246912,214.06557546888357,421.7633827149479,43
492.0,13.107745943892779,80.2692382321236,263.4764238752663,2.3749747614539167,-2.28413359078741,263.5672650459328,516.4654678227961,24
493.0,13.107745943892779,80.27822134387351,284.8133319186247,2.247546258208531,-2.2059586480299793,284.8549195288033,557.1910528242009,21
494.0,13.116789661222349,80.13449155587494,27.13094331062558,4.990324175925647,-4.610408904574651,27.510858581976574,64.86403590789405,357
495.0,13.116789661222349,80.14347466762486,20.18948189011859,5.602064845959024,-17.1228977839958,8.668648952081814,28.816851352449643,444
496.0,13.116789661222349,80.15245777937477,18.22652957558167,4.288312953526529,-23.346828536329312,-0.8319860072211149,10.64110930845177,642
497.0,13.116789661222349,80.16144089112467,16.078955227510086,3.2323787412674205,-13.899954099915844,5.411379868861664,22.585343366077886,481
498.0,13.116789661222349,80.17042400287458,6.306529987924305,1.5672042410418494,-1.8693502189359372,6.004384010030218,23.71982441361547,473
499.0,13.116789661222349,80.1794071146245,3.311591191179727,0.0,-0.41110152827529234,2.9004896629044348,17.78173888282262,513
500.0,13.116789661222349,80.18839022637441,20.385505673895214,2.163074280968575,-1.718356931725448,20.83022302313834,52.08325766227747,385
501.0,13.116789661222349,80.19737333812432,41.67961756170784,2.0754513686029616,-5.325467646500335,38.42960128381047,85.75277141277637,319
502.0,13.116789661222349,80.20635644987422,37.482561696088595,0.40625825138787586,-5.213496038570726,32.675323908905746,74.74421654629667,340
503.0,13.116789661222349,80.21533956162413,17.38934893071108,0.0,-1.6004147435708171,15.788934187140264,42.43872697091931,402
504.0,13.116789661222349,80.22432267337405,8.442039720965829,0.0,-0.0,8.442039720965829,28.383323388561315,446
505.0,13.116789661222349,80.23330578512396,11.11052138882387,1.9448225641394836,-0.0,13.055343952963353,37.209073251644455,415
506.0,13.116789661222349,80.24228889687387,39.58608915249681,4.754185093903369,-0.0,44.34027424640018,97.06052795059263,294
507.0,13.116789661222349,80.25127200862377,91.5878887523535,5.794534079108363,-0.0,97.38242283146187,198.53589399415057,167
508.0,13.116789661222349,80.26025512037369,119.93652091105608,4.142213033511338,-0.4230117500074363,123.65572219455998,248.7995567823736,130
509.0,13.116789661222349,80.2692382321236,143.97144211614219,1.5009785568150564,-0.0,145.47242067295724,290.53726015626717,101
510.0,13.116789661222349,80.27822134387351,128.49670027683402,0.8082582234975831,-0.0,129.3049585003316,259.60715672481217,122
511.0,13.12583337855192,80.13449155587494,12.849991016316338,3.988081748668237,-3.263301130111255,13.574771634873319,38.20279457630842,412
512.0,13.12583337855192,80.14347466762486,10.343273958405291,5.413220492469951,-16.10909135539967,-0.3525969045244288,11.558232501442847,638
513.0,13.12583337855192,80.15245777937477,10.314781805319644,5.594674541400563,-22.303652406048975,-6.3941960593287686,0.0,646
514.0,13.12583337855192,80.16144089112467,9.036955616522013,4.85719280575829,-13.777685235789702,0.11646318649060028,12.455595178142179,598
515.0,13.12583337855192,80.17042400287458,4.517177290522994,2.376758208914744,-3.80457388597244,3.0893616134652984,18.143071348225842,510
516.0,13.12583337855192,80.1794071146245,3.155704854135732,0.5229326600857478,-1.3251571744483748,2.353480339773105,16.735250895915854,530
517.0,13.12583337855192,80.18839022637441,33.39432568741278,1.5805673180593722,-4.109181129944732,30.865711875527424,71.28223304105819,347
518.0,13.12583337855192,80.19737333812432,66.3361334362601,1.8498956570772787,-10.403927511197363,57.782101582140015,122.77619719806069,252
519.0,13.12583337855192,80.20635644987422,56.52898035400867,0.8383945997174543,-10.201548590278197,47.16582636344792,102.46611469624946,285
520.0,13.12583337855192,80.21533956162413,23.906478445497044,0.0,-3.8740120700315566,20.032466375465486,50.55706292854673,387
521.0,13.12583337855192,80.22432267337405,6.169425493235596,0.0,-0.0,6.169425493235596,24.035566618020702,468
522.0,13.12583337855192,80.23330578512396,3.578135802209722,0.32329737347024057,-0.0,3.9014331756799625,19.696652061441988,496
523.0,13.12583337855192,80.24228889687387,7.231632739118119,1.6810401390957839,-0.0,8.912672878213902,29.28369551107058,439
524.0,13.12583337855192,80.25127200862377,21.118245993344754,2.300221808634801,-0.0,23.418467801979556,57.03484980832429,372
525.0,13.12583337855192,80.26025512037369,30.51127835376981,1.385525224414561,-0.0,31.89680357818437,73.25482296704502,343
526.0,13.12583337855192,80.2692382321236,32.25338566217342,1.225883792769972,-0.0,33.47926945494339,76.282251311846,337
527.0,13.12583337855192,80.27822134387351,35.213408583689954,1.5696575028827275,-0.0,36.78306608657268,82.60277152965773,324
528.0,13.13487709588149,80.13449155587494,1.8043478342277233,1.1716871491324334,-0.0,2.9760349833601567,17.926265250072404,512
529.0,13.13487709588149,80.14347466762486,2.471759996613125,2.222892065530538,-4.7050344505196815,-0.010382388376018348,12.212925876766619,633
530.0,13.13487709588149,80.15245777937477,4.91738755827233,3.4134453636251703,-8.866934654005124,-0.5361017321076247,11.20716792267861,640
531.0,13.13487709588149,80.16144089112467,4.434240023266662,4.111829756146868,-5.206523707557775,3.3395460718557555,18.62170127123637,506
532.0,13.13487709588149,80.17042400287458,1.4373010520410765,1.9320234672719052,-2.8214116831628804,0.5479128361501013,13.281005013461199,586
533.0,13.13487709588149,80.1794071146245,1.2345177094323887,0.39660013930807436,-1.5697812805342728,0.061336568206190156,12.350131996156197,600
534.0,13.13487709588149,80.18839022637441,23.271635570023644,1.1986779604045572,-3.0405965127272614,21.429717017700938,53.230154501148874,379
535.0,13.13487709588149,80.19737333812432,45.68888962902702,1.4029243577097745,-7.7098876774801,39.38192630925669,87.57467216769436,316
536.0,13.13487709588149,80.20635644987422,38.53715447825239,0.6358403263841549,-7.571309933861976,31.60168487077457,72.69022896662125,345
537.0,13.13487709588149,80.21533956162413,14.179544700189641,0.0,-2.8795657610724796,11.299978939117162,33.85087016086198,427
538.0,13.13487709588149,80.22432267337405,3.379561701049978,0.0,-0.0,3.379561701049978,18.69825549704106,504
539.0,13.13487709588149,80.23330578512396,1.8816237664941755,0.0,-0.0,1.8816237664941755,15.832538246243457,545
540.0,13.13487709588149,80.24228889687387,1.3108756429938533,0.0,-0.0,1.3108756429938533,14.740635367196427,563
541.0,13.13487709588149,80.25127200862377,1.0385992675530704,0.2707044241492304,-0.0,1.3093036917023009,14.73762805439014,564
542.0,13.13487709588149,80.26025512037369,2.6535706836190167,0.3636074282984256,-0.0,3.0171781119174423,18.00497650408264,511
543.0,13.13487709588149,80.2692382321236,4.538130280751375,0.36061391916614444,-0.0,4.89874419991752,21.604615896683075,488
544.0,13.13487709588149,80.27822134387351,19.94139521319628,1.1202448715867717,-0.0,21.06164008478305,52.52598352586994,383
545.0,13.143920813211063,80.13449155587494,0.748672198878533,0.0,-0.0,0.748672198878533,13.665079383805926,581
546.0,13.143920813211063,80.14347466762486,2.313678904772333,0.0,-0.0,2.313678904772333,16.659106446765474,532
547.0,13.143920813211063,80.15245777937477,3.166494438553328,1.2316466378579785,-0.43791197579052016,3.9602291006207864,19.809135023848228,495
548.0,13.143920813211063,80.16144089112467,1.9470070412225589,1.4428611583550408,-0.8548763451863837,2.534991854391216,17.0825020514277,524
549.0,13.143920813211063,80.17042400287458,0.6977018350086508,0.6569703519067431,-1.2282348940119316,0.12643729290346228,12.474676722276454,597
550.0,13.143920813211063,80.1794071146245,0.46844854728324237,0.0,-0.6833818456038616,-0.21493329832061925,11.821597866592139,636
551.0,13.143920813211063,80.18839022637441,5.800000722082077,0.33407535758812457,-0.0,6.134076079670201,23.96793936730289,470
552.0,13.143920813211063,80.19737333812432,13.102395093332321,0.3909972260805182,-1.8240909788713626,11.669301340541477,34.5574238520745,423
553.0,13.143920813211063,80.20635644987422,10.561096523767947,0.0,-1.8012272543895693,8.759869269378378,28.991365683697627,443
554.0,13.143920813211063,80.21533956162413,3.6221772443134608,0.0,-0.0,3.6221772443134608,19.16240526693655,501
555.0,13.143920813211063,80.22432267337405,4.0878588814118935,0.0,-0.0,4.0878588814118935,20.05330459595874,493
556.0,13.143920813211063,80.23330578512396,3.873497944844616,0.0,-0.0,3.873497944844616,19.64320894403165,497
557.0,13.143920813211063,80.24228889687387,2.2088895787202905,0.0,-0.0,2.2088895787202905,16.45863313446109,537
558.0,13.143920813211063,80.25127200862377,1.0229238018662852,0.0,-0.0,1.0229238018662852,14.189752356971505,572
559.0,13.143920813211063,80.26025512037369,0.5060210460201306,0.0,-0.0,0.5060210460201306,13.200861488904655,587
560.0,13.143920813211063,80.2692382321236,1.363846263754512,0.0,-0.0,1.363846263754512,14.841973892777125,561
561.0,13.143920813211063,80.27822134387351,10.875538280628685,0.29381462484458615,-0.0,11.169352905473271,33.60096843303934,429
562.0,13.152964530540633,80.13449155587494,1.5112086139484067,0.0,-0.0,1.5112086139484067,15.123894003969147,555
563.0,13.152964530540633,80.14347466762486,2.892534621081927,0.0,-0.0,2.892534621081927,17.766520027584573,514
564.0,13.152964530540633,80.15245777937477,2.7543687554439176,0.0,-0.0,2.7543687554439176,17.502193785825007,519
565.0,13.152964530540633,80.16144089112467,1.1801721532355747,0.0,-0.0,1.1801721532355747,14.490585457451122,569
566.0,13.152964530540633,80.17042400287458,0.0,0.0,-0.0,0.0,12.232788508446655,616
567.0,13.152964530540633,80.1794071146245,1.2023839538717107,0.0,-0.0,1.2023839538717107,14.533079033977796,568
568.0,13.152964530540633,80.18839022637441,4.9125705568471165,0.0,-0.0,4.9125705568471165,21.631067212625336,487
569.0,13.152964530540633,80.19737333812432,7.874572167717549,0.0,-0.0,7.874572167717549,27.29769659515633,452
570.0,13.152964530540633,80.20635644987422,6.858307392872976,0.0,-0.0,6.858307392872976,25.353472185408897,461
571.0,13.152964530540633,80.21533956162413,5.038323927070152,0.0,-0.0,5.038323927070152,21.871647008410367,486
572.0,13.152964530540633,80.22432267337405,5.730828786055994,0.0,-0.0,5.730828786055994,23.19648368880686,474
573.0,13.152964530540633,80.23330578512396,6.455037712527244,0.0,-0.0,6.455037712527244,24.581973678674643,464
574.0,13.152964530540633,80.24228889687387,4.380855907131338,0.0,-0.0,4.380855907131338,20.61383958987729,492
575.0,13.152964530540633,80.25127200862377,1.8346529038607255,0.0,-0.0,1.8346529038607255,15.742677906753864,547
576.0,13.152964530540633,80.26025512037369,0.8447872927385591,0.0,-0.0,0.8447872927385591,13.848957951924563,578
577.0,13.152964530540633,80.2692382321236,0.49485551973685327,0.0,-0.0,0.49485551973685327,13.179500629722122,588
578.0,13.152964530540633,80.27822134387351,1.215396043008471,0.0,-0.0,1.215396043008471,14.557972567580164,567
579.0,13.162008247870205,80.13449155587494,2.247345658804899,0.0,-0.0,2.247345658804899,16.532203774174672,536
580.0,13.162008247870205,80.14347466762486,2.805412966743198,0.0,-0.0,2.805412966743198,17.599846881790615,517
581.0,13.162008247870205,80.15245777937477,1.5906275947985726,0.0,-0.0,1.5906275947985726,15.275831102438168,553
582.0,13.162008247870205,80.16144089112467,0.45672720701873837,0.0,-0.0,0.45672720701873837,13.106557044424305,589
583.0,13.162008247870205,80.17042400287458,0.0,0.0,-0.0,0.0,12.232788508446655,616
584.0,13.162008247870205,80.1794071146245,0.5838089896851295,0.0,-0.0,0.5838089896851295,13.349678236863554,583
585.0,13.162008247870205,80.18839022637441,2.6042444506760773,0.0,-0.0,2.6042444506760773,17.214989756864504,522
586.0,13.162008247870205,80.19737333812432,5.522253472642719,0.0,-0.0,5.522253472642719,22.797456559611295,479
587.0,13.162008247870205,80.20635644987422,8.27550851973776,0.0,-0.0,8.27550851973776,28.064731192485556,447
588.0,13.162008247870205,80.21533956162413,8.856738231334887,0.0,-0.0,8.856738231334887,29.176686483005607,441
589.0,13.162008247870205,80.22432267337405,8.046120949778581,0.0,-0.0,8.046120949778581,27.62588796594994,450
590.0,13.162008247870205,80.23330578512396,6.1808997660667355,0.0,-0.0,6.1808997660667355,24.057518142736114,467
591.0,13.162008247870205,80.24228889687387,3.692926393298177,0.0,-0.0,3.692926393298177,19.29775603952038,500
592.0,13.162008247870205,80.25127200862377,2.248294142454017,0.0,-0.0,2.248294142454017,16.53401832596128,535
593.0,13.162008247870205,80.26025512037369,2.51545791931732,0.0,-0.0,2.51545791931732,17.04513152129701,526
594.0,13.162008247870205,80.2692382321236,1.4735219870887635,0.0,-0.0,1.4735219870887635,15.051795411481015,557
595.0,13.162008247870205,80.27822134387351,5.445515285482337,0.0,-0.0,5.445515285482337,22.650648109362887,480
596.0,13.171051965199776,80.13449155587494,2.7663818362495074,0.0,-0.0,2.7663818362495074,17.525176108460432,518
597.0,13.171051965199776,80.14347466762486,2.2054377620604435,0.0,-0.0,2.2054377620604435,16.452029435922906,538
598.0,13.171051965199776,80.15245777937477,0.4336084085928721,0.0,-0.0,0.4336084085928721,13.062328283046174,593
599.0,13.171051965199776,80.16144089112467,0.0,0.0,-0.0,0.0,12.232788508446655,616
600.0,13.171051965199776,80.17042400287458,0.0,0.0,-0.0,0.0,12.232788508446655,616
601.0,13.171051965199776,80.1794071146245,0.0,0.0,-0.0,0.0,12.232788508446655,616
602.0,13.171051965199776,80.18839022637441,0.5713979697833151,0.0,-0.0,0.5713979697833151,13.325934613705247,584
603.0,13.171051965199776,80.19737333812432,3.1921945997189276,0.0,-0.0,3.1921945997189276,18.339801970943828,509
604.0,13.171051965199776,80.20635644987422,6.625534594139294,0.0,-0.0,6.625534594139294,24.908152650160357,462
605.0,13.171051965199776,80.21533956162413,7.691617694168824,0.0,-0.0,7.691617694168824,26.947684903173478,457
606.0,13.171051965199776,80.22432267337405,5.526858313362106,0.0,-0.0,5.526858313362106,22.80626611785954,478
607.0,13.171051965199776,80.23330578512396,2.3281869074644934,0.0,-0.0,2.3281869074644934,16.68686182476241,531
608.0,13.171051965199776,80.24228889687387,1.3751731369088247,0.0,-0.0,1.3751731369088247,14.863643425971459,560
609.0,13.171051965199776,80.25127200862377,1.8201115486530637,0.0,-0.0,1.8201115486530637,15.714858721788145,548
610.0,13.171051965199776,80.26025512037369,2.75256588471734,0.0,-0.0,2.75256588471734,17.49874469916866,520
611.0,13.171051965199776,80.2692382321236,1.612448336758073,0.0,-0.0,1.612448336758073,15.317576541428659,552
612.0,13.171051965199776,80.27822134387351,6.861360830059072,0.0,-0.0,6.861360830059072,25.359313740934375,460
613.0,13.180095682529346,80.13449155587494,2.496927077224618,0.0,-0.0,2.496927077224618,17.00968001651045,528
614.0,13.180095682529346,80.14347466762486,1.4627265467195119,0.0,-0.0,1.4627265467195119,15.031142566671866,558
615.0,13.180095682529346,80.15245777937477,0.452264430023121,0.0,-0.0,0.452264430023121,13.098019269441927,590
616.0,13.180095682529346,80.16144089112467,0.9595960770065532,0.0,-0.0,0.9595960770065532,14.068599571266725,576
617.0,13.180095682529346,80.17042400287458,0.7887724422081859,0.0,-0.0,0.7887724422081859,13.74179548560159,580
618.0,13.180095682529346,80.1794071146245,0.0,0.3533283572049394,-0.5299925358074091,-0.17666417860246975,11.89481083090742,635
619.0,13.180095682529346,80.18839022637441,0.0,0.0,-0.0,0.0,12.232788508446655,616
620.0,13.180095682529346,80.19737333812432,0.0,0.0,-0.0,0.0,12.232788508446655,616
621.0,13.180095682529346,80.20635644987422,2.5076661547339913,0.0,-0.0,2.5076661547339913,17.030225033073766,527
622.0,13.180095682529346,80.21533956162413,2.829603492947925,0.0,-0.0,2.829603492947925,17.64612597430276,516
623.0,13.180095682529346,80.22432267337405,0.7977768151390425,0.0,-0.0,0.7977768151390425,13.759021824721055,579
624.0,13.180095682529346,80.23330578512396,0.0,0.0,-0.0,0.0,12.232788508446655,616
625.0,13.180095682529346,80.24228889687387,0.0,0.0,-0.0,0.0,12.232788508446655,616
626.0,13.180095682529346,80.25127200862377,1.507231514216142,0.0,-0.0,1.507231514216142,15.116285382111078,556
627.0,13.180095682529346,80.26025512037369,1.8490107298863323,0.0,-0.0,1.8490107298863323,15.770145980548076,546
628.0,13.180095682529346,80.2692382321236,1.457236823972619,0.0,-0.0,1.457236823972619,15.020640133416823,559
629.0,13.180095682529346,80.27822134387351,5.065173442739494,0.0,-0.0,5.065173442739494,21.923013035302535,485
630.0,13.189139399858918,80.13449155587494,3.4023364829894183,0.0,-0.0,3.4023364829894183,18.741826117679864,503
631.0,13.189139399858918,80.14347466762486,3.8076091099050853,0.0,-0.0,3.8076091099050853,19.51715647779435,498
632.0,13.189139399858918,80.15245777937477,2.8830383296013196,0.0,-0.0,2.8830383296013196,17.74835259508501,515
633.0,13.189139399858918,80.16144089112467,2.564151578775917,0.0,-0.0,2.564151578775917,17.138287757410584,523
634.0,13.189139399858918,80.17042400287458,2.107706275820427,0.805112556173111,-1.2076688342596664,1.7051499977338713,15.494924843322565,549
635.0,13.189139399858918,80.1794071146245,0.6712106691782764,1.3784221123425837,-2.0676331685138756,-0.018000386993015205,12.198351821627442,634
636.0,13.189139399858918,80.18839022637441,0.0,0.9143152327034977,-1.3714728490552466,-0.4571576163517489,11.35819655287193,639
637.0,13.189139399858918,80.19737333812432,0.0,0.0,-0.0,0.0,12.232788508446655,616
638.0,13.189139399858918,80.20635644987422,1.9935848268106773,0.0,-0.0,1.9935848268106773,16.04673186172308,544
639.0,13.189139399858918,80.21533956162413,3.7221623829104926,0.0,-0.0,3.7221623829104926,19.353687649130755,499
640.0,13.189139399858918,80.22432267337405,2.065524055642904,0.0,-0.0,2.065524055642904,16.184359385746443,542
641.0,13.189139399858918,80.23330578512396,0.5630927426167562,0.0,-0.0,0.5630927426167562,13.310045816036167,585
642.0,13.189139399858918,80.24228889687387,0.9285583474378659,0.0,-0.0,0.9285583474378659,14.009221038285682,577
643.0,13.189139399858918,80.25127200862377,2.294190215391079,0.0,-0.0,2.294190215391079,16.621822476537528,533
644.0,13.189139399858918,80.26025512037369,2.196006187272694,0.0,-0.0,2.196006187272694,16.433985813455024,540
645.0,13.189139399858918,80.2692382321236,2.3692712371594715,0.0,-0.0,2.3692712371594715,16.76546059019074,529
646.0,13.189139399858918,80.27822134387351,3.265060012526106,0.0,-0.0,3.265060012526106,18.479201385065714,507
